trial_id,status,architecture,variant,hidden_size,num_layers,learning_rate,weight_decay,teacher_forcing_ratio,validation_mae_raw,validation_rmse_raw,best_epoch,best_val_loss_training_scale,epochs_run,duration_seconds,checkpoint_path,device,error
trial_001_8968c74fb7,complete,gru_seq2seq,raw,8,1,0.0001,0.0,0.0,1.4692673054686454,2.219924610352665,54,4.92806531205962,69,235.04305273666978,results/grid_searches/grid_gru_seq2seq_raw_autoLargest_L30_h10_thr10/checkpoints/trial_001_8968c74fb7.pt,cuda:0,
trial_002_0b7717637f,complete,gru_seq2seq,raw,8,1,0.0001,0.0,0.5,1.4996263234609668,2.2833505836362162,49,5.213689940488791,64,221.92470474541187,results/grid_searches/grid_gru_seq2seq_raw_autoLargest_L30_h10_thr10/checkpoints/trial_002_0b7717637f.pt,cuda:1,
trial_003_885a5d2484,complete,gru_seq2seq,raw,8,1,0.0001,1e-05,0.0,1.4693109985554142,2.219499696375626,54,4.926179027557373,69,210.95406544208527,results/grid_searches/grid_gru_seq2seq_raw_autoLargest_L30_h10_thr10/checkpoints/trial_003_885a5d2484.pt,cuda:2,
trial_004_7351123659,complete,gru_seq2seq,raw,8,1,0.0001,1e-05,0.5,1.4996721654423053,2.2825873020687726,49,5.210204916362521,64,181.76664571464062,results/grid_searches/grid_gru_seq2seq_raw_autoLargest_L30_h10_thr10/checkpoints/trial_004_7351123659.pt,cuda:2,
trial_005_b4930211cf,complete,gru_seq2seq,raw,8,1,0.0001,0.0001,0.0,1.4696780504842726,2.2163496814510393,54,4.912205975568747,69,176.95094859227538,results/grid_searches/grid_gru_seq2seq_raw_autoLargest_L30_h10_thr10/checkpoints/trial_005_b4930211cf.pt,cuda:1,
trial_006_1618fcc00d,complete,gru_seq2seq,raw,8,1,0.0001,0.0001,0.5,1.5001519414037465,2.278366447312069,49,5.190953888470614,64,244.55756391212344,results/grid_searches/grid_gru_seq2seq_raw_autoLargest_L30_h10_thr10/checkpoints/trial_006_1618fcc00d.pt,cuda:0,
trial_007_c59b900718,complete,gru_seq2seq,raw,8,1,0.0003,0.0,0.0,1.4455111111804277,2.2174320538288077,19,4.9170049202593065,34,96.37323413044214,results/grid_searches/grid_gru_seq2seq_raw_autoLargest_L30_h10_thr10/checkpoints/trial_007_c59b900718.pt,cuda:2,
trial_008_c02caaf182,complete,gru_seq2seq,raw,8,1,0.0003,0.0,0.5,1.5020383697757616,2.284825895138255,16,5.220429421678374,31,101.70954497531056,results/grid_searches/grid_gru_seq2seq_raw_autoLargest_L30_h10_thr10/checkpoints/trial_008_c02caaf182.pt,cuda:1,
trial_009_9046d11e3c,complete,gru_seq2seq,raw,8,1,0.0003,1e-05,0.0,1.4455404538868726,2.2167331026373422,19,4.913905629628821,34,114.12584934011102,results/grid_searches/grid_gru_seq2seq_raw_autoLargest_L30_h10_thr10/checkpoints/trial_009_9046d11e3c.pt,cuda:0,
trial_010_7d4787f0ab,complete,gru_seq2seq,raw,8,1,0.0003,1e-05,0.5,1.5020763388549603,2.2838220513809553,16,5.215843217584151,31,116.27111933380365,results/grid_searches/grid_gru_seq2seq_raw_autoLargest_L30_h10_thr10/checkpoints/trial_010_7d4787f0ab.pt,cuda:2,
trial_011_bb6ee677fe,complete,gru_seq2seq,raw,8,1,0.0003,0.0001,0.0,1.445844565197071,2.2120887706669667,19,4.893336788008485,34,112.00115745142102,results/grid_searches/grid_gru_seq2seq_raw_autoLargest_L30_h10_thr10/checkpoints/trial_011_bb6ee677fe.pt,cuda:1,
trial_012_54247cabfe,complete,gru_seq2seq,raw,8,1,0.0003,0.0001,0.5,1.5024276535392185,2.2784891576543016,16,5.191513056694707,31,116.2518482580781,results/grid_searches/grid_gru_seq2seq_raw_autoLargest_L30_h10_thr10/checkpoints/trial_012_54247cabfe.pt,cuda:0,
trial_013_4e22c8f1d1,complete,gru_seq2seq,raw,8,1,0.0005,0.0,0.0,1.4707189882791871,2.220653174826263,11,4.931300565864467,26,88.2126811221242,results/grid_searches/grid_gru_seq2seq_raw_autoLargest_L30_h10_thr10/checkpoints/trial_013_4e22c8f1d1.pt,cuda:2,
trial_014_c057dfefc6,complete,gru_seq2seq,raw,8,1,0.0005,0.0,0.5,1.4790279672728686,2.291062284873362,10,5.248966493485849,25,95.24829963967204,results/grid_searches/grid_gru_seq2seq_raw_autoLargest_L30_h10_thr10/checkpoints/trial_014_c057dfefc6.pt,cuda:1,
trial_015_105c40f5c4,complete,gru_seq2seq,raw,8,1,0.0005,1e-05,0.0,1.4707114891434394,2.2199152119034,11,4.92802361717707,26,89.33036943897605,results/grid_searches/grid_gru_seq2seq_raw_autoLargest_L30_h10_thr10/checkpoints/trial_015_105c40f5c4.pt,cuda:2,
trial_016_e6ad257aca,complete,gru_seq2seq,raw,8,1,0.0005,1e-05,0.5,1.4789899666409327,2.2898892286930916,10,5.243592777735071,25,93.00086225941777,results/grid_searches/grid_gru_seq2seq_raw_autoLargest_L30_h10_thr10/checkpoints/trial_016_e6ad257aca.pt,cuda:1,
trial_017_caa1b70936,complete,gru_seq2seq,raw,8,1,0.0005,0.0001,0.0,1.4707357522515179,2.2155605285776603,11,4.908708464344846,26,90.02859696373343,results/grid_searches/grid_gru_seq2seq_raw_autoLargest_L30_h10_thr10/checkpoints/trial_017_caa1b70936.pt,cuda:0,
trial_018_22da5a4283,complete,gru_seq2seq,raw,8,1,0.0005,0.0001,0.5,1.4788646983053488,2.2838115813207294,10,5.215795489202572,25,92.3642674908042,results/grid_searches/grid_gru_seq2seq_raw_autoLargest_L30_h10_thr10/checkpoints/trial_018_22da5a4283.pt,cuda:2,
trial_019_2e07025dde,complete,gru_seq2seq,raw,8,1,0.001,0.0,0.0,1.457474322685901,2.212412722992498,6,4.894770219657994,21,74.24450996890664,results/grid_searches/grid_gru_seq2seq_raw_autoLargest_L30_h10_thr10/checkpoints/trial_019_2e07025dde.pt,cuda:0,
trial_020_1df4e70623,complete,gru_seq2seq,raw,8,1,0.001,0.0,0.5,1.489015836358259,2.2872805691196296,5,5.231652623188647,20,74.96385353431106,results/grid_searches/grid_gru_seq2seq_raw_autoLargest_L30_h10_thr10/checkpoints/trial_020_1df4e70623.pt,cuda:1,
trial_021_3d2350dbf4,complete,gru_seq2seq,raw,8,1,0.001,1e-05,0.0,1.4575238251506906,2.211653916899059,6,4.891413175003438,21,69.79125500842929,results/grid_searches/grid_gru_seq2seq_raw_autoLargest_L30_h10_thr10/checkpoints/trial_021_3d2350dbf4.pt,cuda:0,
trial_022_7a3df59f69,complete,gru_seq2seq,raw,8,1,0.001,1e-05,0.5,1.489062413589298,2.2859406595020477,5,5.225524742995637,20,76.16038750484586,results/grid_searches/grid_gru_seq2seq_raw_autoLargest_L30_h10_thr10/checkpoints/trial_022_7a3df59f69.pt,cuda:2,
trial_023_3b0e49aaea,complete,gru_seq2seq,raw,8,1,0.001,0.0001,0.0,1.4578770726098667,2.2070390063816188,6,4.871021262905265,21,73.3570696786046,results/grid_searches/grid_gru_seq2seq_raw_autoLargest_L30_h10_thr10/checkpoints/trial_023_3b0e49aaea.pt,cuda:1,
trial_024_104bcceb6e,complete,gru_seq2seq,raw,8,1,0.001,0.0001,0.5,1.4898557548290943,2.279371133618236,5,5.195532799974273,20,73.44675514101982,results/grid_searches/grid_gru_seq2seq_raw_autoLargest_L30_h10_thr10/checkpoints/trial_024_104bcceb6e.pt,cuda:0,
trial_025_a3f5e88f30,complete,gru_seq2seq,raw,8,1,0.003,0.0,0.0,1.4381554506879441,2.230669778805833,2,4.975887632973587,17,55.33283656463027,results/grid_searches/grid_gru_seq2seq_raw_autoLargest_L30_h10_thr10/checkpoints/trial_025_a3f5e88f30.pt,cuda:1,
trial_026_809ccbd6d2,complete,gru_seq2seq,raw,8,1,0.003,0.0,0.5,1.4394074346096832,2.3381293796072296,2,5.466849205161952,17,61.80511861294508,results/grid_searches/grid_gru_seq2seq_raw_autoLargest_L30_h10_thr10/checkpoints/trial_026_809ccbd6d2.pt,cuda:2,
trial_027_f627fec8d9,complete,gru_seq2seq,raw,8,1,0.003,1e-05,0.0,1.4381616163659323,2.2293248405165036,2,4.96988925994197,17,55.18395936861634,results/grid_searches/grid_gru_seq2seq_raw_autoLargest_L30_h10_thr10/checkpoints/trial_027_f627fec8d9.pt,cuda:1,
trial_028_56f4f79bc9,complete,gru_seq2seq,raw,8,1,0.003,1e-05,0.5,1.439240955973539,2.33615145049427,2,5.457603666450404,17,62.63529409468174,results/grid_searches/grid_gru_seq2seq_raw_autoLargest_L30_h10_thr10/checkpoints/trial_028_56f4f79bc9.pt,cuda:2,
trial_029_be3de1ff58,complete,gru_seq2seq,raw,8,1,0.003,0.0001,0.0,1.4383748266468697,2.223370159581749,2,4.943374900576434,17,53.69334666803479,results/grid_searches/grid_gru_seq2seq_raw_autoLargest_L30_h10_thr10/checkpoints/trial_029_be3de1ff58.pt,cuda:0,
trial_030_99feef32d3,complete,gru_seq2seq,raw,8,1,0.003,0.0001,0.5,1.4389926721410284,2.3291484937664393,2,5.424932751474501,17,60.20194563269615,results/grid_searches/grid_gru_seq2seq_raw_autoLargest_L30_h10_thr10/checkpoints/trial_030_99feef32d3.pt,cuda:1,
trial_031_813014c584,complete,gru_seq2seq,raw,8,2,0.0001,0.0,0.0,1.4436654768044812,2.199222876489165,62,4.836581360539304,77,276.3424307703972,results/grid_searches/grid_gru_seq2seq_raw_autoLargest_L30_h10_thr10/checkpoints/trial_031_813014c584.pt,cuda:0,
trial_032_766dfec4a4,complete,gru_seq2seq,raw,8,2,0.0001,0.0,0.5,1.4596980187004502,2.2584533117169925,62,5.10061146881007,77,306.9600278325379,results/grid_searches/grid_gru_seq2seq_raw_autoLargest_L30_h10_thr10/checkpoints/trial_032_766dfec4a4.pt,cuda:2,
trial_033_9a00158466,complete,gru_seq2seq,raw,8,2,0.0001,1e-05,0.0,1.4438937768462716,2.198289282188711,62,4.832475697239743,77,279.8820438012481,results/grid_searches/grid_gru_seq2seq_raw_autoLargest_L30_h10_thr10/checkpoints/trial_033_9a00158466.pt,cuda:1,
trial_034_066201eab7,complete,gru_seq2seq,raw,8,2,0.0001,1e-05,0.5,1.4607106211904106,2.253446392588997,62,5.078020642075358,77,306.85790694877505,results/grid_searches/grid_gru_seq2seq_raw_autoLargest_L30_h10_thr10/checkpoints/trial_034_066201eab7.pt,cuda:0,
trial_035_cff56bbf97,complete,gru_seq2seq,raw,8,2,0.0001,0.0001,0.0,1.444920800804526,2.190969534923726,62,4.800347472444365,77,281.48429688066244,results/grid_searches/grid_gru_seq2seq_raw_autoLargest_L30_h10_thr10/checkpoints/trial_035_cff56bbf97.pt,cuda:2,
trial_036_0cbc7631b1,complete,gru_seq2seq,raw,8,2,0.0001,0.0001,0.5,1.4593301666509124,2.236164318175984,62,5.000430950333801,77,305.04056015610695,results/grid_searches/grid_gru_seq2seq_raw_autoLargest_L30_h10_thr10/checkpoints/trial_036_0cbc7631b1.pt,cuda:1,
trial_037_f4c40ff6d4,complete,gru_seq2seq,raw,8,2,0.0003,0.0,0.0,1.4236319011647867,2.2067910877678973,22,4.869927000697655,37,136.50143878534436,results/grid_searches/grid_gru_seq2seq_raw_autoLargest_L30_h10_thr10/checkpoints/trial_037_f4c40ff6d4.pt,cuda:0,
trial_038_652007235f,complete,gru_seq2seq,raw,8,2,0.0003,0.0,0.5,1.4627916914158607,2.2769490536872854,22,5.184497256218632,37,139.23142248019576,results/grid_searches/grid_gru_seq2seq_raw_autoLargest_L30_h10_thr10/checkpoints/trial_038_652007235f.pt,cuda:2,
trial_039_ce9e8106cc,complete,gru_seq2seq,raw,8,2,0.0003,1e-05,0.0,1.4240154659568887,2.2064144638771173,22,4.868264910541003,37,134.76419622823596,results/grid_searches/grid_gru_seq2seq_raw_autoLargest_L30_h10_thr10/checkpoints/trial_039_ce9e8106cc.pt,cuda:1,
trial_040_b7a193a60c,complete,gru_seq2seq,raw,8,2,0.0003,1e-05,0.5,1.4648471636721228,2.2735174935064304,22,5.168881813483902,37,149.76518760621548,results/grid_searches/grid_gru_seq2seq_raw_autoLargest_L30_h10_thr10/checkpoints/trial_040_b7a193a60c.pt,cuda:0,
trial_041_87d44dd1a3,complete,gru_seq2seq,raw,8,2,0.0003,0.0001,0.0,1.4252421898904104,2.1988905803717977,22,4.83511975022811,37,133.99946289137006,results/grid_searches/grid_gru_seq2seq_raw_autoLargest_L30_h10_thr10/checkpoints/trial_041_87d44dd1a3.pt,cuda:2,
trial_042_fb903cf9f1,complete,gru_seq2seq,raw,8,2,0.0003,0.0001,0.5,1.4632358530512717,2.2602450286411853,22,5.108707733395733,37,143.7005060762167,results/grid_searches/grid_gru_seq2seq_raw_autoLargest_L30_h10_thr10/checkpoints/trial_042_fb903cf9f1.pt,cuda:1,
trial_043_b32c783b68,complete,gru_seq2seq,raw,8,2,0.0005,0.0,0.0,1.4454704796673754,2.204941781877977,12,4.861768320542348,27,92.18776287510991,results/grid_searches/grid_gru_seq2seq_raw_autoLargest_L30_h10_thr10/checkpoints/trial_043_b32c783b68.pt,cuda:2,
trial_044_22c97f37a5,complete,gru_seq2seq,raw,8,2,0.0005,0.0,0.5,1.460326452897508,2.2728571815694534,13,5.165879864028738,28,116.11836071312428,results/grid_searches/grid_gru_seq2seq_raw_autoLargest_L30_h10_thr10/checkpoints/trial_044_22c97f37a5.pt,cuda:0,
trial_045_2ae0ad9c13,complete,gru_seq2seq,raw,8,2,0.0005,1e-05,0.0,1.4456762360781432,2.2044011628242766,12,4.859384648407562,27,96.10477519780397,results/grid_searches/grid_gru_seq2seq_raw_autoLargest_L30_h10_thr10/checkpoints/trial_045_2ae0ad9c13.pt,cuda:1,
trial_046_e93df6d3dd,complete,gru_seq2seq,raw,8,2,0.0005,1e-05,0.5,1.4613763181252193,2.2685075855748287,13,5.146126774896549,28,107.65156656131148,results/grid_searches/grid_gru_seq2seq_raw_autoLargest_L30_h10_thr10/checkpoints/trial_046_e93df6d3dd.pt,cuda:2,
trial_047_511ff7aaf0,complete,gru_seq2seq,raw,8,2,0.0005,0.0001,0.0,1.446597575206734,2.199099142075365,12,4.836037187938449,27,100.7459747157991,results/grid_searches/grid_gru_seq2seq_raw_autoLargest_L30_h10_thr10/checkpoints/trial_047_511ff7aaf0.pt,cuda:0,
trial_048_3123baf7a2,complete,gru_seq2seq,raw,8,2,0.0005,0.0001,0.5,1.4608316049781405,2.2542336423864993,13,5.081569440455376,28,110.00233282148838,results/grid_searches/grid_gru_seq2seq_raw_autoLargest_L30_h10_thr10/checkpoints/trial_048_3123baf7a2.pt,cuda:1,
trial_049_db07f61251,complete,gru_seq2seq,raw,8,2,0.001,0.0,0.0,1.4890107247884137,2.2110567785624697,6,4.888772079612635,21,73.65225402638316,results/grid_searches/grid_gru_seq2seq_raw_autoLargest_L30_h10_thr10/checkpoints/trial_049_db07f61251.pt,cuda:2,
trial_050_986b964192,complete,gru_seq2seq,raw,8,2,0.001,0.0,0.5,1.4725700670150639,2.299641004267243,6,5.288348817221726,21,86.79726375639439,results/grid_searches/grid_gru_seq2seq_raw_autoLargest_L30_h10_thr10/checkpoints/trial_050_986b964192.pt,cuda:0,
trial_051_dbf8c89d0d,complete,gru_seq2seq,raw,8,2,0.001,1e-05,0.0,1.4893771067233403,2.2105017313325073,6,4.886318054682092,21,78.54456090554595,results/grid_searches/grid_gru_seq2seq_raw_autoLargest_L30_h10_thr10/checkpoints/trial_051_dbf8c89d0d.pt,cuda:1,
trial_052_7877d3c832,complete,gru_seq2seq,raw,8,2,0.001,1e-05,0.5,1.4728416010671401,2.2913446677296916,6,5.250260554687887,21,83.40547949075699,results/grid_searches/grid_gru_seq2seq_raw_autoLargest_L30_h10_thr10/checkpoints/trial_052_7877d3c832.pt,cuda:2,
trial_053_7c3555d3f4,complete,gru_seq2seq,raw,8,2,0.001,0.0001,0.0,1.4902846314343092,2.204312960533803,6,4.858995566790617,21,77.34329703077674,results/grid_searches/grid_gru_seq2seq_raw_autoLargest_L30_h10_thr10/checkpoints/trial_053_7c3555d3f4.pt,cuda:0,
trial_054_dab4ee0086,complete,gru_seq2seq,raw,8,2,0.001,0.0001,0.5,1.4721998578432618,2.264379038645182,6,5.127412486981742,21,83.76935313269496,results/grid_searches/grid_gru_seq2seq_raw_autoLargest_L30_h10_thr10/checkpoints/trial_054_dab4ee0086.pt,cuda:1,
trial_055_8aa45cb6d0,complete,gru_seq2seq,raw,8,2,0.003,0.0,0.0,1.4766071387606707,2.26327587592505,2,5.122417877897432,17,60.11398161202669,results/grid_searches/grid_gru_seq2seq_raw_autoLargest_L30_h10_thr10/checkpoints/trial_055_8aa45cb6d0.pt,cuda:2,
trial_056_f89b2e7cbb,complete,gru_seq2seq,raw,8,2,0.003,0.0,0.5,1.5025468644546935,2.3455010081872665,2,5.501375215264815,17,68.48647818341851,results/grid_searches/grid_gru_seq2seq_raw_autoLargest_L30_h10_thr10/checkpoints/trial_056_f89b2e7cbb.pt,cuda:0,
trial_057_fe65507358,complete,gru_seq2seq,raw,8,2,0.003,1e-05,0.0,1.4768689561276873,2.2627804512692076,2,5.12017544251454,17,61.978705666959286,results/grid_searches/grid_gru_seq2seq_raw_autoLargest_L30_h10_thr10/checkpoints/trial_057_fe65507358.pt,cuda:1,
trial_058_30d99ce65b,complete,gru_seq2seq,raw,8,2,0.003,1e-05,0.5,1.4365622423278004,2.3238704348339736,5,5.400373769711845,20,76.50243379548192,results/grid_searches/grid_gru_seq2seq_raw_autoLargest_L30_h10_thr10/checkpoints/trial_058_30d99ce65b.pt,cuda:2,
trial_059_bf7d6762ab,complete,gru_seq2seq,raw,8,2,0.003,0.0001,0.0,1.4745620352152404,2.2498478199165253,2,5.061815237093575,17,60.77721308916807,results/grid_searches/grid_gru_seq2seq_raw_autoLargest_L30_h10_thr10/checkpoints/trial_059_bf7d6762ab.pt,cuda:0,
trial_060_4909a2e29d,complete,gru_seq2seq,raw,8,2,0.003,0.0001,0.5,1.5021961347900237,2.3148034519974106,2,5.358315127408957,17,63.6709957793355,results/grid_searches/grid_gru_seq2seq_raw_autoLargest_L30_h10_thr10/checkpoints/trial_060_4909a2e29d.pt,cuda:1,
trial_061_4110b84e87,complete,gru_seq2seq,raw,8,3,0.0001,0.0,0.0,1.4429145532327738,2.1638967309647015,59,4.682449217084088,74,284.8277205862105,results/grid_searches/grid_gru_seq2seq_raw_autoLargest_L30_h10_thr10/checkpoints/trial_061_4110b84e87.pt,cuda:2,
trial_062_ca3a666690,complete,gru_seq2seq,raw,8,3,0.0001,0.0,0.5,1.4557808826250744,2.219464688367878,62,4.926023647453212,77,328.2429084815085,results/grid_searches/grid_gru_seq2seq_raw_autoLargest_L30_h10_thr10/checkpoints/trial_062_ca3a666690.pt,cuda:0,
trial_063_d7f80e8caa,complete,gru_seq2seq,raw,8,3,0.0001,1e-05,0.0,1.443093800081671,2.1636414861150466,59,4.681344593023952,74,285.6988333389163,results/grid_searches/grid_gru_seq2seq_raw_autoLargest_L30_h10_thr10/checkpoints/trial_063_d7f80e8caa.pt,cuda:1,
trial_064_812e8d9528,complete,gru_seq2seq,raw,8,3,0.0001,1e-05,0.5,1.4561775703152902,2.220438928268406,62,4.930349053008647,77,329.756628587842,results/grid_searches/grid_gru_seq2seq_raw_autoLargest_L30_h10_thr10/checkpoints/trial_064_812e8d9528.pt,cuda:2,
trial_065_17489d6966,complete,gru_seq2seq,raw,8,3,0.0001,0.0001,0.0,1.4441788332381202,2.1621696936735195,59,4.674977850008615,74,294.9170321151614,results/grid_searches/grid_gru_seq2seq_raw_autoLargest_L30_h10_thr10/checkpoints/trial_065_17489d6966.pt,cuda:1,
trial_066_6b2a726a4a,complete,gru_seq2seq,raw,8,3,0.0001,0.0001,0.5,1.4594163582002437,2.2304316496719365,62,4.974825530716135,77,336.3453960157931,results/grid_searches/grid_gru_seq2seq_raw_autoLargest_L30_h10_thr10/checkpoints/trial_066_6b2a726a4a.pt,cuda:0,
trial_067_00e5d0b73d,complete,gru_seq2seq,raw,8,3,0.0003,0.0,0.0,1.4333281516170577,2.1802855537192523,20,4.75364518467384,35,136.88572962209582,results/grid_searches/grid_gru_seq2seq_raw_autoLargest_L30_h10_thr10/checkpoints/trial_067_00e5d0b73d.pt,cuda:2,
trial_068_8eec296ce8,complete,gru_seq2seq,raw,8,3,0.0003,0.0,0.5,1.4723703212460761,2.2181172777985783,20,4.920044463193869,35,147.52113239467144,results/grid_searches/grid_gru_seq2seq_raw_autoLargest_L30_h10_thr10/checkpoints/trial_068_8eec296ce8.pt,cuda:1,
trial_069_3f2a42fcbc,complete,gru_seq2seq,raw,8,3,0.0003,1e-05,0.0,1.4335452212798823,2.1797429646191087,20,4.751279581045803,35,142.09656408801675,results/grid_searches/grid_gru_seq2seq_raw_autoLargest_L30_h10_thr10/checkpoints/trial_069_3f2a42fcbc.pt,cuda:0,
trial_070_adcbfa5330,complete,gru_seq2seq,raw,8,3,0.0003,1e-05,0.5,1.4725743292564455,2.2189144315967018,20,4.923581375653231,35,146.6658936701715,results/grid_searches/grid_gru_seq2seq_raw_autoLargest_L30_h10_thr10/checkpoints/trial_070_adcbfa5330.pt,cuda:2,
trial_071_060209cf91,complete,gru_seq2seq,raw,8,3,0.0003,0.0001,0.0,1.434958405174975,2.1743159452759357,20,4.727649901184854,35,140.25939808785915,results/grid_searches/grid_gru_seq2seq_raw_autoLargest_L30_h10_thr10/checkpoints/trial_071_060209cf91.pt,cuda:1,
trial_072_8cf4b85aff,complete,gru_seq2seq,raw,8,3,0.0003,0.0001,0.5,1.4748942916387622,2.227971598395671,20,4.963857545731943,35,153.795813921839,results/grid_searches/grid_gru_seq2seq_raw_autoLargest_L30_h10_thr10/checkpoints/trial_072_8cf4b85aff.pt,cuda:0,
trial_073_8e095c3b8f,complete,gru_seq2seq,raw,8,3,0.0005,0.0,0.0,1.4332655084897068,2.1828002875023627,12,4.7646171352531335,27,101.58394673839211,results/grid_searches/grid_gru_seq2seq_raw_autoLargest_L30_h10_thr10/checkpoints/trial_073_8e095c3b8f.pt,cuda:2,
trial_074_ad501fd634,complete,gru_seq2seq,raw,8,3,0.0005,0.0,0.5,1.4669397484133893,2.20798260434038,12,4.875187322761439,27,113.16622479632497,results/grid_searches/grid_gru_seq2seq_raw_autoLargest_L30_h10_thr10/checkpoints/trial_074_ad501fd634.pt,cuda:1,
trial_075_172c745e5d,complete,gru_seq2seq,raw,8,3,0.0005,1e-05,0.0,1.4334985565997755,2.181927418499446,12,4.760807319834263,27,106.10704585537314,results/grid_searches/grid_gru_seq2seq_raw_autoLargest_L30_h10_thr10/checkpoints/trial_075_172c745e5d.pt,cuda:0,
trial_076_89df59653a,complete,gru_seq2seq,raw,8,3,0.0005,1e-05,0.5,1.466943064219778,2.2080243597753615,12,4.875371710861786,27,111.70547923073173,results/grid_searches/grid_gru_seq2seq_raw_autoLargest_L30_h10_thr10/checkpoints/trial_076_89df59653a.pt,cuda:2,
trial_077_6539d3edbf,complete,gru_seq2seq,raw,8,3,0.0005,0.0001,0.0,1.4349060508542801,2.1756037236775003,12,4.733251673058619,27,104.1150350831449,results/grid_searches/grid_gru_seq2seq_raw_autoLargest_L30_h10_thr10/checkpoints/trial_077_6539d3edbf.pt,cuda:1,
trial_078_2384093df7,complete,gru_seq2seq,raw,8,3,0.0005,0.0001,0.5,1.4702872855612372,2.2143809166813857,12,4.903482945961288,27,114.66731327027082,results/grid_searches/grid_gru_seq2seq_raw_autoLargest_L30_h10_thr10/checkpoints/trial_078_2384093df7.pt,cuda:0,
trial_079_7ed986bd87,complete,gru_seq2seq,raw,8,3,0.001,0.0,0.0,1.5185850750541763,2.2078644570745394,6,4.874665435960021,21,80.42401335388422,results/grid_searches/grid_gru_seq2seq_raw_autoLargest_L30_h10_thr10/checkpoints/trial_079_7ed986bd87.pt,cuda:2,
trial_080_9f7e544b62,complete,gru_seq2seq,raw,8,3,0.001,0.0,0.5,1.5227142108401543,2.2465170520269715,6,5.046839059757281,21,87.32050419226289,results/grid_searches/grid_gru_seq2seq_raw_autoLargest_L30_h10_thr10/checkpoints/trial_080_9f7e544b62.pt,cuda:1,
trial_081_16266e19b6,complete,gru_seq2seq,raw,8,3,0.001,1e-05,0.0,1.5184199962897014,2.2067133958555534,6,4.869584265238122,21,82.05968464165926,results/grid_searches/grid_gru_seq2seq_raw_autoLargest_L30_h10_thr10/checkpoints/trial_081_16266e19b6.pt,cuda:2,
trial_082_9bb7cb4856,complete,gru_seq2seq,raw,8,3,0.001,1e-05,0.5,1.5225290984151107,2.244968009136889,6,5.039881441261195,21,90.55799843370914,results/grid_searches/grid_gru_seq2seq_raw_autoLargest_L30_h10_thr10/checkpoints/trial_082_9bb7cb4856.pt,cuda:0,
trial_083_4eaa263904,complete,gru_seq2seq,raw,8,3,0.001,0.0001,0.0,1.451362561516558,2.1991462891948625,7,4.83624471229843,22,85.30343483388424,results/grid_searches/grid_gru_seq2seq_raw_autoLargest_L30_h10_thr10/checkpoints/trial_083_4eaa263904.pt,cuda:1,
trial_084_1a27312940,complete,gru_seq2seq,raw,8,3,0.001,0.0001,0.5,1.430744959192374,2.2268696116659745,8,4.958948427514185,23,96.11062899976969,results/grid_searches/grid_gru_seq2seq_raw_autoLargest_L30_h10_thr10/checkpoints/trial_084_1a27312940.pt,cuda:2,
trial_085_fb0f3c13f0,complete,gru_seq2seq,raw,8,3,0.003,0.0,0.0,1.4708546870352723,2.2306367386844665,2,4.9757404417931275,17,67.26198476180434,results/grid_searches/grid_gru_seq2seq_raw_autoLargest_L30_h10_thr10/checkpoints/trial_085_fb0f3c13f0.pt,cuda:0,
trial_086_cb7ff10c77,complete,gru_seq2seq,raw,8,3,0.003,0.0,0.5,1.4672503298304127,2.2444353589029316,2,5.037490146974974,17,71.78655803203583,results/grid_searches/grid_gru_seq2seq_raw_autoLargest_L30_h10_thr10/checkpoints/trial_086_cb7ff10c77.pt,cuda:1,
trial_087_e5e2cb5e0e,complete,gru_seq2seq,raw,8,3,0.003,1e-05,0.0,1.4731088294305756,2.2131810717390086,2,4.898170658304721,17,67.67409056797624,results/grid_searches/grid_gru_seq2seq_raw_autoLargest_L30_h10_thr10/checkpoints/trial_087_e5e2cb5e0e.pt,cuda:0,
trial_088_cf7fbbe0cb,complete,gru_seq2seq,raw,8,3,0.003,1e-05,0.5,1.4668041999666375,2.2420187838396237,2,5.026648335517208,17,71.09123212099075,results/grid_searches/grid_gru_seq2seq_raw_autoLargest_L30_h10_thr10/checkpoints/trial_088_cf7fbbe0cb.pt,cuda:2,
trial_089_307950ccbe,complete,gru_seq2seq,raw,8,3,0.003,0.0001,0.0,1.4658449700955727,2.1931425351211797,2,4.80987428049498,17,66.02913998067379,results/grid_searches/grid_gru_seq2seq_raw_autoLargest_L30_h10_thr10/checkpoints/trial_089_307950ccbe.pt,cuda:1,
trial_090_4e6cdbc63f,complete,gru_seq2seq,raw,8,3,0.003,0.0001,0.5,1.4646482321025827,2.223941359729681,2,4.94591524993317,17,80.13488598167896,results/grid_searches/grid_gru_seq2seq_raw_autoLargest_L30_h10_thr10/checkpoints/trial_090_4e6cdbc63f.pt,cuda:0,
trial_091_3d40aa4d47,complete,gru_seq2seq,raw,16,1,0.0001,0.0,0.0,1.4343722217907258,2.1462500045818977,33,4.606389167037191,48,153.02446702122688,results/grid_searches/grid_gru_seq2seq_raw_autoLargest_L30_h10_thr10/checkpoints/trial_091_3d40aa4d47.pt,cuda:2,
trial_092_262f962ccf,complete,gru_seq2seq,raw,16,1,0.0001,0.0,0.5,1.4623036341963311,2.2015723817838055,32,4.84692094416558,47,167.5001940652728,results/grid_searches/grid_gru_seq2seq_raw_autoLargest_L30_h10_thr10/checkpoints/trial_092_262f962ccf.pt,cuda:1,
trial_093_95a6374191,complete,gru_seq2seq,raw,16,1,0.0001,1e-05,0.0,1.4347657406528163,2.145370510702256,33,4.602614687666108,48,162.33576916903257,results/grid_searches/grid_gru_seq2seq_raw_autoLargest_L30_h10_thr10/checkpoints/trial_093_95a6374191.pt,cuda:0,
trial_094_ac38ddec54,complete,gru_seq2seq,raw,16,1,0.0001,1e-05,0.5,1.4626684199867745,2.1996309436527306,32,4.8383763506442685,47,176.1533937267959,results/grid_searches/grid_gru_seq2seq_raw_autoLargest_L30_h10_thr10/checkpoints/trial_094_ac38ddec54.pt,cuda:2,
trial_095_fc9deeb0f2,complete,gru_seq2seq,raw,16,1,0.0001,0.0001,0.0,1.4360926957192677,2.1445103032101978,33,4.598924540266206,48,163.2128251902759,results/grid_searches/grid_gru_seq2seq_raw_autoLargest_L30_h10_thr10/checkpoints/trial_095_fc9deeb0f2.pt,cuda:1,
trial_096_9258054905,complete,gru_seq2seq,raw,16,1,0.0001,0.0001,0.5,1.4646965314627072,2.1965968911494693,32,4.825038019011292,47,178.79441640153527,results/grid_searches/grid_gru_seq2seq_raw_autoLargest_L30_h10_thr10/checkpoints/trial_096_9258054905.pt,cuda:0,
trial_097_807f356888,complete,gru_seq2seq,raw,16,1,0.0003,0.0,0.0,1.412375322973615,2.157540247348623,12,4.654979954490178,27,89.91773250699043,results/grid_searches/grid_gru_seq2seq_raw_autoLargest_L30_h10_thr10/checkpoints/trial_097_807f356888.pt,cuda:2,
trial_098_a333e64d74,complete,gru_seq2seq,raw,16,1,0.0003,0.0,0.5,1.4927453642263064,2.207068590318892,10,4.871151852909523,25,94.07320730015635,results/grid_searches/grid_gru_seq2seq_raw_autoLargest_L30_h10_thr10/checkpoints/trial_098_a333e64d74.pt,cuda:1,
trial_099_afccc054d2,complete,gru_seq2seq,raw,16,1,0.0003,1e-05,0.0,1.4127989594817538,2.1552188268232553,12,4.6449682428867005,27,92.3334452137351,results/grid_searches/grid_gru_seq2seq_raw_autoLargest_L30_h10_thr10/checkpoints/trial_099_afccc054d2.pt,cuda:0,
trial_100_01809550c2,complete,gru_seq2seq,raw,16,1,0.0003,1e-05,0.5,1.4931272123820043,2.2053458195575653,10,4.863550216336794,25,93.54682834818959,results/grid_searches/grid_gru_seq2seq_raw_autoLargest_L30_h10_thr10/checkpoints/trial_100_01809550c2.pt,cuda:2,
trial_101_4eca16fcaa,complete,gru_seq2seq,raw,16,1,0.0003,0.0001,0.0,1.4144560636985528,2.1497969186240584,12,4.621626852735688,27,90.66663230583072,results/grid_searches/grid_gru_seq2seq_raw_autoLargest_L30_h10_thr10/checkpoints/trial_101_4eca16fcaa.pt,cuda:1,
trial_102_f8252858ed,complete,gru_seq2seq,raw,16,1,0.0003,0.0001,0.5,1.4944898860826146,2.2030190798975435,10,4.853293060351022,25,97.3614514991641,results/grid_searches/grid_gru_seq2seq_raw_autoLargest_L30_h10_thr10/checkpoints/trial_102_f8252858ed.pt,cuda:0,
trial_103_91a00acbc2,complete,gru_seq2seq,raw,16,1,0.0005,0.0,0.0,1.4267653366291448,2.1522145627942537,7,4.632027644145338,22,76.80494545772672,results/grid_searches/grid_gru_seq2seq_raw_autoLargest_L30_h10_thr10/checkpoints/trial_103_91a00acbc2.pt,cuda:2,
trial_104_1e39543d7d,complete,gru_seq2seq,raw,16,1,0.0005,0.0,0.5,1.502673836155217,2.208231771774892,6,4.876287577423868,21,80.79540003463626,results/grid_searches/grid_gru_seq2seq_raw_autoLargest_L30_h10_thr10/checkpoints/trial_104_1e39543d7d.pt,cuda:1,
trial_105_a5f6cca789,complete,gru_seq2seq,raw,16,1,0.0005,1e-05,0.0,1.427096255562162,2.150333293486919,7,4.623933378050599,22,74.62110167369246,results/grid_searches/grid_gru_seq2seq_raw_autoLargest_L30_h10_thr10/checkpoints/trial_105_a5f6cca789.pt,cuda:2,
trial_106_fa7f0f3ee7,complete,gru_seq2seq,raw,16,1,0.0005,1e-05,0.5,1.5031454448317048,2.207164583241085,6,4.871575625938705,21,79.799401152879,results/grid_searches/grid_gru_seq2seq_raw_autoLargest_L30_h10_thr10/checkpoints/trial_106_fa7f0f3ee7.pt,cuda:0,
trial_107_ab0230ed63,complete,gru_seq2seq,raw,16,1,0.0005,0.0001,0.0,1.4278311864267799,2.147430807301223,7,4.6114592190030255,22,75.05914113298059,results/grid_searches/grid_gru_seq2seq_raw_autoLargest_L30_h10_thr10/checkpoints/trial_107_ab0230ed63.pt,cuda:1,
trial_108_1e101f163f,complete,gru_seq2seq,raw,16,1,0.0005,0.0001,0.5,1.504458702403722,2.20645309340595,6,4.868435399743575,21,79.98092011362314,results/grid_searches/grid_gru_seq2seq_raw_autoLargest_L30_h10_thr10/checkpoints/trial_108_1e101f163f.pt,cuda:2,
trial_109_8352d023e3,complete,gru_seq2seq,raw,16,1,0.001,0.0,0.0,1.542369167315243,2.2015428356331608,3,4.846790945077244,18,60.88325298205018,results/grid_searches/grid_gru_seq2seq_raw_autoLargest_L30_h10_thr10/checkpoints/trial_109_8352d023e3.pt,cuda:1,
trial_110_fecd4d4892,complete,gru_seq2seq,raw,16,1,0.001,0.0,0.5,1.5356752392093216,2.221482308009544,3,4.9349837339377105,18,69.384840849787,results/grid_searches/grid_gru_seq2seq_raw_autoLargest_L30_h10_thr10/checkpoints/trial_110_fecd4d4892.pt,cuda:0,
trial_111_6648b8efdc,complete,gru_seq2seq,raw,16,1,0.001,1e-05,0.0,1.5431366958054182,2.2014499216528782,3,4.846381859839717,18,59.745643977075815,results/grid_searches/grid_gru_seq2seq_raw_autoLargest_L30_h10_thr10/checkpoints/trial_111_6648b8efdc.pt,cuda:1,
trial_112_e79981eebd,complete,gru_seq2seq,raw,16,1,0.001,1e-05,0.5,1.5363794067171932,2.220138162519573,3,4.929013452650626,18,66.97451477497816,results/grid_searches/grid_gru_seq2seq_raw_autoLargest_L30_h10_thr10/checkpoints/trial_112_e79981eebd.pt,cuda:2,
trial_113_08ca407b3b,complete,gru_seq2seq,raw,16,1,0.001,0.0001,0.0,1.5453739751300102,2.201858406584964,3,4.8481804992579205,18,59.3264480791986,results/grid_searches/grid_gru_seq2seq_raw_autoLargest_L30_h10_thr10/checkpoints/trial_113_08ca407b3b.pt,cuda:0,
trial_114_bfff0396f0,complete,gru_seq2seq,raw,16,1,0.001,0.0001,0.5,1.5386316898210517,2.2181997383409278,3,4.920410150214087,18,67.97666708379984,results/grid_searches/grid_gru_seq2seq_raw_autoLargest_L30_h10_thr10/checkpoints/trial_114_bfff0396f0.pt,cuda:1,
trial_115_96c9b58004,complete,gru_seq2seq,raw,16,1,0.003,0.0,0.0,1.5802169262429204,2.293718930091976,1,5.261146617841117,16,53.224453303962946,results/grid_searches/grid_gru_seq2seq_raw_autoLargest_L30_h10_thr10/checkpoints/trial_115_96c9b58004.pt,cuda:0,
trial_116_e50b5e286e,complete,gru_seq2seq,raw,16,1,0.003,0.0,0.5,1.5596560622129259,2.385445251307568,1,5.690349079083793,16,58.93362092226744,results/grid_searches/grid_gru_seq2seq_raw_autoLargest_L30_h10_thr10/checkpoints/trial_116_e50b5e286e.pt,cuda:2,
trial_117_5bb916e396,complete,gru_seq2seq,raw,16,1,0.003,1e-05,0.0,1.5807224952919952,2.290785049779108,1,5.24769632725776,16,54.64670619741082,results/grid_searches/grid_gru_seq2seq_raw_autoLargest_L30_h10_thr10/checkpoints/trial_117_5bb916e396.pt,cuda:0,
trial_118_5e73b8746d,complete,gru_seq2seq,raw,16,1,0.003,1e-05,0.5,1.5600898023987118,2.3782787989508343,1,5.65621014365667,16,60.862496476620436,results/grid_searches/grid_gru_seq2seq_raw_autoLargest_L30_h10_thr10/checkpoints/trial_118_5e73b8746d.pt,cuda:1,
trial_119_c59b3a0dc6,complete,gru_seq2seq,raw,16,1,0.003,0.0001,0.0,1.5826477251574398,2.282208233441691,1,5.208474557611007,16,52.503979690372944,results/grid_searches/grid_gru_seq2seq_raw_autoLargest_L30_h10_thr10/checkpoints/trial_119_c59b3a0dc6.pt,cuda:2,
trial_120_3c154d7f3a,complete,gru_seq2seq,raw,16,1,0.003,0.0001,0.5,1.5615309050094477,2.34963384583351,1,5.520779287362401,16,54.246003571897745,results/grid_searches/grid_gru_seq2seq_raw_autoLargest_L30_h10_thr10/checkpoints/trial_120_3c154d7f3a.pt,cuda:0,
trial_121_444b8657ed,complete,gru_seq2seq,raw,16,2,0.0001,0.0,0.0,1.4482876600240226,2.136626703218108,27,4.565173682080039,42,150.5508795492351,results/grid_searches/grid_gru_seq2seq_raw_autoLargest_L30_h10_thr10/checkpoints/trial_121_444b8657ed.pt,cuda:1,
trial_122_b174d57ca0,complete,gru_seq2seq,raw,16,2,0.0001,0.0,0.5,1.4362954946041484,2.2151182244736525,29,4.906748886349835,44,171.2778291888535,results/grid_searches/grid_gru_seq2seq_raw_autoLargest_L30_h10_thr10/checkpoints/trial_122_b174d57ca0.pt,cuda:2,
trial_123_cc8890e28e,complete,gru_seq2seq,raw,16,2,0.0001,1e-05,0.0,1.448345636956488,2.1361024710214607,27,4.562933839121952,42,151.9396179318428,results/grid_searches/grid_gru_seq2seq_raw_autoLargest_L30_h10_thr10/checkpoints/trial_123_cc8890e28e.pt,cuda:0,
trial_124_6fe8e18cba,complete,gru_seq2seq,raw,16,2,0.0001,1e-05,0.5,1.4363708131986705,2.2143482781636834,29,4.903338320044022,44,173.77084570005536,results/grid_searches/grid_gru_seq2seq_raw_autoLargest_L30_h10_thr10/checkpoints/trial_124_6fe8e18cba.pt,cuda:1,
trial_125_3c4ee48394,complete,gru_seq2seq,raw,16,2,0.0001,0.0001,0.0,1.448656043392382,2.132712662830192,27,4.548463410969022,42,151.91485637053847,results/grid_searches/grid_gru_seq2seq_raw_autoLargest_L30_h10_thr10/checkpoints/trial_125_3c4ee48394.pt,cuda:2,
trial_126_f822901bb1,complete,gru_seq2seq,raw,16,2,0.0001,0.0001,0.5,1.4361881595180381,2.209872550609693,29,4.883536818057676,44,176.06772595271468,results/grid_searches/grid_gru_seq2seq_raw_autoLargest_L30_h10_thr10/checkpoints/trial_126_f822901bb1.pt,cuda:0,
trial_127_35efb2f8a1,complete,gru_seq2seq,raw,16,2,0.0003,0.0,0.0,1.4513888197618572,2.140188392360153,9,4.580406424365466,24,84.41696196049452,results/grid_searches/grid_gru_seq2seq_raw_autoLargest_L30_h10_thr10/checkpoints/trial_127_35efb2f8a1.pt,cuda:2,
trial_128_877818accf,complete,gru_seq2seq,raw,16,2,0.0003,0.0,0.5,1.4195603381766926,2.2363985390282437,10,5.001478661766535,25,96.97392772510648,results/grid_searches/grid_gru_seq2seq_raw_autoLargest_L30_h10_thr10/checkpoints/trial_128_877818accf.pt,cuda:1,
trial_129_7c5fe3102e,complete,gru_seq2seq,raw,16,2,0.0003,1e-05,0.0,1.4514419915753451,2.1399485675367895,9,4.579380035400391,24,88.65780950710177,results/grid_searches/grid_gru_seq2seq_raw_autoLargest_L30_h10_thr10/checkpoints/trial_129_7c5fe3102e.pt,cuda:0,
trial_130_59d21f6d9e,complete,gru_seq2seq,raw,16,2,0.0003,1e-05,0.5,1.4197811290744362,2.2351636430584887,10,4.9959567245048815,25,97.54976427182555,results/grid_searches/grid_gru_seq2seq_raw_autoLargest_L30_h10_thr10/checkpoints/trial_130_59d21f6d9e.pt,cuda:2,
trial_131_8b62084144,complete,gru_seq2seq,raw,16,2,0.0003,0.0001,0.0,1.451368968691441,2.136524765536757,9,4.56473826637751,24,87.78944443538785,results/grid_searches/grid_gru_seq2seq_raw_autoLargest_L30_h10_thr10/checkpoints/trial_131_8b62084144.pt,cuda:1,
trial_132_f32e0c4515,complete,gru_seq2seq,raw,16,2,0.0003,0.0001,0.5,1.4211399329095324,2.227149253735252,10,4.96019377225562,25,100.29239830374718,results/grid_searches/grid_gru_seq2seq_raw_autoLargest_L30_h10_thr10/checkpoints/trial_132_f32e0c4515.pt,cuda:0,
trial_133_b11b946250,complete,gru_seq2seq,raw,16,2,0.0005,0.0,0.0,1.4505886112445894,2.1541450519918284,6,4.640340948104859,21,72.95811816304922,results/grid_searches/grid_gru_seq2seq_raw_autoLargest_L30_h10_thr10/checkpoints/trial_133_b11b946250.pt,cuda:2,
trial_134_fe323c9e3b,complete,gru_seq2seq,raw,16,2,0.0005,0.0,0.5,1.4363000570039584,2.238378798514581,6,5.0103396934799,21,81.16933305189013,results/grid_searches/grid_gru_seq2seq_raw_autoLargest_L30_h10_thr10/checkpoints/trial_134_fe323c9e3b.pt,cuda:1,
trial_135_dbe6c22607,complete,gru_seq2seq,raw,16,2,0.0005,1e-05,0.0,1.4505305797512396,2.15423072482982,6,4.640710143801532,21,76.91212750226259,results/grid_searches/grid_gru_seq2seq_raw_autoLargest_L30_h10_thr10/checkpoints/trial_135_dbe6c22607.pt,cuda:0,
trial_136_819612056c,complete,gru_seq2seq,raw,16,2,0.0005,1e-05,0.5,1.4367073660947476,2.236974632997318,6,5.004055539867546,21,81.11668004468083,results/grid_searches/grid_gru_seq2seq_raw_autoLargest_L30_h10_thr10/checkpoints/trial_136_819612056c.pt,cuda:2,
trial_137_b5d823c496,complete,gru_seq2seq,raw,16,2,0.0005,0.0001,0.0,1.4506192566180909,2.151149648036409,6,4.62744488052175,21,76.37609604746103,results/grid_searches/grid_gru_seq2seq_raw_autoLargest_L30_h10_thr10/checkpoints/trial_137_b5d823c496.pt,cuda:1,
trial_138_3ac0f46d10,complete,gru_seq2seq,raw,16,2,0.0005,0.0001,0.5,1.4386256990336541,2.228404486405798,6,4.965786658661275,21,84.75004483759403,results/grid_searches/grid_gru_seq2seq_raw_autoLargest_L30_h10_thr10/checkpoints/trial_138_3ac0f46d10.pt,cuda:0,
trial_139_56ebe46a68,complete,gru_seq2seq,raw,16,2,0.001,0.0,0.0,1.5047033722576084,2.203428032223274,3,4.855095039440107,18,63.994495555758476,results/grid_searches/grid_gru_seq2seq_raw_autoLargest_L30_h10_thr10/checkpoints/trial_139_56ebe46a68.pt,cuda:2,
trial_140_595043e886,complete,gru_seq2seq,raw,16,2,0.001,0.0,0.5,1.4673808901606105,2.27496220098718,3,5.175453001336207,18,71.08772879093885,results/grid_searches/grid_gru_seq2seq_raw_autoLargest_L30_h10_thr10/checkpoints/trial_140_595043e886.pt,cuda:1,
trial_141_63bc60dded,complete,gru_seq2seq,raw,16,2,0.001,1e-05,0.0,1.5043456156089714,2.2041100964758593,3,4.858101394508458,18,65.52913842722774,results/grid_searches/grid_gru_seq2seq_raw_autoLargest_L30_h10_thr10/checkpoints/trial_141_63bc60dded.pt,cuda:0,
trial_142_6533d6c041,complete,gru_seq2seq,raw,16,2,0.001,1e-05,0.5,1.4680600518488054,2.2730110217273385,3,5.1665791626218,18,68.58059000596404,results/grid_searches/grid_gru_seq2seq_raw_autoLargest_L30_h10_thr10/checkpoints/trial_142_6533d6c041.pt,cuda:2,
trial_143_baf0a5e941,complete,gru_seq2seq,raw,16,2,0.001,0.0001,0.0,1.5021799051318365,2.2007468596265043,3,4.8432869476608085,18,63.54240068048239,results/grid_searches/grid_gru_seq2seq_raw_autoLargest_L30_h10_thr10/checkpoints/trial_143_baf0a5e941.pt,cuda:1,
trial_144_ff688101dc,complete,gru_seq2seq,raw,16,2,0.001,0.0001,0.5,1.4708912125729685,2.2602297283890125,3,5.108638427830949,18,71.55722453445196,results/grid_searches/grid_gru_seq2seq_raw_autoLargest_L30_h10_thr10/checkpoints/trial_144_ff688101dc.pt,cuda:0,
trial_145_38f57c69f0,complete,gru_seq2seq,raw,16,2,0.003,0.0,0.0,1.5191622513523206,2.223518945616819,1,4.944036524808859,16,56.50175355374813,results/grid_searches/grid_gru_seq2seq_raw_autoLargest_L30_h10_thr10/checkpoints/trial_145_38f57c69f0.pt,cuda:2,
trial_146_20e297de8d,complete,gru_seq2seq,raw,16,2,0.003,0.0,0.5,1.5202691079544115,2.404665282355167,1,5.782415391825422,16,62.98897282034159,results/grid_searches/grid_gru_seq2seq_raw_autoLargest_L30_h10_thr10/checkpoints/trial_146_20e297de8d.pt,cuda:1,
trial_147_f48e737d2e,complete,gru_seq2seq,raw,16,2,0.003,1e-05,0.0,1.5195404199171292,2.223092327371744,1,4.942139716088017,16,57.03787172213197,results/grid_searches/grid_gru_seq2seq_raw_autoLargest_L30_h10_thr10/checkpoints/trial_147_f48e737d2e.pt,cuda:2,
trial_148_a39e617ae0,complete,gru_seq2seq,raw,16,2,0.003,1e-05,0.5,1.5201552646673178,2.4042741327050154,1,5.780534284929686,16,62.38183777034283,results/grid_searches/grid_gru_seq2seq_raw_autoLargest_L30_h10_thr10/checkpoints/trial_148_a39e617ae0.pt,cuda:0,
trial_149_225dee1daa,complete,gru_seq2seq,raw,16,2,0.003,0.0001,0.0,1.5230712709377838,2.225402992022732,1,4.952418513237675,16,56.99245033040643,results/grid_searches/grid_gru_seq2seq_raw_autoLargest_L30_h10_thr10/checkpoints/trial_149_225dee1daa.pt,cuda:1,
trial_150_b8e6eca2ec,complete,gru_seq2seq,raw,16,2,0.003,0.0001,0.5,1.51371790978586,2.3932767641959574,1,5.727773908421963,16,58.95293179154396,results/grid_searches/grid_gru_seq2seq_raw_autoLargest_L30_h10_thr10/checkpoints/trial_150_b8e6eca2ec.pt,cuda:2,
trial_151_50baaafd2c,complete,gru_seq2seq,raw,16,3,0.0001,0.0,0.0,1.4619913937028828,2.199869594530501,26,4.839426470406448,41,159.68056001514196,results/grid_searches/grid_gru_seq2seq_raw_autoLargest_L30_h10_thr10/checkpoints/trial_151_50baaafd2c.pt,cuda:1,
trial_152_4dc0ad44b2,complete,gru_seq2seq,raw,16,3,0.0001,0.0,0.5,1.4908741410783952,2.235261013618442,26,4.996391882473909,41,174.062981788069,results/grid_searches/grid_gru_seq2seq_raw_autoLargest_L30_h10_thr10/checkpoints/trial_152_4dc0ad44b2.pt,cuda:0,
trial_153_025d17fe57,complete,gru_seq2seq,raw,16,3,0.0001,1e-05,0.0,1.462066674233426,2.1983763725046286,26,4.832858690430847,41,158.46171141043305,results/grid_searches/grid_gru_seq2seq_raw_autoLargest_L30_h10_thr10/checkpoints/trial_153_025d17fe57.pt,cuda:2,
trial_154_333b095e55,complete,gru_seq2seq,raw,16,3,0.0001,1e-05,0.5,1.5314151456923801,2.2355575329226345,23,4.997717643085914,38,159.27960735559464,results/grid_searches/grid_gru_seq2seq_raw_autoLargest_L30_h10_thr10/checkpoints/trial_154_333b095e55.pt,cuda:1,
trial_155_d2c45af2ed,complete,gru_seq2seq,raw,16,3,0.0001,0.0001,0.0,1.462880808432834,2.1819101745130998,26,4.760732047165496,41,163.28146160393953,results/grid_searches/grid_gru_seq2seq_raw_autoLargest_L30_h10_thr10/checkpoints/trial_155_d2c45af2ed.pt,cuda:0,
trial_156_b953359b95,complete,gru_seq2seq,raw,16,3,0.0001,0.0001,0.5,1.5324361950922993,2.243696794641724,23,5.034175413469725,38,158.510497815907,results/grid_searches/grid_gru_seq2seq_raw_autoLargest_L30_h10_thr10/checkpoints/trial_156_b953359b95.pt,cuda:2,
trial_157_1123428c64,complete,gru_seq2seq,raw,16,3,0.0003,0.0,0.0,1.4506592457439704,2.1972496313969425,9,4.82790603939491,24,92.03751567751169,results/grid_searches/grid_gru_seq2seq_raw_autoLargest_L30_h10_thr10/checkpoints/trial_157_1123428c64.pt,cuda:1,
trial_158_6ac08a0f74,complete,gru_seq2seq,raw,16,3,0.0003,0.0,0.5,1.514623799977612,2.2154853593992927,8,4.908375418337085,23,98.74597825109959,results/grid_searches/grid_gru_seq2seq_raw_autoLargest_L30_h10_thr10/checkpoints/trial_158_6ac08a0f74.pt,cuda:0,
trial_159_264cefff8f,complete,gru_seq2seq,raw,16,3,0.0003,1e-05,0.0,1.4506522133993573,2.1954342387465156,9,4.8199315016782736,24,91.63675516471267,results/grid_searches/grid_gru_seq2seq_raw_autoLargest_L30_h10_thr10/checkpoints/trial_159_264cefff8f.pt,cuda:2,
trial_160_13d687b23c,complete,gru_seq2seq,raw,16,3,0.0003,1e-05,0.5,1.5146459988334888,2.215055602798929,8,4.906471467923515,23,99.91380323842168,results/grid_searches/grid_gru_seq2seq_raw_autoLargest_L30_h10_thr10/checkpoints/trial_160_13d687b23c.pt,cuda:1,
trial_161_7263a009d0,complete,gru_seq2seq,raw,16,3,0.0003,0.0001,0.0,1.4505367503522695,2.1788635562733236,9,4.747446584097947,24,95.72442208975554,results/grid_searches/grid_gru_seq2seq_raw_autoLargest_L30_h10_thr10/checkpoints/trial_161_7263a009d0.pt,cuda:0,
trial_162_bcb669fcb7,complete,gru_seq2seq,raw,16,3,0.0003,0.0001,0.5,1.5145401829490557,2.2188072077391623,8,4.923105597194237,23,95.61819414049387,results/grid_searches/grid_gru_seq2seq_raw_autoLargest_L30_h10_thr10/checkpoints/trial_162_bcb669fcb7.pt,cuda:2,
trial_163_16cc28a838,complete,gru_seq2seq,raw,16,3,0.0005,0.0,0.0,1.4622294564498,2.2128098062382597,6,4.896527440638482,21,81.46898394823074,results/grid_searches/grid_gru_seq2seq_raw_autoLargest_L30_h10_thr10/checkpoints/trial_163_16cc28a838.pt,cuda:1,
trial_164_e454dca315,complete,gru_seq2seq,raw,16,3,0.0005,0.0,0.5,1.5430967187664555,2.2149607182205893,5,4.906051071987877,20,84.32969922199845,results/grid_searches/grid_gru_seq2seq_raw_autoLargest_L30_h10_thr10/checkpoints/trial_164_e454dca315.pt,cuda:0,
trial_165_948efdafcd,complete,gru_seq2seq,raw,16,3,0.0005,1e-05,0.0,1.4624015833541184,2.2108658252732294,6,4.887927828559393,21,80.72173647210002,results/grid_searches/grid_gru_seq2seq_raw_autoLargest_L30_h10_thr10/checkpoints/trial_165_948efdafcd.pt,cuda:2,
trial_166_c6cca9c57b,complete,gru_seq2seq,raw,16,3,0.0005,1e-05,0.5,1.542739453105421,2.214366507123096,5,4.90341897372958,20,85.35196872800589,results/grid_searches/grid_gru_seq2seq_raw_autoLargest_L30_h10_thr10/checkpoints/trial_166_c6cca9c57b.pt,cuda:1,
trial_167_7ada1f1846,complete,gru_seq2seq,raw,16,3,0.0005,0.0001,0.0,1.464222372725983,2.1967861284535335,6,4.825869367696062,21,85.24703007936478,results/grid_searches/grid_gru_seq2seq_raw_autoLargest_L30_h10_thr10/checkpoints/trial_167_7ada1f1846.pt,cuda:0,
trial_168_d2cd307d71,complete,gru_seq2seq,raw,16,3,0.0005,0.0001,0.5,1.5425251633466421,2.2206128002311574,5,4.931121328812611,20,83.73035851866007,results/grid_searches/grid_gru_seq2seq_raw_autoLargest_L30_h10_thr10/checkpoints/trial_168_d2cd307d71.pt,cuda:2,
trial_169_8db12c5fd0,complete,gru_seq2seq,raw,16,3,0.001,0.0,0.0,1.4767764760619855,2.230696540041757,3,4.976007076456577,18,69.23517800867558,results/grid_searches/grid_gru_seq2seq_raw_autoLargest_L30_h10_thr10/checkpoints/trial_169_8db12c5fd0.pt,cuda:1,
trial_170_ea1202e18d,complete,gru_seq2seq,raw,16,3,0.001,0.0,0.5,1.5301539680408904,2.3108280468183064,3,5.339926454688929,18,78.98188240453601,results/grid_searches/grid_gru_seq2seq_raw_autoLargest_L30_h10_thr10/checkpoints/trial_170_ea1202e18d.pt,cuda:0,
trial_171_8cbaa29b08,complete,gru_seq2seq,raw,16,3,0.001,1e-05,0.0,1.477031937366988,2.230390348760666,3,4.974641166759443,18,72.78979186341166,results/grid_searches/grid_gru_seq2seq_raw_autoLargest_L30_h10_thr10/checkpoints/trial_171_8cbaa29b08.pt,cuda:2,
trial_172_fb90858ec2,complete,gru_seq2seq,raw,16,3,0.001,1e-05,0.5,1.5304384423745208,2.3052196010229324,3,5.314037539083746,18,75.75295327231288,results/grid_searches/grid_gru_seq2seq_raw_autoLargest_L30_h10_thr10/checkpoints/trial_172_fb90858ec2.pt,cuda:1,
trial_173_f6f2d3cb1d,complete,gru_seq2seq,raw,16,3,0.001,0.0001,0.0,1.478301654677791,2.2278266523126513,3,4.96321164445032,18,71.70939028263092,results/grid_searches/grid_gru_seq2seq_raw_autoLargest_L30_h10_thr10/checkpoints/trial_173_f6f2d3cb1d.pt,cuda:0,
trial_174_2c3cecafac,complete,gru_seq2seq,raw,16,3,0.001,0.0001,0.5,1.5311595439090382,2.258558390717743,3,5.101086041897158,18,75.12214099243283,results/grid_searches/grid_gru_seq2seq_raw_autoLargest_L30_h10_thr10/checkpoints/trial_174_2c3cecafac.pt,cuda:2,
trial_175_2963b14b26,complete,gru_seq2seq,raw,16,3,0.003,0.0,0.0,1.6171945885285923,2.2198304730514735,1,4.927647305742095,16,61.177278600633144,results/grid_searches/grid_gru_seq2seq_raw_autoLargest_L30_h10_thr10/checkpoints/trial_175_2963b14b26.pt,cuda:1,
trial_176_18a0668bad,complete,gru_seq2seq,raw,16,3,0.003,0.0,0.5,1.4620549013088397,2.1820294101357636,1,4.761252664010736,16,67.68581066280603,results/grid_searches/grid_gru_seq2seq_raw_autoLargest_L30_h10_thr10/checkpoints/trial_176_18a0668bad.pt,cuda:0,
trial_177_4444f0033a,complete,gru_seq2seq,raw,16,3,0.003,1e-05,0.0,1.6041360767893023,2.2113826073858296,1,4.890213093576552,16,61.42256134748459,results/grid_searches/grid_gru_seq2seq_raw_autoLargest_L30_h10_thr10/checkpoints/trial_177_4444f0033a.pt,cuda:2,
trial_178_2a9ce7e69a,complete,gru_seq2seq,raw,16,3,0.003,1e-05,0.5,1.4631206798110203,2.1819736495997573,1,4.761008975475649,16,67.10182170942426,results/grid_searches/grid_gru_seq2seq_raw_autoLargest_L30_h10_thr10/checkpoints/trial_178_2a9ce7e69a.pt,cuda:1,
trial_179_a11626e54c,complete,gru_seq2seq,raw,16,3,0.003,0.0001,0.0,1.6017314213806693,2.205244450871001,1,4.863103282300732,16,64.36563860625029,results/grid_searches/grid_gru_seq2seq_raw_autoLargest_L30_h10_thr10/checkpoints/trial_179_a11626e54c.pt,cuda:0,
trial_180_93a8a2eecc,complete,gru_seq2seq,raw,16,3,0.003,0.0001,0.5,1.4604575321012283,2.1686104360268823,1,4.702871379369422,16,68.5560480505228,results/grid_searches/grid_gru_seq2seq_raw_autoLargest_L30_h10_thr10/checkpoints/trial_180_93a8a2eecc.pt,cuda:2,
trial_181_1c35f5b485,complete,gru_seq2seq,raw,32,1,0.0001,0.0,0.0,1.444432118156854,2.1642916777630044,15,4.684158578100083,30,91.96321419999003,results/grid_searches/grid_gru_seq2seq_raw_autoLargest_L30_h10_thr10/checkpoints/trial_181_1c35f5b485.pt,cuda:1,
trial_182_feb187d01b,complete,gru_seq2seq,raw,32,1,0.0001,0.0,0.5,1.4453633332375107,2.20006828695457,15,4.840300490584554,30,113.16577078402042,results/grid_searches/grid_gru_seq2seq_raw_autoLargest_L30_h10_thr10/checkpoints/trial_182_feb187d01b.pt,cuda:0,
trial_183_20ab2be0d1,complete,gru_seq2seq,raw,32,1,0.0001,1e-05,0.0,1.4444579945193439,2.163953550190215,15,4.682695118988616,30,98.61564316228032,results/grid_searches/grid_gru_seq2seq_raw_autoLargest_L30_h10_thr10/checkpoints/trial_183_20ab2be0d1.pt,cuda:2,
trial_184_a9b40d5482,complete,gru_seq2seq,raw,32,1,0.0001,1e-05,0.5,1.445410035853333,2.199656459385348,15,4.838488655452487,30,115.17694728821516,results/grid_searches/grid_gru_seq2seq_raw_autoLargest_L30_h10_thr10/checkpoints/trial_184_a9b40d5482.pt,cuda:1,
trial_185_03d162f4ed,complete,gru_seq2seq,raw,32,1,0.0001,0.0001,0.0,1.4450622871357806,2.1612683012067704,15,4.671080769768244,30,100.6094621270895,results/grid_searches/grid_gru_seq2seq_raw_autoLargest_L30_h10_thr10/checkpoints/trial_185_03d162f4ed.pt,cuda:2,
trial_186_7f15b5e019,complete,gru_seq2seq,raw,32,1,0.0001,0.0001,0.5,1.4464416204157131,2.1965724510846787,15,4.824930531465554,30,117.04159964621067,results/grid_searches/grid_gru_seq2seq_raw_autoLargest_L30_h10_thr10/checkpoints/trial_186_7f15b5e019.pt,cuda:0,
trial_187_763b757929,complete,gru_seq2seq,raw,32,1,0.0003,0.0,0.0,1.4782008819376367,2.1900021455579473,5,4.796109552021268,20,67.48919403553009,results/grid_searches/grid_gru_seq2seq_raw_autoLargest_L30_h10_thr10/checkpoints/trial_187_763b757929.pt,cuda:1,
trial_188_fb698d83bb,complete,gru_seq2seq,raw,32,1,0.0003,0.0,0.5,1.4847164266066084,2.2207770936648763,5,4.931850882421566,20,73.13980787992477,results/grid_searches/grid_gru_seq2seq_raw_autoLargest_L30_h10_thr10/checkpoints/trial_188_fb698d83bb.pt,cuda:2,
trial_189_884092de1b,complete,gru_seq2seq,raw,32,1,0.0003,1e-05,0.0,1.4781856805680296,2.189487940658738,5,4.7938575497156455,20,68.25942874327302,results/grid_searches/grid_gru_seq2seq_raw_autoLargest_L30_h10_thr10/checkpoints/trial_189_884092de1b.pt,cuda:0,
trial_190_0a6ce86045,complete,gru_seq2seq,raw,32,1,0.0003,1e-05,0.5,1.4847625898682997,2.2202549468939003,5,4.929532083076767,20,74.57204301655293,results/grid_searches/grid_gru_seq2seq_raw_autoLargest_L30_h10_thr10/checkpoints/trial_190_0a6ce86045.pt,cuda:1,
trial_191_8429148e92,complete,gru_seq2seq,raw,32,1,0.0003,0.0001,0.0,1.4783621825438134,2.1852768322307363,5,4.77543491110017,20,64.75912878662348,results/grid_searches/grid_gru_seq2seq_raw_autoLargest_L30_h10_thr10/checkpoints/trial_191_8429148e92.pt,cuda:2,
trial_192_50de16067d,complete,gru_seq2seq,raw,32,1,0.0003,0.0001,0.5,1.486735474911483,2.216802430639842,5,4.914213079742239,20,75.09192195162177,results/grid_searches/grid_gru_seq2seq_raw_autoLargest_L30_h10_thr10/checkpoints/trial_192_50de16067d.pt,cuda:0,
trial_193_44506366fb,complete,gru_seq2seq,raw,32,1,0.0005,0.0,0.0,1.57413389749825,2.2445385685569934,3,5.037953446786615,18,59.62115390226245,results/grid_searches/grid_gru_seq2seq_raw_autoLargest_L30_h10_thr10/checkpoints/trial_193_44506366fb.pt,cuda:1,
trial_194_3912166bb8,complete,gru_seq2seq,raw,32,1,0.0005,0.0,0.5,1.5668687939445807,2.268391143823844,3,5.145598524431639,18,68.61172910779715,results/grid_searches/grid_gru_seq2seq_raw_autoLargest_L30_h10_thr10/checkpoints/trial_194_3912166bb8.pt,cuda:2,
trial_195_febca22dbb,complete,gru_seq2seq,raw,32,1,0.0005,1e-05,0.0,1.5741629450240089,2.244064274350217,3,5.035824530034126,18,62.11229567229748,results/grid_searches/grid_gru_seq2seq_raw_autoLargest_L30_h10_thr10/checkpoints/trial_195_febca22dbb.pt,cuda:0,
trial_196_ec04956420,complete,gru_seq2seq,raw,32,1,0.0005,1e-05,0.5,1.5668326028285524,2.2679620709979753,3,5.143651944776124,18,68.78009048849344,results/grid_searches/grid_gru_seq2seq_raw_autoLargest_L30_h10_thr10/checkpoints/trial_196_ec04956420.pt,cuda:1,
trial_197_3898a4e32c,complete,gru_seq2seq,raw,32,1,0.0005,0.0001,0.0,1.574931710790607,2.2395265977176804,3,5.015479463866995,18,59.11023173481226,results/grid_searches/grid_gru_seq2seq_raw_autoLargest_L30_h10_thr10/checkpoints/trial_197_3898a4e32c.pt,cuda:2,
trial_198_900ddccb1f,complete,gru_seq2seq,raw,32,1,0.0005,0.0001,0.5,1.5672757031070659,2.2646432085191313,3,5.12860893720313,18,68.615349650383,results/grid_searches/grid_gru_seq2seq_raw_autoLargest_L30_h10_thr10/checkpoints/trial_198_900ddccb1f.pt,cuda:0,
trial_199_1b98cb81d2,complete,gru_seq2seq,raw,32,1,0.001,0.0,0.0,1.4705468602818024,2.3162374121855756,2,5.364955851096141,17,57.57681433483958,results/grid_searches/grid_gru_seq2seq_raw_autoLargest_L30_h10_thr10/checkpoints/trial_199_1b98cb81d2.pt,cuda:1,
trial_200_03644d2ae8,complete,gru_seq2seq,raw,32,1,0.001,0.0,0.5,1.444806340322653,2.3962664394099025,2,5.7420929329304755,17,63.47395080327988,results/grid_searches/grid_gru_seq2seq_raw_autoLargest_L30_h10_thr10/checkpoints/trial_200_03644d2ae8.pt,cuda:2,
trial_201_900d7c3b19,complete,gru_seq2seq,raw,32,1,0.001,1e-05,0.0,1.4706630543119545,2.316153069527338,2,5.364565111111991,17,58.05213278159499,results/grid_searches/grid_gru_seq2seq_raw_autoLargest_L30_h10_thr10/checkpoints/trial_201_900d7c3b19.pt,cuda:1,
trial_202_4dedeb7a53,complete,gru_seq2seq,raw,32,1,0.001,1e-05,0.5,1.444793944479544,2.39600168961581,2,5.740824183029464,17,64.52666204422712,results/grid_searches/grid_gru_seq2seq_raw_autoLargest_L30_h10_thr10/checkpoints/trial_202_4dedeb7a53.pt,cuda:0,
trial_203_fcd9d79040,complete,gru_seq2seq,raw,32,1,0.001,0.0001,0.0,1.4717270448851056,2.315373110142034,2,5.360952558094942,17,56.613065645098686,results/grid_searches/grid_gru_seq2seq_raw_autoLargest_L30_h10_thr10/checkpoints/trial_203_fcd9d79040.pt,cuda:2,
trial_204_62ffdfcbff,complete,gru_seq2seq,raw,32,1,0.001,0.0001,0.5,1.4461116500047944,2.394911507155167,2,5.735601091686683,17,64.14748454838991,results/grid_searches/grid_gru_seq2seq_raw_autoLargest_L30_h10_thr10/checkpoints/trial_204_62ffdfcbff.pt,cuda:1,
trial_205_7cab30c557,complete,gru_seq2seq,raw,32,1,0.003,0.0,0.0,1.4460397373771743,2.2459606486460038,22,5.044339209568651,37,125.18059573695064,results/grid_searches/grid_gru_seq2seq_raw_autoLargest_L30_h10_thr10/checkpoints/trial_205_7cab30c557.pt,cuda:0,
trial_206_e0d8e65f53,complete,gru_seq2seq,raw,32,1,0.003,0.0,0.5,1.4879887731703398,2.3126719027468665,41,5.348451410969601,56,206.00374986231327,results/grid_searches/grid_gru_seq2seq_raw_autoLargest_L30_h10_thr10/checkpoints/trial_206_e0d8e65f53.pt,cuda:2,
trial_207_715142e85c,complete,gru_seq2seq,raw,32,1,0.003,1e-05,0.0,1.436744064538728,2.2475348995546245,32,5.0514133254184,47,160.43542227894068,results/grid_searches/grid_gru_seq2seq_raw_autoLargest_L30_h10_thr10/checkpoints/trial_207_715142e85c.pt,cuda:1,
trial_208_1c0ef410e4,complete,gru_seq2seq,raw,32,1,0.003,1e-05,0.5,1.5052246903382902,2.392735756336005,8,5.725184462643877,23,88.85419789329171,results/grid_searches/grid_gru_seq2seq_raw_autoLargest_L30_h10_thr10/checkpoints/trial_208_1c0ef410e4.pt,cuda:0,
trial_209_9dd5109406,complete,gru_seq2seq,raw,32,1,0.003,0.0001,0.0,1.4216213406952498,2.2987217115537693,6,5.2841216150718395,21,66.43482466414571,results/grid_searches/grid_gru_seq2seq_raw_autoLargest_L30_h10_thr10/checkpoints/trial_209_9dd5109406.pt,cuda:0,
trial_210_5e5fb5e02f,complete,gru_seq2seq,raw,32,1,0.003,0.0001,0.5,1.4546956164710507,2.380656253679805,11,5.667524447923975,26,93.95487749576569,results/grid_searches/grid_gru_seq2seq_raw_autoLargest_L30_h10_thr10/checkpoints/trial_210_5e5fb5e02f.pt,cuda:1,
trial_211_697d7602e7,complete,gru_seq2seq,raw,32,2,0.0001,0.0,0.0,1.4344398948069237,2.1543563831522086,12,4.641251505477519,27,102.16050183773041,results/grid_searches/grid_gru_seq2seq_raw_autoLargest_L30_h10_thr10/checkpoints/trial_211_697d7602e7.pt,cuda:2,
trial_212_0df98ff384,complete,gru_seq2seq,raw,32,2,0.0001,0.0,0.5,1.4955341632692496,2.187772190571693,11,4.786347251602366,26,105.34199564158916,results/grid_searches/grid_gru_seq2seq_raw_autoLargest_L30_h10_thr10/checkpoints/trial_212_0df98ff384.pt,cuda:0,
trial_213_3426d01381,complete,gru_seq2seq,raw,32,2,0.0001,1e-05,0.0,1.4345993531589645,2.1533580376310124,12,4.636950990218151,27,97.15097566694021,results/grid_searches/grid_gru_seq2seq_raw_autoLargest_L30_h10_thr10/checkpoints/trial_213_3426d01381.pt,cuda:1,
trial_214_2eb8c4ca54,complete,gru_seq2seq,raw,32,2,0.0001,1e-05,0.5,1.49565360065974,2.1875510309461665,11,4.785379602939268,26,102.37159083411098,results/grid_searches/grid_gru_seq2seq_raw_autoLargest_L30_h10_thr10/checkpoints/trial_214_2eb8c4ca54.pt,cuda:2,
trial_215_7c3bd8cf4a,complete,gru_seq2seq,raw,32,2,0.0001,0.0001,0.0,1.4354237525947864,2.145807456584194,12,4.6044896192188505,27,97.35287825763226,results/grid_searches/grid_gru_seq2seq_raw_autoLargest_L30_h10_thr10/checkpoints/trial_215_7c3bd8cf4a.pt,cuda:0,
trial_216_d070ff1080,complete,gru_seq2seq,raw,32,2,0.0001,0.0001,0.5,1.4380355622393044,2.1843899991708895,13,4.771559762954712,28,111.9004579409957,results/grid_searches/grid_gru_seq2seq_raw_autoLargest_L30_h10_thr10/checkpoints/trial_216_d070ff1080.pt,cuda:1,
trial_217_6e0623c8d7,complete,gru_seq2seq,raw,32,2,0.0003,0.0,0.0,1.4468629236585355,2.180986095225514,4,4.756700385974932,19,67.42758068814874,results/grid_searches/grid_gru_seq2seq_raw_autoLargest_L30_h10_thr10/checkpoints/trial_217_6e0623c8d7.pt,cuda:2,
trial_218_a3732e5080,complete,gru_seq2seq,raw,32,2,0.0003,0.0,0.5,1.4812973160315541,2.217088644873791,4,4.915482027923004,19,79.92623363435268,results/grid_searches/grid_gru_seq2seq_raw_autoLargest_L30_h10_thr10/checkpoints/trial_218_a3732e5080.pt,cuda:0,
trial_219_b76c5145bd,complete,gru_seq2seq,raw,32,2,0.0003,1e-05,0.0,1.4471012403551913,2.1794701086431365,4,4.750090008144137,19,71.54830766096711,results/grid_searches/grid_gru_seq2seq_raw_autoLargest_L30_h10_thr10/checkpoints/trial_219_b76c5145bd.pt,cuda:2,
trial_220_155ced1734,complete,gru_seq2seq,raw,32,2,0.0003,1e-05,0.5,1.481951045515605,2.215491800233755,4,4.908403871029238,19,76.93059557303786,results/grid_searches/grid_gru_seq2seq_raw_autoLargest_L30_h10_thr10/checkpoints/trial_220_155ced1734.pt,cuda:1,
trial_221_ada3819d49,complete,gru_seq2seq,raw,32,2,0.0003,0.0001,0.0,1.448128166550511,2.1676415330366394,4,4.698669828342486,19,70.22086088731885,results/grid_searches/grid_gru_seq2seq_raw_autoLargest_L30_h10_thr10/checkpoints/trial_221_ada3819d49.pt,cuda:0,
trial_222_13e8845102,complete,gru_seq2seq,raw,32,2,0.0003,0.0001,0.5,1.486535754412224,2.207547589136906,4,4.873266403584541,19,73.92392955720425,results/grid_searches/grid_gru_seq2seq_raw_autoLargest_L30_h10_thr10/checkpoints/trial_222_13e8845102.pt,cuda:2,
trial_223_be6443fa7c,complete,gru_seq2seq,raw,32,2,0.0005,0.0,0.0,1.4996475966982072,2.2275650647448315,3,4.9620461448838435,18,63.805653009563684,results/grid_searches/grid_gru_seq2seq_raw_autoLargest_L30_h10_thr10/checkpoints/trial_223_be6443fa7c.pt,cuda:1,
trial_224_848ff941ca,complete,gru_seq2seq,raw,32,2,0.0005,0.0,0.5,1.440403740301351,2.2834071223733248,3,5.213948238348659,18,72.28452809527516,results/grid_searches/grid_gru_seq2seq_raw_autoLargest_L30_h10_thr10/checkpoints/trial_224_848ff941ca.pt,cuda:0,
trial_225_1359a2f7a9,complete,gru_seq2seq,raw,32,2,0.0005,1e-05,0.0,1.50013982072001,2.227021023768098,3,4.959622791145422,18,64.67364760115743,results/grid_searches/grid_gru_seq2seq_raw_autoLargest_L30_h10_thr10/checkpoints/trial_225_1359a2f7a9.pt,cuda:2,
trial_226_f661a7b05f,complete,gru_seq2seq,raw,32,2,0.0005,1e-05,0.5,1.4409456319682583,2.280096966420693,3,5.198842418042919,18,70.73612247034907,results/grid_searches/grid_gru_seq2seq_raw_autoLargest_L30_h10_thr10/checkpoints/trial_226_f661a7b05f.pt,cuda:1,
trial_227_94a4a4ec9b,complete,gru_seq2seq,raw,32,2,0.0005,0.0001,0.0,1.5004803012452925,2.219410123216182,3,4.925781359853624,18,65.37254048138857,results/grid_searches/grid_gru_seq2seq_raw_autoLargest_L30_h10_thr10/checkpoints/trial_227_94a4a4ec9b.pt,cuda:0,
trial_228_88d6a80162,complete,gru_seq2seq,raw,32,2,0.0005,0.0001,0.5,1.4443928250340343,2.2652333232660196,3,5.131281962575792,18,70.678416993469,results/grid_searches/grid_gru_seq2seq_raw_autoLargest_L30_h10_thr10/checkpoints/trial_228_88d6a80162.pt,cuda:2,
trial_229_3078ac9a49,complete,gru_seq2seq,raw,32,2,0.001,0.0,0.0,1.6684324200885206,2.2780259604291664,1,5.1894023991838285,16,57.49999252334237,results/grid_searches/grid_gru_seq2seq_raw_autoLargest_L30_h10_thr10/checkpoints/trial_229_3078ac9a49.pt,cuda:1,
trial_230_ba6aaa860e,complete,gru_seq2seq,raw,32,2,0.001,0.0,0.5,1.6654724966197074,2.315799817576796,1,5.362928825088694,16,64.28929049894214,results/grid_searches/grid_gru_seq2seq_raw_autoLargest_L30_h10_thr10/checkpoints/trial_230_ba6aaa860e.pt,cuda:0,
trial_231_d50cfec8c2,complete,gru_seq2seq,raw,32,2,0.001,1e-05,0.0,1.6685574325659795,2.2776728211487263,1,5.187793688230877,16,57.72915244102478,results/grid_searches/grid_gru_seq2seq_raw_autoLargest_L30_h10_thr10/checkpoints/trial_231_d50cfec8c2.pt,cuda:2,
trial_232_f22c688ac2,complete,gru_seq2seq,raw,32,2,0.001,1e-05,0.5,1.6657368023023953,2.3149223318495213,1,5.358865453019927,16,63.16147915646434,results/grid_searches/grid_gru_seq2seq_raw_autoLargest_L30_h10_thr10/checkpoints/trial_232_f22c688ac2.pt,cuda:1,
trial_233_2e5d268383,complete,gru_seq2seq,raw,32,2,0.001,0.0001,0.0,1.6693343259115951,2.275116516495306,1,5.176155236401136,16,58.66719349473715,results/grid_searches/grid_gru_seq2seq_raw_autoLargest_L30_h10_thr10/checkpoints/trial_233_2e5d268383.pt,cuda:0,
trial_234_3a89a074af,complete,gru_seq2seq,raw,32,2,0.001,0.0001,0.5,1.6685405711678765,2.3100243753875773,1,5.336212683327591,16,62.13375823199749,results/grid_searches/grid_gru_seq2seq_raw_autoLargest_L30_h10_thr10/checkpoints/trial_234_3a89a074af.pt,cuda:2,
trial_235_e3a50583e5,complete,gru_seq2seq,raw,32,2,0.003,0.0,0.0,1.4105968283465768,2.203232093343614,12,4.854231721540041,27,95.31470311060548,results/grid_searches/grid_gru_seq2seq_raw_autoLargest_L30_h10_thr10/checkpoints/trial_235_e3a50583e5.pt,cuda:1,
trial_236_d07fcb1893,complete,gru_seq2seq,raw,32,2,0.003,0.0,0.5,1.4328887785697662,2.325394227860267,35,5.407458407667619,50,198.42408262565732,results/grid_searches/grid_gru_seq2seq_raw_autoLargest_L30_h10_thr10/checkpoints/trial_236_d07fcb1893.pt,cuda:0,
trial_237_fe576591ae,complete,gru_seq2seq,raw,32,2,0.003,1e-05,0.0,1.4168174432736786,2.1976561912825088,12,4.829692733438709,27,97.86330314725637,results/grid_searches/grid_gru_seq2seq_raw_autoLargest_L30_h10_thr10/checkpoints/trial_237_fe576591ae.pt,cuda:2,
trial_238_31e4e23d7b,complete,gru_seq2seq,raw,32,2,0.003,1e-05,0.5,1.5607841557886781,2.5785718913246884,1,6.649032988729356,16,63.95324883982539,results/grid_searches/grid_gru_seq2seq_raw_autoLargest_L30_h10_thr10/checkpoints/trial_238_31e4e23d7b.pt,cuda:1,
trial_239_1f22b78c6d,complete,gru_seq2seq,raw,32,2,0.003,0.0001,0.0,1.4650982932774703,2.2578639336279744,1,5.097949691663814,16,57.480550307780504,results/grid_searches/grid_gru_seq2seq_raw_autoLargest_L30_h10_thr10/checkpoints/trial_239_1f22b78c6d.pt,cuda:2,
trial_240_7c04ef1974,complete,gru_seq2seq,raw,32,2,0.003,0.0001,0.5,1.410578997800056,2.312583166365697,31,5.348041191583947,46,172.60462134331465,results/grid_searches/grid_gru_seq2seq_raw_autoLargest_L30_h10_thr10/checkpoints/trial_240_7c04ef1974.pt,cuda:1,
trial_241_bb16e58c34,complete,gru_seq2seq,raw,32,3,0.0001,0.0,0.0,1.4553640070680198,2.15200599766103,13,4.631129782712912,28,111.35555912926793,results/grid_searches/grid_gru_seq2seq_raw_autoLargest_L30_h10_thr10/checkpoints/trial_241_bb16e58c34.pt,cuda:2,
trial_242_1702baaf3d,complete,gru_seq2seq,raw,32,3,0.0001,0.0,0.5,1.4350415912544048,2.1689116847165932,13,4.70417794517324,28,120.72067942470312,results/grid_searches/grid_gru_seq2seq_raw_autoLargest_L30_h10_thr10/checkpoints/trial_242_1702baaf3d.pt,cuda:0,
trial_243_484c3f48a7,complete,gru_seq2seq,raw,32,3,0.0001,1e-05,0.0,1.4554515887410202,2.1508838676257938,13,4.626301411133778,28,109.3361749611795,results/grid_searches/grid_gru_seq2seq_raw_autoLargest_L30_h10_thr10/checkpoints/trial_243_484c3f48a7.pt,cuda:2,
trial_244_bff0c01986,complete,gru_seq2seq,raw,32,3,0.0001,1e-05,0.5,1.435172363158457,2.16876120401827,13,4.703525225723846,28,118.26537902653217,results/grid_searches/grid_gru_seq2seq_raw_autoLargest_L30_h10_thr10/checkpoints/trial_244_bff0c01986.pt,cuda:1,
trial_245_26e50f2bfe,complete,gru_seq2seq,raw,32,3,0.0001,0.0001,0.0,1.4178370733398802,2.143356111248308,15,4.5939754190324225,30,119.48562490940094,results/grid_searches/grid_gru_seq2seq_raw_autoLargest_L30_h10_thr10/checkpoints/trial_245_26e50f2bfe.pt,cuda:0,
trial_246_52fd56405e,complete,gru_seq2seq,raw,32,3,0.0001,0.0001,0.5,1.4358506769404005,2.171977539825307,13,4.717486472673054,28,117.19977260753512,results/grid_searches/grid_gru_seq2seq_raw_autoLargest_L30_h10_thr10/checkpoints/trial_246_52fd56405e.pt,cuda:2,
trial_247_d26a78b760,complete,gru_seq2seq,raw,32,3,0.0003,0.0,0.0,1.4405980019375115,2.1753615463804343,5,4.7321980138368245,20,78.05170035734773,results/grid_searches/grid_gru_seq2seq_raw_autoLargest_L30_h10_thr10/checkpoints/trial_247_d26a78b760.pt,cuda:1,
trial_248_086b10d2a9,complete,gru_seq2seq,raw,32,3,0.0003,0.0,0.5,1.4711205503768936,2.1950895439335065,5,4.818418115301977,20,86.19521157070994,results/grid_searches/grid_gru_seq2seq_raw_autoLargest_L30_h10_thr10/checkpoints/trial_248_086b10d2a9.pt,cuda:0,
trial_249_d873cf0b13,complete,gru_seq2seq,raw,32,3,0.0003,1e-05,0.0,1.4403345895690631,2.172595614671903,5,4.720171811309042,20,77.70377901569009,results/grid_searches/grid_gru_seq2seq_raw_autoLargest_L30_h10_thr10/checkpoints/trial_249_d873cf0b13.pt,cuda:1,
trial_250_ff5a089dc7,complete,gru_seq2seq,raw,32,3,0.0003,1e-05,0.5,1.469062445798441,2.193979891054765,5,4.813547947436948,20,83.20582996681333,results/grid_searches/grid_gru_seq2seq_raw_autoLargest_L30_h10_thr10/checkpoints/trial_250_ff5a089dc7.pt,cuda:2,
trial_251_d554595f6e,complete,gru_seq2seq,raw,32,3,0.0003,0.0001,0.0,1.4394728437603652,2.157810312840031,5,4.656145459790773,20,78.56675036251545,results/grid_searches/grid_gru_seq2seq_raw_autoLargest_L30_h10_thr10/checkpoints/trial_251_d554595f6e.pt,cuda:0,
trial_252_e3f0fe3410,complete,gru_seq2seq,raw,32,3,0.0003,0.0001,0.5,1.4715467152687944,2.1883336901081765,4,4.788804439351528,19,78.64477868378162,results/grid_searches/grid_gru_seq2seq_raw_autoLargest_L30_h10_thr10/checkpoints/trial_252_e3f0fe3410.pt,cuda:1,
trial_253_62c9b8c24a,complete,gru_seq2seq,raw,32,3,0.0005,0.0,0.0,1.4555552994497591,2.1994859247730556,3,4.837738510324985,18,68.9304011836648,results/grid_searches/grid_gru_seq2seq_raw_autoLargest_L30_h10_thr10/checkpoints/trial_253_62c9b8c24a.pt,cuda:2,
trial_254_1a8bdd0d2d,complete,gru_seq2seq,raw,32,3,0.0005,0.0,0.5,1.4627998145028382,2.243889471631247,3,5.035040068324608,18,76.61530542001128,results/grid_searches/grid_gru_seq2seq_raw_autoLargest_L30_h10_thr10/checkpoints/trial_254_1a8bdd0d2d.pt,cuda:0,
trial_255_47206f8cce,complete,gru_seq2seq,raw,32,3,0.0005,1e-05,0.0,1.4555026574876113,2.1961915966861643,3,4.823257589943801,18,70.52812495082617,results/grid_searches/grid_gru_seq2seq_raw_autoLargest_L30_h10_thr10/checkpoints/trial_255_47206f8cce.pt,cuda:1,
trial_256_411d7fb416,complete,gru_seq2seq,raw,32,3,0.0005,1e-05,0.5,1.4630359212516606,2.2397200139530007,3,5.016345742382581,18,76.01171175390482,results/grid_searches/grid_gru_seq2seq_raw_autoLargest_L30_h10_thr10/checkpoints/trial_256_411d7fb416.pt,cuda:2,
trial_257_5e0993af77,complete,gru_seq2seq,raw,32,3,0.0005,0.0001,0.0,1.453429266622738,2.175665927486092,3,4.733522361441503,18,73.37831458449364,results/grid_searches/grid_gru_seq2seq_raw_autoLargest_L30_h10_thr10/checkpoints/trial_257_5e0993af77.pt,cuda:0,
trial_258_6f5501556d,complete,gru_seq2seq,raw,32,3,0.0005,0.0001,0.5,1.4620242388650209,2.2243492619738814,3,4.947729696804964,18,76.82068039476871,results/grid_searches/grid_gru_seq2seq_raw_autoLargest_L30_h10_thr10/checkpoints/trial_258_6f5501556d.pt,cuda:1,
trial_259_9b145b5bf2,complete,gru_seq2seq,raw,32,3,0.001,0.0,0.0,1.4179769551537083,2.261333653839236,12,5.113629931739614,27,105.48709028586745,results/grid_searches/grid_gru_seq2seq_raw_autoLargest_L30_h10_thr10/checkpoints/trial_259_9b145b5bf2.pt,cuda:2,
trial_260_ef01c455ce,complete,gru_seq2seq,raw,32,3,0.001,0.0,0.5,1.7282118719863364,2.365418307869464,1,5.595203849937342,16,68.69945245608687,results/grid_searches/grid_gru_seq2seq_raw_autoLargest_L30_h10_thr10/checkpoints/trial_260_ef01c455ce.pt,cuda:0,
trial_261_23d5dd063c,complete,gru_seq2seq,raw,32,3,0.001,1e-05,0.0,1.4142257082019047,2.252617745853227,12,5.074286660363403,27,104.89984554797411,results/grid_searches/grid_gru_seq2seq_raw_autoLargest_L30_h10_thr10/checkpoints/trial_261_23d5dd063c.pt,cuda:1,
trial_262_6908c8e2e2,complete,gru_seq2seq,raw,32,3,0.001,1e-05,0.5,1.7288118128808616,2.3644344562477455,1,5.590550398524804,16,68.28893347457051,results/grid_searches/grid_gru_seq2seq_raw_autoLargest_L30_h10_thr10/checkpoints/trial_262_6908c8e2e2.pt,cuda:0,
trial_263_c128e7157e,complete,gru_seq2seq,raw,32,3,0.001,0.0001,0.0,1.4135817445993801,2.2099362447321336,22,4.883818196043183,37,141.34963934868574,results/grid_searches/grid_gru_seq2seq_raw_autoLargest_L30_h10_thr10/checkpoints/trial_263_c128e7157e.pt,cuda:2,
trial_264_0a03ba3ba8,complete,gru_seq2seq,raw,32,3,0.001,0.0001,0.5,1.73313961989989,2.361255025174755,1,5.575525274156015,16,68.31057651340961,results/grid_searches/grid_gru_seq2seq_raw_autoLargest_L30_h10_thr10/checkpoints/trial_264_0a03ba3ba8.pt,cuda:0,
trial_265_5b5e2af7b6,complete,gru_seq2seq,raw,32,3,0.003,0.0,0.0,1.4164615862439327,2.136217970121031,22,4.563427287113817,37,141.59053587168455,results/grid_searches/grid_gru_seq2seq_raw_autoLargest_L30_h10_thr10/checkpoints/trial_265_5b5e2af7b6.pt,cuda:1,
trial_266_85c21a02b7,complete,gru_seq2seq,raw,32,3,0.003,0.0,0.5,1.4563636729998302,2.2144966137564315,5,4.90399539440493,20,87.1821446120739,results/grid_searches/grid_gru_seq2seq_raw_autoLargest_L30_h10_thr10/checkpoints/trial_266_85c21a02b7.pt,cuda:0,
trial_267_3c23fb861d,complete,gru_seq2seq,raw,32,3,0.003,1e-05,0.0,1.4335924104582283,2.2673321404494375,8,5.140795086003557,23,92.18628322333097,results/grid_searches/grid_gru_seq2seq_raw_autoLargest_L30_h10_thr10/checkpoints/trial_267_3c23fb861d.pt,cuda:2,
trial_268_927dd6bca8,complete,gru_seq2seq,raw,32,3,0.003,1e-05,0.5,1.4238712499799986,2.2478490131665234,22,5.052825267405449,37,154.4184708558023,results/grid_searches/grid_gru_seq2seq_raw_autoLargest_L30_h10_thr10/checkpoints/trial_268_927dd6bca8.pt,cuda:1,
trial_269_4849528163,complete,gru_seq2seq,raw,32,3,0.003,0.0001,0.0,1.4088981963948737,2.1828354561093,22,4.764770629134359,37,152.1453440375626,results/grid_searches/grid_gru_seq2seq_raw_autoLargest_L30_h10_thr10/checkpoints/trial_269_4849528163.pt,cuda:0,
trial_270_48a23a840f,complete,gru_seq2seq,raw,32,3,0.003,0.0001,0.5,1.4841756549222938,2.301111984013733,17,5.295116628574419,32,139.12396662309766,results/grid_searches/grid_gru_seq2seq_raw_autoLargest_L30_h10_thr10/checkpoints/trial_270_48a23a840f.pt,cuda:2,
trial_271_c6c8cc778d,complete,gru_seq2seq,raw,64,1,0.0001,0.0,0.0,1.4746870027718288,2.150125513852553,6,4.623039761072473,21,68.3379691131413,results/grid_searches/grid_gru_seq2seq_raw_autoLargest_L30_h10_thr10/checkpoints/trial_271_c6c8cc778d.pt,cuda:1,
trial_272_b2a7b1e9b6,complete,gru_seq2seq,raw,64,1,0.0001,0.0,0.5,1.4827748994859336,2.1853655266495333,6,4.775822484945949,21,79.57280187681317,results/grid_searches/grid_gru_seq2seq_raw_autoLargest_L30_h10_thr10/checkpoints/trial_272_b2a7b1e9b6.pt,cuda:0,
trial_273_d90cc7b221,complete,gru_seq2seq,raw,64,1,0.0001,1e-05,0.0,1.4747206357357245,2.150009837332982,6,4.622542393962039,21,70.28227274864912,results/grid_searches/grid_gru_seq2seq_raw_autoLargest_L30_h10_thr10/checkpoints/trial_273_d90cc7b221.pt,cuda:2,
trial_274_0ad75918b3,complete,gru_seq2seq,raw,64,1,0.0001,1e-05,0.5,1.4828712433246496,2.1852008588538,6,4.775102935863447,21,78.88949104398489,results/grid_searches/grid_gru_seq2seq_raw_autoLargest_L30_h10_thr10/checkpoints/trial_274_0ad75918b3.pt,cuda:1,
trial_275_31da946c12,complete,gru_seq2seq,raw,64,1,0.0001,0.0001,0.0,1.4753042129446057,2.148107114947021,6,4.614364345164239,21,70.94323283433914,results/grid_searches/grid_gru_seq2seq_raw_autoLargest_L30_h10_thr10/checkpoints/trial_275_31da946c12.pt,cuda:2,
trial_276_d4e856d87c,complete,gru_seq2seq,raw,64,1,0.0001,0.0001,0.5,1.4844186852919528,2.1816937901508155,6,4.7597879590867445,21,80.20224714279175,results/grid_searches/grid_gru_seq2seq_raw_autoLargest_L30_h10_thr10/checkpoints/trial_276_d4e856d87c.pt,cuda:0,
trial_277_45efd35636,complete,gru_seq2seq,raw,64,1,0.0003,0.0,0.0,1.4970025941710683,2.1667029294136775,2,4.6946015786521045,17,57.54393073916435,results/grid_searches/grid_gru_seq2seq_raw_autoLargest_L30_h10_thr10/checkpoints/trial_277_45efd35636.pt,cuda:1,
trial_278_d66f9a9890,complete,gru_seq2seq,raw,64,1,0.0003,0.0,0.5,1.506593004386825,2.2086608700047865,2,4.878182928471626,17,62.63157648220658,results/grid_searches/grid_gru_seq2seq_raw_autoLargest_L30_h10_thr10/checkpoints/trial_278_d66f9a9890.pt,cuda:2,
trial_279_63f427d817,complete,gru_seq2seq,raw,64,1,0.0003,1e-05,0.0,1.4970157097129129,2.16648668891166,2,4.693664699868311,17,57.42736220732331,results/grid_searches/grid_gru_seq2seq_raw_autoLargest_L30_h10_thr10/checkpoints/trial_279_63f427d817.pt,cuda:0,
trial_280_7dc428eafc,complete,gru_seq2seq,raw,64,1,0.0003,1e-05,0.5,1.506710826474466,2.208378808817446,2,4.876937094821206,17,64.51265481859446,results/grid_searches/grid_gru_seq2seq_raw_autoLargest_L30_h10_thr10/checkpoints/trial_280_7dc428eafc.pt,cuda:1,
trial_281_3d8b7259c3,complete,gru_seq2seq,raw,64,1,0.0003,0.0001,0.0,1.4970277588512702,2.163447571635109,2,4.680505511126941,17,57.48224453255534,results/grid_searches/grid_gru_seq2seq_raw_autoLargest_L30_h10_thr10/checkpoints/trial_281_3d8b7259c3.pt,cuda:2,
trial_282_af41105af8,complete,gru_seq2seq,raw,64,1,0.0003,0.0001,0.5,1.507562413035503,2.203506003465401,2,4.855438941641699,17,64.40947101265192,results/grid_searches/grid_gru_seq2seq_raw_autoLargest_L30_h10_thr10/checkpoints/trial_282_af41105af8.pt,cuda:0,
trial_283_953f3abb06,complete,gru_seq2seq,raw,64,1,0.0005,0.0,0.0,1.6233584453080652,2.26910975840314,1,5.1488591218296484,16,52.59290649741888,results/grid_searches/grid_gru_seq2seq_raw_autoLargest_L30_h10_thr10/checkpoints/trial_283_953f3abb06.pt,cuda:1,
trial_284_51398f7d02,complete,gru_seq2seq,raw,64,1,0.0005,0.0,0.5,1.6474467681527516,2.3099133129446163,1,5.335699676561959,16,58.31468619033694,results/grid_searches/grid_gru_seq2seq_raw_autoLargest_L30_h10_thr10/checkpoints/trial_284_51398f7d02.pt,cuda:2,
trial_285_2b68910ef2,complete,gru_seq2seq,raw,64,1,0.0005,1e-05,0.0,1.6234036215394736,2.2690113755794346,1,5.148412746719167,16,53.79567490145564,results/grid_searches/grid_gru_seq2seq_raw_autoLargest_L30_h10_thr10/checkpoints/trial_285_2b68910ef2.pt,cuda:0,
trial_286_c3e6db5049,complete,gru_seq2seq,raw,64,1,0.0005,1e-05,0.5,1.647553716487711,2.3097098429410954,1,5.334759686868402,16,59.91729352250695,results/grid_searches/grid_gru_seq2seq_raw_autoLargest_L30_h10_thr10/checkpoints/trial_286_c3e6db5049.pt,cuda:1,
trial_287_3fd5fa393f,complete,gru_seq2seq,raw,64,1,0.0005,0.0001,0.0,1.6237948968865072,2.2675649992816598,1,5.141851225985756,16,53.35166488215327,results/grid_searches/grid_gru_seq2seq_raw_autoLargest_L30_h10_thr10/checkpoints/trial_287_3fd5fa393f.pt,cuda:2,
trial_288_656a7749b2,complete,gru_seq2seq,raw,64,1,0.0005,0.0001,0.5,1.6483800739097068,2.307897121923116,1,5.326389142531383,16,62.141177490353584,results/grid_searches/grid_gru_seq2seq_raw_autoLargest_L30_h10_thr10/checkpoints/trial_288_656a7749b2.pt,cuda:0,
trial_289_e31f84f6dc,complete,gru_seq2seq,raw,64,1,0.001,0.0,0.0,1.4032247338349684,2.168605236064374,22,4.702848665925521,37,124.60531649366021,results/grid_searches/grid_gru_seq2seq_raw_autoLargest_L30_h10_thr10/checkpoints/trial_289_e31f84f6dc.pt,cuda:1,
trial_290_8fdcb98b5d,complete,gru_seq2seq,raw,64,1,0.001,0.0,0.5,1.519938523107786,2.469829469685203,1,6.100057741660106,16,57.290245201438665,results/grid_searches/grid_gru_seq2seq_raw_autoLargest_L30_h10_thr10/checkpoints/trial_290_8fdcb98b5d.pt,cuda:2,
trial_291_3f230449c5,complete,gru_seq2seq,raw,64,1,0.001,1e-05,0.0,1.3963514078427341,2.1647314565413205,22,4.686062321783621,37,125.01566725596786,results/grid_searches/grid_gru_seq2seq_raw_autoLargest_L30_h10_thr10/checkpoints/trial_291_3f230449c5.pt,cuda:0,
trial_292_2dac530936,complete,gru_seq2seq,raw,64,1,0.001,1e-05,0.5,1.5190595833820444,2.467910103300628,1,6.090580379812024,16,59.06321615725756,results/grid_searches/grid_gru_seq2seq_raw_autoLargest_L30_h10_thr10/checkpoints/trial_292_2dac530936.pt,cuda:2,
trial_293_2442c5899d,complete,gru_seq2seq,raw,64,1,0.001,0.0001,0.0,1.3891564713786297,2.178407648899798,22,4.745459899419471,37,122.90929877758026,results/grid_searches/grid_gru_seq2seq_raw_autoLargest_L30_h10_thr10/checkpoints/trial_293_2442c5899d.pt,cuda:2,
trial_294_c9cbc50250,complete,gru_seq2seq,raw,64,1,0.001,0.0001,0.5,1.5156419653900532,2.4534843440769825,1,6.019585415079624,16,59.651737313717604,results/grid_searches/grid_gru_seq2seq_raw_autoLargest_L30_h10_thr10/checkpoints/trial_294_c9cbc50250.pt,cuda:1,
trial_295_1d15171847,complete,gru_seq2seq,raw,64,1,0.003,0.0,0.0,1.411559810209312,2.2619627505726423,6,5.11647558302819,21,71.63763545826077,results/grid_searches/grid_gru_seq2seq_raw_autoLargest_L30_h10_thr10/checkpoints/trial_295_1d15171847.pt,cuda:0,
trial_296_93e6eea342,complete,gru_seq2seq,raw,64,1,0.003,0.0,0.5,1.4237380238792188,2.4005493458823204,5,5.762637261197537,20,75.65695543959737,results/grid_searches/grid_gru_seq2seq_raw_autoLargest_L30_h10_thr10/checkpoints/trial_296_93e6eea342.pt,cuda:1,
trial_297_5dff333082,complete,gru_seq2seq,raw,64,1,0.003,1e-05,0.0,1.3954706764758764,2.191717307548035,6,4.803624787511705,21,71.95131263509393,results/grid_searches/grid_gru_seq2seq_raw_autoLargest_L30_h10_thr10/checkpoints/trial_297_5dff333082.pt,cuda:0,
trial_298_49cd816e1c,complete,gru_seq2seq,raw,64,1,0.003,1e-05,0.5,1.424405624558088,2.406274228009217,2,5.790155590335025,17,65.02019338309765,results/grid_searches/grid_gru_seq2seq_raw_autoLargest_L30_h10_thr10/checkpoints/trial_298_49cd816e1c.pt,cuda:2,
trial_299_2c392966e6,complete,gru_seq2seq,raw,64,1,0.003,0.0001,0.0,1.4179268069669038,2.2370354456130506,22,5.004327519332306,37,119.55061293765903,results/grid_searches/grid_gru_seq2seq_raw_autoLargest_L30_h10_thr10/checkpoints/trial_299_2c392966e6.pt,cuda:1,
trial_300_edbadb53df,complete,gru_seq2seq,raw,64,1,0.003,0.0001,0.5,1.4385492027343452,2.4000000352745605,2,5.7600002249584925,17,60.23685272410512,results/grid_searches/grid_gru_seq2seq_raw_autoLargest_L30_h10_thr10/checkpoints/trial_300_edbadb53df.pt,cuda:0,
trial_301_a80a59c35b,complete,gru_seq2seq,raw,64,2,0.0001,0.0,0.0,1.484726054241197,2.1543405451233033,5,4.641183348547054,20,72.7441129758954,results/grid_searches/grid_gru_seq2seq_raw_autoLargest_L30_h10_thr10/checkpoints/trial_301_a80a59c35b.pt,cuda:2,
trial_302_31f2da09ca,complete,gru_seq2seq,raw,64,2,0.0001,0.0,0.5,1.5017081695672454,2.183992566376939,5,4.769823726219467,20,80.07001635432243,results/grid_searches/grid_gru_seq2seq_raw_autoLargest_L30_h10_thr10/checkpoints/trial_302_31f2da09ca.pt,cuda:0,
trial_303_ed80299605,complete,gru_seq2seq,raw,64,2,0.0001,1e-05,0.0,1.4847882050662478,2.1540003216525085,5,4.639717424368556,20,74.62444500997663,results/grid_searches/grid_gru_seq2seq_raw_autoLargest_L30_h10_thr10/checkpoints/trial_303_ed80299605.pt,cuda:1,
trial_304_f93644a2c7,complete,gru_seq2seq,raw,64,2,0.0001,1e-05,0.5,1.5022323458981288,2.183921748175529,5,4.769514282443855,20,80.0014330521226,results/grid_searches/grid_gru_seq2seq_raw_autoLargest_L30_h10_thr10/checkpoints/trial_304_f93644a2c7.pt,cuda:2,
trial_305_e5f9b6b867,complete,gru_seq2seq,raw,64,2,0.0001,0.0001,0.0,1.485728514519862,2.1507546549653607,5,4.625745661651032,20,74.17621358111501,results/grid_searches/grid_gru_seq2seq_raw_autoLargest_L30_h10_thr10/checkpoints/trial_305_e5f9b6b867.pt,cuda:0,
trial_306_45b5b95cf6,complete,gru_seq2seq,raw,64,2,0.0001,0.0001,0.5,1.5074229108202684,2.1839868368307704,5,4.76979855646061,20,79.47845801711082,results/grid_searches/grid_gru_seq2seq_raw_autoLargest_L30_h10_thr10/checkpoints/trial_306_45b5b95cf6.pt,cuda:1,
trial_307_03c2302acb,complete,gru_seq2seq,raw,64,2,0.0003,0.0,0.0,1.4443894603989924,2.192804173115809,2,4.808390266080446,17,60.36895715817809,results/grid_searches/grid_gru_seq2seq_raw_autoLargest_L30_h10_thr10/checkpoints/trial_307_03c2302acb.pt,cuda:2,
trial_308_3ffd501624,complete,gru_seq2seq,raw,64,2,0.0003,0.0,0.5,1.4653583239990322,2.2469730272339725,2,5.048887759824343,17,67.85528230667114,results/grid_searches/grid_gru_seq2seq_raw_autoLargest_L30_h10_thr10/checkpoints/trial_308_3ffd501624.pt,cuda:0,
trial_309_9bba2a7403,complete,gru_seq2seq,raw,64,2,0.0003,1e-05,0.0,1.4441127847823538,2.1917569195401043,2,4.803798400299459,17,61.23347142711282,results/grid_searches/grid_gru_seq2seq_raw_autoLargest_L30_h10_thr10/checkpoints/trial_309_9bba2a7403.pt,cuda:2,
trial_310_2a0cde367c,complete,gru_seq2seq,raw,64,2,0.0003,1e-05,0.5,1.4652606026856583,2.245454780741036,2,5.042067190967028,17,67.23410952091217,results/grid_searches/grid_gru_seq2seq_raw_autoLargest_L30_h10_thr10/checkpoints/trial_310_2a0cde367c.pt,cuda:1,
trial_311_c35933aa63,complete,gru_seq2seq,raw,64,2,0.0003,0.0001,0.0,1.4422565240620435,2.1815930099741876,2,4.759348245813877,17,61.551874469965696,results/grid_searches/grid_gru_seq2seq_raw_autoLargest_L30_h10_thr10/checkpoints/trial_311_c35933aa63.pt,cuda:0,
trial_312_eefe09f6ab,complete,gru_seq2seq,raw,64,2,0.0003,0.0001,0.5,1.465329504338435,2.232222588105479,2,4.982817681228059,17,65.47393853217363,results/grid_searches/grid_gru_seq2seq_raw_autoLargest_L30_h10_thr10/checkpoints/trial_312_eefe09f6ab.pt,cuda:2,
trial_313_0e5e53b5b0,complete,gru_seq2seq,raw,64,2,0.0005,0.0,0.0,1.5583057858757203,2.187828248311883,1,4.78659241712546,16,58.32227035611868,results/grid_searches/grid_gru_seq2seq_raw_autoLargest_L30_h10_thr10/checkpoints/trial_313_0e5e53b5b0.pt,cuda:1,
trial_314_2ddf2ed97d,complete,gru_seq2seq,raw,64,2,0.0005,0.0,0.5,1.5936463178581075,2.248109491531019,1,5.053996379465996,16,63.54825983196497,results/grid_searches/grid_gru_seq2seq_raw_autoLargest_L30_h10_thr10/checkpoints/trial_314_2ddf2ed97d.pt,cuda:0,
trial_315_adbc219031,complete,gru_seq2seq,raw,64,2,0.0005,1e-05,0.0,1.55830065938538,2.1873757495700636,1,4.784612709962869,16,57.34809482842684,results/grid_searches/grid_gru_seq2seq_raw_autoLargest_L30_h10_thr10/checkpoints/trial_315_adbc219031.pt,cuda:2,
trial_316_a0da151b3b,complete,gru_seq2seq,raw,64,2,0.0005,1e-05,0.5,1.593893421977004,2.247330749194091,1,5.050495649893072,16,63.95365945249796,results/grid_searches/grid_gru_seq2seq_raw_autoLargest_L30_h10_thr10/checkpoints/trial_316_a0da151b3b.pt,cuda:1,
trial_317_7f38cf16e4,complete,gru_seq2seq,raw,64,2,0.0005,0.0001,0.0,1.5589109093695879,2.1831882950767274,1,4.766311226615423,16,58.070435136556625,results/grid_searches/grid_gru_seq2seq_raw_autoLargest_L30_h10_thr10/checkpoints/trial_317_7f38cf16e4.pt,cuda:0,
trial_318_9e48d485ba,complete,gru_seq2seq,raw,64,2,0.0005,0.0001,0.5,1.5962226532654296,2.2414106523922905,1,5.023922038983695,16,62.710434664040804,results/grid_searches/grid_gru_seq2seq_raw_autoLargest_L30_h10_thr10/checkpoints/trial_318_9e48d485ba.pt,cuda:2,
trial_319_86f7b530da,complete,gru_seq2seq,raw,64,2,0.001,0.0,0.0,1.3724645486219398,2.117108522186037,27,4.482148567030701,42,149.07425121590495,results/grid_searches/grid_gru_seq2seq_raw_autoLargest_L30_h10_thr10/checkpoints/trial_319_86f7b530da.pt,cuda:1,
trial_320_fce3c23ffb,complete,gru_seq2seq,raw,64,2,0.001,0.0,0.5,1.4310200181952384,2.320427772422372,27,5.384385174135619,42,165.46425415948033,results/grid_searches/grid_gru_seq2seq_raw_autoLargest_L30_h10_thr10/checkpoints/trial_320_fce3c23ffb.pt,cuda:0,
trial_321_9e28e2e7d9,complete,gru_seq2seq,raw,64,2,0.001,1e-05,0.0,1.3787176317740468,2.163220578074782,22,4.679523314101787,37,131.58652282506227,results/grid_searches/grid_gru_seq2seq_raw_autoLargest_L30_h10_thr10/checkpoints/trial_321_9e28e2e7d9.pt,cuda:2,
trial_322_4c47809283,complete,gru_seq2seq,raw,64,2,0.001,1e-05,0.5,1.6825980477682256,2.631724778376812,1,6.925975264476825,16,63.122067894786596,results/grid_searches/grid_gru_seq2seq_raw_autoLargest_L30_h10_thr10/checkpoints/trial_322_4c47809283.pt,cuda:1,
trial_323_f035cac1d2,complete,gru_seq2seq,raw,64,2,0.001,0.0001,0.0,1.4133727336505169,2.258927696100546,6,5.102754371981078,21,73.27612199634314,results/grid_searches/grid_gru_seq2seq_raw_autoLargest_L30_h10_thr10/checkpoints/trial_323_f035cac1d2.pt,cuda:2,
trial_324_5ae2b56e7e,complete,gru_seq2seq,raw,64,2,0.001,0.0001,0.5,1.451769541502942,2.348730306514589,40,5.516534179977224,55,222.72203190624714,results/grid_searches/grid_gru_seq2seq_raw_autoLargest_L30_h10_thr10/checkpoints/trial_324_5ae2b56e7e.pt,cuda:0,
trial_325_2af248ad8b,complete,gru_seq2seq,raw,64,2,0.003,0.0,0.0,1.4045570131202665,2.1806947317961,9,4.7554296164573,24,86.18881587311625,results/grid_searches/grid_gru_seq2seq_raw_autoLargest_L30_h10_thr10/checkpoints/trial_325_2af248ad8b.pt,cuda:1,
trial_326_e091f05e36,complete,gru_seq2seq,raw,64,2,0.003,0.0,0.5,1.4532422730939676,2.4338096674197143,1,5.923429511468622,16,64.07006914541125,results/grid_searches/grid_gru_seq2seq_raw_autoLargest_L30_h10_thr10/checkpoints/trial_326_e091f05e36.pt,cuda:2,
trial_327_0a9ac4c2ff,complete,gru_seq2seq,raw,64,2,0.003,1e-05,0.0,1.4461846078696508,2.237658060373614,12,5.007113570201246,27,99.95162607356906,results/grid_searches/grid_gru_seq2seq_raw_autoLargest_L30_h10_thr10/checkpoints/trial_327_0a9ac4c2ff.pt,cuda:1,
trial_328_65cdfc783c,complete,gru_seq2seq,raw,64,2,0.003,1e-05,0.5,1.4781395273731102,2.407847770448211,7,5.797730857812906,22,86.56959138065577,results/grid_searches/grid_gru_seq2seq_raw_autoLargest_L30_h10_thr10/checkpoints/trial_328_65cdfc783c.pt,cuda:2,
trial_329_4e4c4cb8c7,complete,gru_seq2seq,raw,64,2,0.003,0.0001,0.0,1.3971060420450154,2.1378991688576217,22,4.570612956602362,37,128.78696151450276,results/grid_searches/grid_gru_seq2seq_raw_autoLargest_L30_h10_thr10/checkpoints/trial_329_4e4c4cb8c7.pt,cuda:1,
trial_330_6e762cfd5b,complete,gru_seq2seq,raw,64,2,0.003,0.0001,0.5,1.4408123807222406,2.273776119334283,5,5.170057851151575,20,76.71240052580833,results/grid_searches/grid_gru_seq2seq_raw_autoLargest_L30_h10_thr10/checkpoints/trial_330_6e762cfd5b.pt,cuda:2,
trial_331_4a8ed6aa75,complete,gru_seq2seq,raw,64,3,0.0001,0.0,0.0,1.4527372190667482,2.169206673037248,6,4.705457640297805,21,88.07911746948957,results/grid_searches/grid_gru_seq2seq_raw_autoLargest_L30_h10_thr10/checkpoints/trial_331_4a8ed6aa75.pt,cuda:0,
trial_332_65237e7151,complete,gru_seq2seq,raw,64,3,0.0001,0.0,0.5,1.4864668188677936,2.1946642578251696,5,4.8165512483331225,20,86.93758041784167,results/grid_searches/grid_gru_seq2seq_raw_autoLargest_L30_h10_thr10/checkpoints/trial_332_65237e7151.pt,cuda:2,
trial_333_aa0176519d,complete,gru_seq2seq,raw,64,3,0.0001,1e-05,0.0,1.4525937921233192,2.1685024413405722,6,4.702402885654305,21,85.17584243416786,results/grid_searches/grid_gru_seq2seq_raw_autoLargest_L30_h10_thr10/checkpoints/trial_333_aa0176519d.pt,cuda:0,
trial_334_4bec44e642,complete,gru_seq2seq,raw,64,3,0.0001,1e-05,0.5,1.4861359108937315,2.194168659557416,5,4.81437615623957,20,83.93265664204955,results/grid_searches/grid_gru_seq2seq_raw_autoLargest_L30_h10_thr10/checkpoints/trial_334_4bec44e642.pt,cuda:1,
trial_335_1b4444aec4,complete,gru_seq2seq,raw,64,3,0.0001,0.0001,0.0,1.4555667163610835,2.1612312661926456,6,4.670920678633678,21,80.16062380000949,results/grid_searches/grid_gru_seq2seq_raw_autoLargest_L30_h10_thr10/checkpoints/trial_335_1b4444aec4.pt,cuda:2,
trial_336_8881c31d0f,complete,gru_seq2seq,raw,64,3,0.0001,0.0001,0.5,1.48767727520364,2.189942792934466,5,4.795849550223049,20,85.8365363292396,results/grid_searches/grid_gru_seq2seq_raw_autoLargest_L30_h10_thr10/checkpoints/trial_336_8881c31d0f.pt,cuda:0,
trial_337_067e63ee34,complete,gru_seq2seq,raw,64,3,0.0003,0.0,0.0,1.424367127781616,2.191378350835801,2,4.802139060708541,17,67.02221486717463,results/grid_searches/grid_gru_seq2seq_raw_autoLargest_L30_h10_thr10/checkpoints/trial_337_067e63ee34.pt,cuda:1,
trial_338_d035da8819,complete,gru_seq2seq,raw,64,3,0.0003,0.0,0.5,1.4451363186151545,2.2270890411265314,2,4.959925763214691,17,72.15760349482298,results/grid_searches/grid_gru_seq2seq_raw_autoLargest_L30_h10_thr10/checkpoints/trial_338_d035da8819.pt,cuda:2,
trial_339_60978cb877,complete,gru_seq2seq,raw,64,3,0.0003,1e-05,0.0,1.4243759983636533,2.1902283013833577,2,4.797100236747839,17,66.2746247202158,results/grid_searches/grid_gru_seq2seq_raw_autoLargest_L30_h10_thr10/checkpoints/trial_339_60978cb877.pt,cuda:1,
trial_340_1e11f7591d,complete,gru_seq2seq,raw,64,3,0.0003,1e-05,0.5,1.4433018324807099,2.2257315035956013,2,4.953880851480025,17,73.59869506955147,results/grid_searches/grid_gru_seq2seq_raw_autoLargest_L30_h10_thr10/checkpoints/trial_340_1e11f7591d.pt,cuda:0,
trial_341_7052c68c18,complete,gru_seq2seq,raw,64,3,0.0003,0.0001,0.0,1.4255096650510273,2.178902558325909,2,4.747616442547569,17,65.48193940892816,results/grid_searches/grid_gru_seq2seq_raw_autoLargest_L30_h10_thr10/checkpoints/trial_341_7052c68c18.pt,cuda:2,
trial_342_2a67554262,complete,gru_seq2seq,raw,64,3,0.0003,0.0001,0.5,1.4358331881114577,2.212646119587367,2,4.895802952971639,17,71.23869118094444,results/grid_searches/grid_gru_seq2seq_raw_autoLargest_L30_h10_thr10/checkpoints/trial_342_2a67554262.pt,cuda:1,
trial_343_70f52b4d09,complete,gru_seq2seq,raw,64,3,0.0005,0.0,0.0,1.6092827821277742,2.2221284563601413,1,4.937854986552951,16,62.46532755345106,results/grid_searches/grid_gru_seq2seq_raw_autoLargest_L30_h10_thr10/checkpoints/trial_343_70f52b4d09.pt,cuda:0,
trial_344_d9fc7d64ac,complete,gru_seq2seq,raw,64,3,0.0005,0.0,0.5,1.614220823910606,2.2482871032783605,1,5.054794953744623,16,67.0856204405427,results/grid_searches/grid_gru_seq2seq_raw_autoLargest_L30_h10_thr10/checkpoints/trial_344_d9fc7d64ac.pt,cuda:2,
trial_345_d5049400c2,complete,gru_seq2seq,raw,64,3,0.0005,1e-05,0.0,1.6092314529390652,2.2217187989579017,1,4.936034330537048,16,63.463518649339676,results/grid_searches/grid_gru_seq2seq_raw_autoLargest_L30_h10_thr10/checkpoints/trial_345_d5049400c2.pt,cuda:1,
trial_346_a3bb94c565,complete,gru_seq2seq,raw,64,3,0.0005,1e-05,0.5,1.6150490206489458,2.248175791969626,1,5.0542945608308045,16,68.64893546327949,results/grid_searches/grid_gru_seq2seq_raw_autoLargest_L30_h10_thr10/checkpoints/trial_346_a3bb94c565.pt,cuda:0,
trial_347_e5e84cde25,complete,gru_seq2seq,raw,64,3,0.0005,0.0001,0.0,1.6094841246693572,2.2199736370862952,1,4.928282975546922,16,61.328242022544146,results/grid_searches/grid_gru_seq2seq_raw_autoLargest_L30_h10_thr10/checkpoints/trial_347_e5e84cde25.pt,cuda:2,
trial_348_3120855511,complete,gru_seq2seq,raw,64,3,0.0005,0.0001,0.5,1.6220118895597473,2.248803715495714,1,5.057118178017531,16,68.31486551091075,results/grid_searches/grid_gru_seq2seq_raw_autoLargest_L30_h10_thr10/checkpoints/trial_348_3120855511.pt,cuda:1,
trial_349_fb91364265,complete,gru_seq2seq,raw,64,3,0.001,0.0,0.0,1.4265664859332994,2.2612860683841753,1,5.113414736639095,16,63.347347874194384,results/grid_searches/grid_gru_seq2seq_raw_autoLargest_L30_h10_thr10/checkpoints/trial_349_fb91364265.pt,cuda:0,
trial_350_e9997ead9a,complete,gru_seq2seq,raw,64,3,0.001,0.0,0.5,1.4731888456218227,2.391586122941139,1,5.719684331628341,16,68.63464124128222,results/grid_searches/grid_gru_seq2seq_raw_autoLargest_L30_h10_thr10/checkpoints/trial_350_e9997ead9a.pt,cuda:2,
trial_351_dd5c1959d0,complete,gru_seq2seq,raw,64,3,0.001,1e-05,0.0,1.4212448940030005,2.205350868102163,19,4.863572502136231,34,129.1980003900826,results/grid_searches/grid_gru_seq2seq_raw_autoLargest_L30_h10_thr10/checkpoints/trial_351_dd5c1959d0.pt,cuda:1,
trial_352_05e71071f2,complete,gru_seq2seq,raw,64,3,0.001,1e-05,0.5,1.4722481690941356,2.3873506984008412,1,5.699443532545355,16,69.27458229660988,results/grid_searches/grid_gru_seq2seq_raw_autoLargest_L30_h10_thr10/checkpoints/trial_352_05e71071f2.pt,cuda:0,
trial_353_da1bfc8b99,complete,gru_seq2seq,raw,64,3,0.001,0.0001,0.0,1.4182806336662814,2.2373256375098016,1,5.0056260148181195,16,61.17160324752331,results/grid_searches/grid_gru_seq2seq_raw_autoLargest_L30_h10_thr10/checkpoints/trial_353_da1bfc8b99.pt,cuda:2,
trial_354_4a4cad23fb,complete,gru_seq2seq,raw,64,3,0.001,0.0001,0.5,1.4887908680086273,2.334991484761534,12,5.452185353749915,27,115.54365895688534,results/grid_searches/grid_gru_seq2seq_raw_autoLargest_L30_h10_thr10/checkpoints/trial_354_4a4cad23fb.pt,cuda:0,
trial_355_fffbafcb84,complete,gru_seq2seq,raw,64,3,0.003,0.0,0.0,1.466551365506234,2.1363673214569134,8,4.564065373396572,23,89.21381399407983,results/grid_searches/grid_gru_seq2seq_raw_autoLargest_L30_h10_thr10/checkpoints/trial_355_fffbafcb84.pt,cuda:2,
trial_356_29a203e775,complete,gru_seq2seq,raw,64,3,0.003,0.0,0.5,1.4497141289644981,2.313389037207353,5,5.351768849771234,20,84.51812393963337,results/grid_searches/grid_gru_seq2seq_raw_autoLargest_L30_h10_thr10/checkpoints/trial_356_29a203e775.pt,cuda:1,
trial_357_131e0f8f5a,complete,gru_seq2seq,raw,64,3,0.003,1e-05,0.0,1.4368967101100503,2.279862070535475,7,5.197771300545222,22,85.30080840736628,results/grid_searches/grid_gru_seq2seq_raw_autoLargest_L30_h10_thr10/checkpoints/trial_357_131e0f8f5a.pt,cuda:2,
trial_358_5b64586970,complete,gru_seq2seq,raw,64,3,0.003,1e-05,0.5,1.4917218707492457,2.345384562206919,10,5.500828762899471,25,109.52362248674035,results/grid_searches/grid_gru_seq2seq_raw_autoLargest_L30_h10_thr10/checkpoints/trial_358_5b64586970.pt,cuda:0,
trial_359_8abab5987c,complete,gru_seq2seq,raw,64,3,0.003,0.0001,0.0,1.4690071378148433,2.2189050801110057,12,4.92353979515124,27,106.3687647767365,results/grid_searches/grid_gru_seq2seq_raw_autoLargest_L30_h10_thr10/checkpoints/trial_359_8abab5987c.pt,cuda:1,
trial_360_408c0aee90,complete,gru_seq2seq,raw,64,3,0.003,0.0001,0.5,1.4753998088996998,2.3064493673057163,7,5.319708679899385,22,95.06169176474214,results/grid_searches/grid_gru_seq2seq_raw_autoLargest_L30_h10_thr10/checkpoints/trial_360_408c0aee90.pt,cuda:2,
trial_361_115b6ed274,complete,gru_seq2seq,raw,128,1,0.0001,0.0,0.0,1.564974165997362,2.1873674469332394,2,4.7845766067504885,17,49.43654353544116,results/grid_searches/grid_gru_seq2seq_raw_autoLargest_L30_h10_thr10/checkpoints/trial_361_115b6ed274.pt,cuda:0,
trial_362_c70ad9908c,complete,gru_seq2seq,raw,128,1,0.0001,0.0,0.5,1.4885605687949854,2.212698254333759,3,4.896033771128594,18,62.062932051718235,results/grid_searches/grid_gru_seq2seq_raw_autoLargest_L30_h10_thr10/checkpoints/trial_362_c70ad9908c.pt,cuda:1,
trial_363_d6dc803b53,complete,gru_seq2seq,raw,128,1,0.0001,1e-05,0.0,1.5651214195288057,2.1874101465494085,2,4.7847632009771806,17,56.12219889089465,results/grid_searches/grid_gru_seq2seq_raw_autoLargest_L30_h10_thr10/checkpoints/trial_363_d6dc803b53.pt,cuda:0,
trial_364_e360b0b37b,complete,gru_seq2seq,raw,128,1,0.0001,1e-05,0.5,1.4886734185273511,2.2117399639661715,3,4.891793808755995,18,65.77281318604946,results/grid_searches/grid_gru_seq2seq_raw_autoLargest_L30_h10_thr10/checkpoints/trial_364_e360b0b37b.pt,cuda:2,
trial_365_e5147ca674,complete,gru_seq2seq,raw,128,1,0.0001,0.0001,0.0,1.511967471386247,2.1835822402498075,3,4.7680314082133615,18,61.96484912931919,results/grid_searches/grid_gru_seq2seq_raw_autoLargest_L30_h10_thr10/checkpoints/trial_365_e5147ca674.pt,cuda:1,
trial_366_42bfef9964,complete,gru_seq2seq,raw,128,1,0.0001,0.0001,0.5,1.4887503134704465,2.2030354683800697,3,4.8533653404139265,18,69.67971754446626,results/grid_searches/grid_gru_seq2seq_raw_autoLargest_L30_h10_thr10/checkpoints/trial_366_42bfef9964.pt,cuda:0,
trial_367_9496e7af53,complete,gru_seq2seq,raw,128,1,0.0003,0.0,0.0,1.4958746245041301,2.1614526996373153,1,4.671877848951122,16,54.42236506566405,results/grid_searches/grid_gru_seq2seq_raw_autoLargest_L30_h10_thr10/checkpoints/trial_367_9496e7af53.pt,cuda:2,
trial_368_f15310e494,complete,gru_seq2seq,raw,128,1,0.0003,0.0,0.5,1.5047308489538824,2.191282133254844,1,4.801717537867872,16,59.91023060306907,results/grid_searches/grid_gru_seq2seq_raw_autoLargest_L30_h10_thr10/checkpoints/trial_368_f15310e494.pt,cuda:1,
trial_369_46f4921472,complete,gru_seq2seq,raw,128,1,0.0003,1e-05,0.0,1.4957207972726112,2.160717422839496,1,4.6686999103691,16,55.029130429029465,results/grid_searches/grid_gru_seq2seq_raw_autoLargest_L30_h10_thr10/checkpoints/trial_369_46f4921472.pt,cuda:0,
trial_370_281596d3f6,complete,gru_seq2seq,raw,128,1,0.0003,1e-05,0.5,1.5047616235261099,2.1901963811014005,1,4.7969603079783765,16,58.7512377128005,results/grid_searches/grid_gru_seq2seq_raw_autoLargest_L30_h10_thr10/checkpoints/trial_370_281596d3f6.pt,cuda:2,
trial_371_7657307ac1,complete,gru_seq2seq,raw,128,1,0.0003,0.0001,0.0,1.494417277588686,2.1547299642617204,1,4.642861285994324,16,53.71677764877677,results/grid_searches/grid_gru_seq2seq_raw_autoLargest_L30_h10_thr10/checkpoints/trial_371_7657307ac1.pt,cuda:1,
trial_372_ed7e1ad08a,complete,gru_seq2seq,raw,128,1,0.0003,0.0001,0.5,1.5052209642614367,2.181721429986357,1,4.759908454629439,16,61.15096890181303,results/grid_searches/grid_gru_seq2seq_raw_autoLargest_L30_h10_thr10/checkpoints/trial_372_ed7e1ad08a.pt,cuda:0,
trial_373_1c6c5fbbd5,complete,gru_seq2seq,raw,128,1,0.0005,0.0,0.0,1.383742391083248,2.16040818000393,22,4.6673635063292105,37,120.69371607527137,results/grid_searches/grid_gru_seq2seq_raw_autoLargest_L30_h10_thr10/checkpoints/trial_373_1c6c5fbbd5.pt,cuda:2,
trial_374_220682e757,complete,gru_seq2seq,raw,128,1,0.0005,0.0,0.5,1.5685072601478123,2.474928905016905,1,6.1252732011336315,16,59.76115249097347,results/grid_searches/grid_gru_seq2seq_raw_autoLargest_L30_h10_thr10/checkpoints/trial_374_220682e757.pt,cuda:1,
trial_375_272a83ac15,complete,gru_seq2seq,raw,128,1,0.0005,1e-05,0.0,1.3844027833442523,2.169087889642445,22,4.704942454265643,37,126.05552573874593,results/grid_searches/grid_gru_seq2seq_raw_autoLargest_L30_h10_thr10/checkpoints/trial_375_272a83ac15.pt,cuda:0,
trial_376_2d2290d2ce,complete,gru_seq2seq,raw,128,1,0.0005,1e-05,0.5,1.5678410247887804,2.472050314013913,1,6.111032803752754,16,59.15691935271025,results/grid_searches/grid_gru_seq2seq_raw_autoLargest_L30_h10_thr10/checkpoints/trial_376_2d2290d2ce.pt,cuda:1,
trial_377_5d1067e82c,complete,gru_seq2seq,raw,128,1,0.0005,0.0001,0.0,1.3839731898573757,2.1633892238772665,35,4.680252986618235,50,166.38599845394492,results/grid_searches/grid_gru_seq2seq_raw_autoLargest_L30_h10_thr10/checkpoints/trial_377_5d1067e82c.pt,cuda:2,
trial_378_c4d0ac5c97,complete,gru_seq2seq,raw,128,1,0.0005,0.0001,0.5,1.5644808178479912,2.4522431582113855,1,6.013496458681324,16,60.813214514404535,results/grid_searches/grid_gru_seq2seq_raw_autoLargest_L30_h10_thr10/checkpoints/trial_378_c4d0ac5c97.pt,cuda:1,
trial_379_d70cd5a41c,complete,gru_seq2seq,raw,128,1,0.001,0.0,0.0,1.4033376365607675,2.227268383280889,18,4.960724540903598,33,114.8777982071042,results/grid_searches/grid_gru_seq2seq_raw_autoLargest_L30_h10_thr10/checkpoints/trial_379_d70cd5a41c.pt,cuda:0,
trial_380_9aa837889d,complete,gru_seq2seq,raw,128,1,0.001,0.0,0.5,1.411499520790162,2.284711839795878,27,5.2199082115028475,42,155.14868362620473,results/grid_searches/grid_gru_seq2seq_raw_autoLargest_L30_h10_thr10/checkpoints/trial_380_9aa837889d.pt,cuda:1,
trial_381_4cafc6482c,complete,gru_seq2seq,raw,128,1,0.001,1e-05,0.0,1.4215238534734596,2.2319603990877876,12,4.98164734146263,27,91.99471996352077,results/grid_searches/grid_gru_seq2seq_raw_autoLargest_L30_h10_thr10/checkpoints/trial_381_4cafc6482c.pt,cuda:0,
trial_382_8277a16e33,complete,gru_seq2seq,raw,128,1,0.001,1e-05,0.5,1.4686313797637254,2.2529788754235134,34,5.075913878935802,49,183.62109023332596,results/grid_searches/grid_gru_seq2seq_raw_autoLargest_L30_h10_thr10/checkpoints/trial_382_8277a16e33.pt,cuda:2,
trial_383_8086ae25d2,complete,gru_seq2seq,raw,128,1,0.001,0.0001,0.0,1.389377716637299,2.1864322804600618,22,4.780486261090146,37,123.27947084233165,results/grid_searches/grid_gru_seq2seq_raw_autoLargest_L30_h10_thr10/checkpoints/trial_383_8086ae25d2.pt,cuda:1,
trial_384_1d77c8175d,complete,gru_seq2seq,raw,128,1,0.001,0.0001,0.5,1.4500022228618588,2.4137182836088913,27,5.826036043408551,42,161.60075614228845,results/grid_searches/grid_gru_seq2seq_raw_autoLargest_L30_h10_thr10/checkpoints/trial_384_1d77c8175d.pt,cuda:0,
trial_385_35a879f5a2,complete,gru_seq2seq,raw,128,1,0.003,0.0,0.0,1.4239885679538113,2.359095577614624,6,5.565331997147089,21,69.19607151672244,results/grid_searches/grid_gru_seq2seq_raw_autoLargest_L30_h10_thr10/checkpoints/trial_385_35a879f5a2.pt,cuda:2,
trial_386_6105ec5482,complete,gru_seq2seq,raw,128,1,0.003,0.0,0.5,1.446057887412372,2.491595030955974,2,6.2080458227592175,17,63.86939870193601,results/grid_searches/grid_gru_seq2seq_raw_autoLargest_L30_h10_thr10/checkpoints/trial_386_6105ec5482.pt,cuda:1,
trial_387_8ad587e014,complete,gru_seq2seq,raw,128,1,0.003,1e-05,0.0,1.4871190201943811,2.267266519321961,19,5.140497546256343,34,114.92942425608635,results/grid_searches/grid_gru_seq2seq_raw_autoLargest_L30_h10_thr10/checkpoints/trial_387_8ad587e014.pt,cuda:1,
trial_388_01263f9fb6,complete,gru_seq2seq,raw,128,1,0.003,1e-05,0.5,1.4409085572001679,2.3186857466177075,20,5.376303730735296,35,130.33881030231714,results/grid_searches/grid_gru_seq2seq_raw_autoLargest_L30_h10_thr10/checkpoints/trial_388_01263f9fb6.pt,cuda:0,
trial_389_f9a101f37a,complete,gru_seq2seq,raw,128,1,0.003,0.0001,0.0,1.4178152061687617,2.3253152801552326,6,5.407091138936297,21,69.64592642709613,results/grid_searches/grid_gru_seq2seq_raw_autoLargest_L30_h10_thr10/checkpoints/trial_389_f9a101f37a.pt,cuda:2,
trial_390_3b83964bb9,complete,gru_seq2seq,raw,128,1,0.003,0.0001,0.5,1.4695147268728743,2.4646889720822176,10,6.074691822860815,25,86.28544894978404,results/grid_searches/grid_gru_seq2seq_raw_autoLargest_L30_h10_thr10/checkpoints/trial_390_3b83964bb9.pt,cuda:2,
trial_391_5ed917b4de,complete,gru_seq2seq,raw,128,2,0.0001,0.0,0.0,1.4852451783729883,2.134323696172938,2,4.555337660222114,17,63.404675260186195,results/grid_searches/grid_gru_seq2seq_raw_autoLargest_L30_h10_thr10/checkpoints/trial_391_5ed917b4de.pt,cuda:1,
trial_392_f51e987cba,complete,gru_seq2seq,raw,128,2,0.0001,0.0,0.5,1.510505195634463,2.1714147117855975,2,4.715041898172113,17,69.93534862622619,results/grid_searches/grid_gru_seq2seq_raw_autoLargest_L30_h10_thr10/checkpoints/trial_392_f51e987cba.pt,cuda:0,
trial_393_e6467988b4,complete,gru_seq2seq,raw,128,2,0.0001,1e-05,0.0,1.4853860158567564,2.1341899609235755,2,4.554766828198976,17,62.579583525657654,results/grid_searches/grid_gru_seq2seq_raw_autoLargest_L30_h10_thr10/checkpoints/trial_393_e6467988b4.pt,cuda:2,
trial_394_4f1d07caba,complete,gru_seq2seq,raw,128,2,0.0001,1e-05,0.5,1.5107122745987358,2.1710861785219278,2,4.713615237006659,17,67.42542156204581,results/grid_searches/grid_gru_seq2seq_raw_autoLargest_L30_h10_thr10/checkpoints/trial_394_4f1d07caba.pt,cuda:1,
trial_395_e7cfc8fe81,complete,gru_seq2seq,raw,128,2,0.0001,0.0001,0.0,1.487686016332311,2.1323575020512435,2,4.546948682809178,17,62.24894757941365,results/grid_searches/grid_gru_seq2seq_raw_autoLargest_L30_h10_thr10/checkpoints/trial_395_e7cfc8fe81.pt,cuda:0,
trial_396_0ad7d22af6,complete,gru_seq2seq,raw,128,2,0.0001,0.0001,0.5,1.51399645942393,2.1684710988353713,2,4.702266949037963,17,66.14950711652637,results/grid_searches/grid_gru_seq2seq_raw_autoLargest_L30_h10_thr10/checkpoints/trial_396_0ad7d22af6.pt,cuda:2,
trial_397_80b5c54fb4,complete,gru_seq2seq,raw,128,2,0.0003,0.0,0.0,1.4162183250439695,2.0932670353147302,22,4.381766968135592,37,130.53602864965796,results/grid_searches/grid_gru_seq2seq_raw_autoLargest_L30_h10_thr10/checkpoints/trial_397_80b5c54fb4.pt,cuda:1,
trial_398_64197444e1,complete,gru_seq2seq,raw,128,2,0.0003,0.0,0.5,1.5326811294550005,2.306800893303305,1,5.321330424501926,16,62.93481593206525,results/grid_searches/grid_gru_seq2seq_raw_autoLargest_L30_h10_thr10/checkpoints/trial_398_64197444e1.pt,cuda:0,
trial_399_1ac2ecd6b2,complete,gru_seq2seq,raw,128,2,0.0003,1e-05,0.0,1.3931900118470568,2.0800450520974123,22,4.326587462727027,37,129.14188839122653,results/grid_searches/grid_gru_seq2seq_raw_autoLargest_L30_h10_thr10/checkpoints/trial_399_1ac2ecd6b2.pt,cuda:2,
trial_400_a6ba6ad988,complete,gru_seq2seq,raw,128,2,0.0003,1e-05,0.5,1.5327375460774462,2.304622025773233,1,5.311282694792446,16,63.13178385421634,results/grid_searches/grid_gru_seq2seq_raw_autoLargest_L30_h10_thr10/checkpoints/trial_400_a6ba6ad988.pt,cuda:0,
trial_401_a2786658f4,complete,gru_seq2seq,raw,128,2,0.0003,0.0001,0.0,1.511965120535674,2.1986888136220832,1,4.834232585943198,16,59.03626858443022,results/grid_searches/grid_gru_seq2seq_raw_autoLargest_L30_h10_thr10/checkpoints/trial_401_a2786658f4.pt,cuda:1,
trial_402_660e9dad3f,complete,gru_seq2seq,raw,128,2,0.0003,0.0001,0.5,1.5347700357342822,2.289124075753417,1,5.2400891660135,16,68.04461960494518,results/grid_searches/grid_gru_seq2seq_raw_autoLargest_L30_h10_thr10/checkpoints/trial_402_660e9dad3f.pt,cuda:0,
trial_403_c14bab359a,complete,gru_seq2seq,raw,128,2,0.0005,0.0,0.0,1.4151948099885183,2.1708054868629816,22,4.712396516377413,37,130.48624654114246,results/grid_searches/grid_gru_seq2seq_raw_autoLargest_L30_h10_thr10/checkpoints/trial_403_c14bab359a.pt,cuda:2,
trial_404_e7a796814d,complete,gru_seq2seq,raw,128,2,0.0005,0.0,0.5,1.4370128641032343,2.2903041594413756,43,5.245493188689027,58,229.12860378995538,results/grid_searches/grid_gru_seq2seq_raw_autoLargest_L30_h10_thr10/checkpoints/trial_404_e7a796814d.pt,cuda:1,
trial_405_5152f5d6e6,complete,gru_seq2seq,raw,128,2,0.0005,1e-05,0.0,1.399426244486925,2.1884981113399413,22,4.789523990244805,37,135.8256485722959,results/grid_searches/grid_gru_seq2seq_raw_autoLargest_L30_h10_thr10/checkpoints/trial_405_5152f5d6e6.pt,cuda:0,
trial_406_1dcc065443,complete,gru_seq2seq,raw,128,2,0.0005,1e-05,0.5,1.479842031131251,2.3273941137230554,44,5.416763385338119,59,231.95077689364552,results/grid_searches/grid_gru_seq2seq_raw_autoLargest_L30_h10_thr10/checkpoints/trial_406_1dcc065443.pt,cuda:2,
trial_407_7873b9097d,complete,gru_seq2seq,raw,128,2,0.0005,0.0001,0.0,1.3799979515137928,2.1432537717687845,22,4.59353671254991,37,137.7149708494544,results/grid_searches/grid_gru_seq2seq_raw_autoLargest_L30_h10_thr10/checkpoints/trial_407_7873b9097d.pt,cuda:0,
trial_408_5fdcab5025,complete,gru_seq2seq,raw,128,2,0.0005,0.0001,0.5,1.436860958052021,2.452062369645891,38,6.012610044056856,53,209.58444248139858,results/grid_searches/grid_gru_seq2seq_raw_autoLargest_L30_h10_thr10/checkpoints/trial_408_5fdcab5025.pt,cuda:1,
trial_409_4ceb26586c,complete,gru_seq2seq,raw,128,2,0.001,0.0,0.0,1.4066718263235651,2.252256200363421,6,5.072658119020582,21,78.11470284685493,results/grid_searches/grid_gru_seq2seq_raw_autoLargest_L30_h10_thr10/checkpoints/trial_409_4ceb26586c.pt,cuda:0,
trial_410_f73ef2d538,complete,gru_seq2seq,raw,128,2,0.001,0.0,0.5,1.4709517185984156,2.3385132227592207,41,5.468644155731684,56,220.13015657663345,results/grid_searches/grid_gru_seq2seq_raw_autoLargest_L30_h10_thr10/checkpoints/trial_410_f73ef2d538.pt,cuda:2,
trial_411_345d7a1527,complete,gru_seq2seq,raw,128,2,0.001,1e-05,0.0,1.4081875340140695,2.251322175058796,6,5.068451656872713,21,79.52411010116339,results/grid_searches/grid_gru_seq2seq_raw_autoLargest_L30_h10_thr10/checkpoints/trial_411_345d7a1527.pt,cuda:0,
trial_412_608dc74fdf,complete,gru_seq2seq,raw,128,2,0.001,1e-05,0.5,1.481037641889121,2.4809901223225346,7,6.155312191383748,22,89.00113447010517,results/grid_searches/grid_gru_seq2seq_raw_autoLargest_L30_h10_thr10/checkpoints/trial_412_608dc74fdf.pt,cuda:1,
trial_413_99930f63f9,complete,gru_seq2seq,raw,128,2,0.001,0.0001,0.0,1.3984582198430089,2.21767432324213,22,4.918079513235937,37,136.94307842105627,results/grid_searches/grid_gru_seq2seq_raw_autoLargest_L30_h10_thr10/checkpoints/trial_413_99930f63f9.pt,cuda:0,
trial_414_0d96b3fe17,complete,gru_seq2seq,raw,128,2,0.001,0.0001,0.5,1.486830872237871,2.3930783761503087,22,5.726824282392671,37,148.46533574163914,results/grid_searches/grid_gru_seq2seq_raw_autoLargest_L30_h10_thr10/checkpoints/trial_414_0d96b3fe17.pt,cuda:1,
trial_415_0c1147519d,complete,gru_seq2seq,raw,128,2,0.003,0.0,0.0,1.4503182819759166,2.2436151712105197,10,5.033808968942377,25,92.9478478319943,results/grid_searches/grid_gru_seq2seq_raw_autoLargest_L30_h10_thr10/checkpoints/trial_415_0c1147519d.pt,cuda:2,
trial_416_f276ae220f,complete,gru_seq2seq,raw,128,2,0.003,0.0,0.5,1.4994765811036281,2.345345062051534,9,5.50064356176159,24,97.24116591736674,results/grid_searches/grid_gru_seq2seq_raw_autoLargest_L30_h10_thr10/checkpoints/trial_416_f276ae220f.pt,cuda:0,
trial_417_20c65feb84,complete,gru_seq2seq,raw,128,2,0.003,1e-05,0.0,1.4189533716147835,2.2921181020879358,22,5.253805476200731,37,130.55269042775035,results/grid_searches/grid_gru_seq2seq_raw_autoLargest_L30_h10_thr10/checkpoints/trial_417_20c65feb84.pt,cuda:2,
trial_418_0ac971f009,complete,gru_seq2seq,raw,128,2,0.003,1e-05,0.5,1.445294833169142,2.3562615099836357,37,5.551968519898909,52,204.86882869899273,results/grid_searches/grid_gru_seq2seq_raw_autoLargest_L30_h10_thr10/checkpoints/trial_418_0ac971f009.pt,cuda:1,
trial_419_88c981fc5d,complete,gru_seq2seq,raw,128,2,0.003,0.0001,0.0,1.4163266449346195,2.224353115590256,32,4.947746864753434,47,172.8860400468111,results/grid_searches/grid_gru_seq2seq_raw_autoLargest_L30_h10_thr10/checkpoints/trial_419_88c981fc5d.pt,cuda:0,
trial_420_b5365414d5,complete,gru_seq2seq,raw,128,2,0.003,0.0001,0.5,1.4990629979260737,2.3977896808490105,2,5.749395401266557,17,68.10786290466785,results/grid_searches/grid_gru_seq2seq_raw_autoLargest_L30_h10_thr10/checkpoints/trial_420_b5365414d5.pt,cuda:2,
trial_421_932def8400,complete,gru_seq2seq,raw,128,3,0.0001,0.0,0.0,1.4293949340764858,2.077289312504211,2,4.315130894093574,17,67.72010650113225,results/grid_searches/grid_gru_seq2seq_raw_autoLargest_L30_h10_thr10/checkpoints/trial_421_932def8400.pt,cuda:2,
trial_422_91ba853117,complete,gru_seq2seq,raw,128,3,0.0001,0.0,0.5,1.4648515173349577,2.13812417469927,2,4.571575022950957,17,74.41008319705725,results/grid_searches/grid_gru_seq2seq_raw_autoLargest_L30_h10_thr10/checkpoints/trial_422_91ba853117.pt,cuda:0,
trial_423_530d89cda7,complete,gru_seq2seq,raw,128,3,0.0001,1e-05,0.0,1.4296408209327278,2.0769279640341463,2,4.313629886772059,17,67.3342238292098,results/grid_searches/grid_gru_seq2seq_raw_autoLargest_L30_h10_thr10/checkpoints/trial_423_530d89cda7.pt,cuda:1,
trial_424_9e13c67256,complete,gru_seq2seq,raw,128,3,0.0001,1e-05,0.5,1.4650837810441286,2.137673816114265,2,4.569649460345884,17,70.87273944914341,results/grid_searches/grid_gru_seq2seq_raw_autoLargest_L30_h10_thr10/checkpoints/trial_424_9e13c67256.pt,cuda:2,
trial_425_b08cf4d969,complete,gru_seq2seq,raw,128,3,0.0001,0.0001,0.0,1.4322025546101453,2.0750793904336713,2,4.30595453479622,17,69.77321101725101,results/grid_searches/grid_gru_seq2seq_raw_autoLargest_L30_h10_thr10/checkpoints/trial_425_b08cf4d969.pt,cuda:0,
trial_426_87dd372129,complete,gru_seq2seq,raw,128,3,0.0001,0.0001,0.5,1.4678033391706928,2.135997636933917,2,4.56248600875275,17,74.3290725313127,results/grid_searches/grid_gru_seq2seq_raw_autoLargest_L30_h10_thr10/checkpoints/trial_426_87dd372129.pt,cuda:1,
trial_427_93764c1f32,complete,gru_seq2seq,raw,128,3,0.0003,0.0,0.0,1.4446806663567129,2.138194861382309,1,4.571877323223066,16,62.33220911771059,results/grid_searches/grid_gru_seq2seq_raw_autoLargest_L30_h10_thr10/checkpoints/trial_427_93764c1f32.pt,cuda:2,
trial_428_3ee56adafe,complete,gru_seq2seq,raw,128,3,0.0003,0.0,0.5,1.4342975003215708,2.2416585941812253,1,5.025033238567883,16,68.52984970062971,results/grid_searches/grid_gru_seq2seq_raw_autoLargest_L30_h10_thr10/checkpoints/trial_428_3ee56adafe.pt,cuda:0,
trial_429_e320463054,complete,gru_seq2seq,raw,128,3,0.0003,1e-05,0.0,1.4446978898770824,2.1362207030383544,1,4.563438968115215,16,62.99412924423814,results/grid_searches/grid_gru_seq2seq_raw_autoLargest_L30_h10_thr10/checkpoints/trial_429_e320463054.pt,cuda:1,
trial_430_78d4136dbd,complete,gru_seq2seq,raw,128,3,0.0003,1e-05,0.5,1.434033399772229,2.239239540685415,1,5.014193892177147,16,67.44479396566749,results/grid_searches/grid_gru_seq2seq_raw_autoLargest_L30_h10_thr10/checkpoints/trial_430_78d4136dbd.pt,cuda:2,
trial_431_c54b1a2b05,complete,gru_seq2seq,raw,128,3,0.0003,0.0001,0.0,1.4450371470566414,2.123602332463823,1,4.509686947774283,16,64.8040148280561,results/grid_searches/grid_gru_seq2seq_raw_autoLargest_L30_h10_thr10/checkpoints/trial_431_c54b1a2b05.pt,cuda:0,
trial_432_d659c47ad8,complete,gru_seq2seq,raw,128,3,0.0003,0.0001,0.5,1.4340488769444106,2.2265313000601794,1,4.957441721083243,16,67.53348075225949,results/grid_searches/grid_gru_seq2seq_raw_autoLargest_L30_h10_thr10/checkpoints/trial_432_d659c47ad8.pt,cuda:1,
trial_433_3b07151ee8,complete,gru_seq2seq,raw,128,3,0.0005,0.0,0.0,1.4655927016246546,2.216356836164012,22,4.912237764913825,37,141.12614085152745,results/grid_searches/grid_gru_seq2seq_raw_autoLargest_L30_h10_thr10/checkpoints/trial_433_3b07151ee8.pt,cuda:2,
trial_434_5c9745fd80,complete,gru_seq2seq,raw,128,3,0.0005,0.0,0.5,1.4693738028454253,2.4464303714923927,1,5.985021676594698,16,68.63524553924799,results/grid_searches/grid_gru_seq2seq_raw_autoLargest_L30_h10_thr10/checkpoints/trial_434_5c9745fd80.pt,cuda:0,
trial_435_bd0b0b074f,complete,gru_seq2seq,raw,128,3,0.0005,1e-05,0.0,1.4126384390503923,2.236569509120393,6,5.002243252041974,21,82.07524002343416,results/grid_searches/grid_gru_seq2seq_raw_autoLargest_L30_h10_thr10/checkpoints/trial_435_bd0b0b074f.pt,cuda:1,
trial_436_6208c92e81,complete,gru_seq2seq,raw,128,3,0.0005,1e-05,0.5,1.466024745190634,2.4386356164366627,1,5.946943732153011,16,68.54491920396686,results/grid_searches/grid_gru_seq2seq_raw_autoLargest_L30_h10_thr10/checkpoints/trial_436_6208c92e81.pt,cuda:0,
trial_437_db20eb16ed,complete,gru_seq2seq,raw,128,3,0.0005,0.0001,0.0,1.4171521569099985,2.246821152663878,6,5.048205365410334,21,81.02676662802696,results/grid_searches/grid_gru_seq2seq_raw_autoLargest_L30_h10_thr10/checkpoints/trial_437_db20eb16ed.pt,cuda:1,
trial_438_7bc5da2d31,complete,gru_seq2seq,raw,128,3,0.0005,0.0001,0.5,1.450146207629314,2.408699647238006,1,5.801834198191196,16,66.98219564184546,results/grid_searches/grid_gru_seq2seq_raw_autoLargest_L30_h10_thr10/checkpoints/trial_438_7bc5da2d31.pt,cuda:2,
trial_439_42743d7f81,complete,gru_seq2seq,raw,128,3,0.001,0.0,0.0,1.402228608811392,2.240172234663882,6,5.018371704560292,21,82.91411213204265,results/grid_searches/grid_gru_seq2seq_raw_autoLargest_L30_h10_thr10/checkpoints/trial_439_42743d7f81.pt,cuda:0,
trial_440_19fd4b29eb,complete,gru_seq2seq,raw,128,3,0.001,0.0,0.5,1.4911768741632188,2.398080453785501,6,5.750789866266372,21,87.32903537154198,results/grid_searches/grid_gru_seq2seq_raw_autoLargest_L30_h10_thr10/checkpoints/trial_440_19fd4b29eb.pt,cuda:1,
trial_441_889a8ac90c,complete,gru_seq2seq,raw,128,3,0.001,1e-05,0.0,1.3970531462877989,2.2259182626330576,6,4.9547122529790375,21,81.44931803643703,results/grid_searches/grid_gru_seq2seq_raw_autoLargest_L30_h10_thr10/checkpoints/trial_441_889a8ac90c.pt,cuda:2,
trial_442_c8c57f4007,complete,gru_seq2seq,raw,128,3,0.001,1e-05,0.5,1.5109728445895487,2.311337116950814,31,5.342279413681996,46,200.35592947155237,results/grid_searches/grid_gru_seq2seq_raw_autoLargest_L30_h10_thr10/checkpoints/trial_442_c8c57f4007.pt,cuda:0,
trial_443_86e61087fe,complete,gru_seq2seq,raw,128,3,0.001,0.0001,0.0,1.4086460024580547,2.1265785939166055,41,4.52233669546586,56,221.24888832494617,results/grid_searches/grid_gru_seq2seq_raw_autoLargest_L30_h10_thr10/checkpoints/trial_443_86e61087fe.pt,cuda:1,
trial_444_0ac55ef31c,complete,gru_seq2seq,raw,128,3,0.001,0.0001,0.5,1.4513698671333775,2.314557396662671,19,5.357176059107237,34,147.0780250132084,results/grid_searches/grid_gru_seq2seq_raw_autoLargest_L30_h10_thr10/checkpoints/trial_444_0ac55ef31c.pt,cuda:2,
trial_445_f72ae8f154,complete,gru_seq2seq,raw,128,3,0.003,0.0,0.0,1.409303322295788,2.131718358091181,32,4.544223203840135,47,187.71418369188905,results/grid_searches/grid_gru_seq2seq_raw_autoLargest_L30_h10_thr10/checkpoints/trial_445_f72ae8f154.pt,cuda:0,
trial_446_b3bce228eb,complete,gru_seq2seq,raw,128,3,0.003,0.0,0.5,1.5917802691091842,2.356802933021196,1,5.554520239407503,16,67.41141692176461,results/grid_searches/grid_gru_seq2seq_raw_autoLargest_L30_h10_thr10/checkpoints/trial_446_b3bce228eb.pt,cuda:2,
trial_447_018a23ce4b,complete,gru_seq2seq,raw,128,3,0.003,1e-05,0.0,1.4766192983081445,2.2004096494956253,1,4.841802598856672,16,63.45311393216252,results/grid_searches/grid_gru_seq2seq_raw_autoLargest_L30_h10_thr10/checkpoints/trial_447_018a23ce4b.pt,cuda:1,
trial_448_b7281131f7,complete,gru_seq2seq,raw,128,3,0.003,1e-05,0.5,1.4239206500153376,2.235848156523109,4,4.999017078967034,19,81.75558187440038,results/grid_searches/grid_gru_seq2seq_raw_autoLargest_L30_h10_thr10/checkpoints/trial_448_b7281131f7.pt,cuda:2,
trial_449_efeca3af31,complete,gru_seq2seq,raw,128,3,0.003,0.0001,0.0,1.4111848575301185,2.107581249129325,40,4.4418987343582925,55,233.67227609455585,results/grid_searches/grid_gru_seq2seq_raw_autoLargest_L30_h10_thr10/checkpoints/trial_449_efeca3af31.pt,cuda:1,
trial_450_226b34f5b1,complete,gru_seq2seq,raw,128,3,0.003,0.0001,0.5,1.4613550279044274,2.3297031064711673,14,5.42751669400855,29,131.31230073422194,results/grid_searches/grid_gru_seq2seq_raw_autoLargest_L30_h10_thr10/checkpoints/trial_450_226b34f5b1.pt,cuda:2,
