dataset_name,date,count,mean_signal,median_signal,std_signal,min_signal,max_signal,q05_signal,q95_signal
DOWNLINK-FADE_Fucino_GX4_MarJun2021.csv,2021-03-23,1081,-0.007030527289546716,0.0,0.14614353672496422,-0.4,0.5,-0.2,0.2
DOWNLINK-FADE_Fucino_GX4_MarJun2021.csv,2021-03-24,2879,-0.015422021535255296,0.0,0.14735950452297727,-0.5,0.5,-0.2,0.2
DOWNLINK-FADE_Fucino_GX4_MarJun2021.csv,2021-03-25,2874,0.12971468336812805,0.1,0.14619238125040496,-0.3,0.6,-0.1,0.4
DOWNLINK-FADE_Fucino_GX4_MarJun2021.csv,2021-03-26,2880,0.2125,0.2,0.15351615822803888,-0.2,0.7,0.0,0.5
DOWNLINK-FADE_Fucino_GX4_MarJun2021.csv,2021-03-27,2880,0.2679861111111111,0.3,0.1578867030229931,-0.1,1.2,0.0,0.5
DOWNLINK-FADE_Fucino_GX4_MarJun2021.csv,2021-03-28,2877,0.28686131386861313,0.3,0.17719746658515761,-0.2,0.9,0.0,0.6
DOWNLINK-FADE_Fucino_GX4_MarJun2021.csv,2021-03-29,2876,0.10684979137691238,0.1,0.2973594277227622,-9.9,0.7,-0.3,0.4
DOWNLINK-FADE_Fucino_GX4_MarJun2021.csv,2021-03-30,2880,-0.035520833333333335,0.0,0.16566748875008638,-0.5,0.7,-0.3,0.2
DOWNLINK-FADE_Fucino_GX4_MarJun2021.csv,2021-03-31,2837,-0.014733873810363061,-0.0,0.15920744740698303,-0.5,0.5,-0.3,0.3
DOWNLINK-FADE_Fucino_GX4_MarJun2021.csv,2021-04-01,2879,0.04789857589440778,-0.0,0.18134390058509456,-0.5,0.9,-0.2,0.4
DOWNLINK-FADE_Fucino_GX4_MarJun2021.csv,2021-04-02,2880,0.06253472222222221,0.1,0.1910170004270907,-0.5,0.8,-0.2,0.4
DOWNLINK-FADE_Fucino_GX4_MarJun2021.csv,2021-04-03,2878,0.1521195274496178,0.1,0.24664736386245417,-0.4,1.6,-0.2,0.6
DOWNLINK-FADE_Fucino_GX4_MarJun2021.csv,2021-04-04,2880,-0.1173263888888889,-0.1,0.17463842783706984,-0.6,0.5,-0.4,0.2
DOWNLINK-FADE_Fucino_GX4_MarJun2021.csv,2021-04-05,2880,-0.19694444444444445,-0.2,0.14158472795357485,-0.6,0.3,-0.4,0.0
DOWNLINK-FADE_Fucino_GX4_MarJun2021.csv,2021-04-06,2877,-0.02255822036843935,-0.1,0.21674187770271858,-0.5,1.3,-0.3,0.4
DOWNLINK-FADE_Fucino_GX4_MarJun2021.csv,2021-04-07,2880,-0.08513888888888889,-0.1,0.3112925827165494,-0.7,2.4,-0.4,0.4
DOWNLINK-FADE_Fucino_GX4_MarJun2021.csv,2021-04-08,2880,-0.3079861111111111,-0.3,0.14394858341212666,-0.7,0.2,-0.5,-0.1
DOWNLINK-FADE_Fucino_GX4_MarJun2021.csv,2021-04-09,2879,-0.279645710316082,-0.3,0.1439867651634156,-0.7,0.2,-0.5,0.0
DOWNLINK-FADE_Fucino_GX4_MarJun2021.csv,2021-04-10,2880,-0.1028125,-0.1,0.23724657874913518,-0.6,1.3,-0.4,0.3
DOWNLINK-FADE_Fucino_GX4_MarJun2021.csv,2021-04-11,2872,0.042757660167130916,0.0,0.15870136442113986,-0.5,0.7,-0.2,0.3
DOWNLINK-FADE_Fucino_GX4_MarJun2021.csv,2021-04-12,2879,0.43230288294546715,0.1,0.823912054965581,-0.4,5.3,-0.2,2.3
DOWNLINK-FADE_Fucino_GX4_MarJun2021.csv,2021-04-13,2880,0.04447916666666667,0.0,0.2675141368041436,-0.5,1.8,-0.3,0.5
DOWNLINK-FADE_Fucino_GX4_MarJun2021.csv,2021-04-14,2878,-0.004169562195969425,-0.1,0.31628819483901843,-0.6,1.4,-0.4,0.6
DOWNLINK-FADE_Fucino_GX4_MarJun2021.csv,2021-04-15,2880,0.22409722222222223,0.1,0.392207728973845,-0.5,1.5,-0.3,1.0
DOWNLINK-FADE_Fucino_GX4_MarJun2021.csv,2021-04-16,2880,-0.07659722222222222,-0.1,0.15232669592586445,-0.5,0.4,-0.3,0.2
DOWNLINK-FADE_Fucino_GX4_MarJun2021.csv,2021-04-17,2880,-0.08711805555555556,-0.1,0.16574699587498057,-0.5,0.6,-0.3,0.2
DOWNLINK-FADE_Fucino_GX4_MarJun2021.csv,2021-04-18,2878,0.13936761640027798,0.05,0.3813927466570239,-0.5,2.5,-0.3,0.9
DOWNLINK-FADE_Fucino_GX4_MarJun2021.csv,2021-04-19,2879,0.10302188259812435,0.1,0.27078227448305564,-0.5,1.7,-0.2,0.6
DOWNLINK-FADE_Fucino_GX4_MarJun2021.csv,2021-04-20,2879,0.0459881903438694,-0.0,0.20566268050125935,-0.5,0.9,-0.3,0.4
DOWNLINK-FADE_Fucino_GX4_MarJun2021.csv,2021-04-21,2878,-0.00027797081306462826,0.0,0.15907249592060643,-0.4,0.8,-0.21500000000000058,0.3
DOWNLINK-FADE_Fucino_GX4_MarJun2021.csv,2021-04-22,2880,0.2695486111111111,0.2,0.2182848717524878,-0.3,1.2,0.0,0.7
DOWNLINK-FADE_Fucino_GX4_MarJun2021.csv,2021-04-23,2880,0.08666666666666667,0.1,0.17569195309624108,-0.5,0.8,-0.2,0.4
DOWNLINK-FADE_Fucino_GX4_MarJun2021.csv,2021-04-24,2880,-0.14663194444444444,-0.1,0.1613025844329271,-0.6,0.3,-0.4,0.1
DOWNLINK-FADE_Fucino_GX4_MarJun2021.csv,2021-04-25,2879,-0.10951719346995485,-0.1,0.1867754510371192,-0.6,0.6,-0.4,0.2
DOWNLINK-FADE_Fucino_GX4_MarJun2021.csv,2021-04-26,2880,0.043159722222222224,0.0,0.17549141693675765,-0.4,1.1,-0.2,0.3
DOWNLINK-FADE_Fucino_GX4_MarJun2021.csv,2021-04-27,2880,0.2648611111111111,0.1,0.6450829179086803,-0.4,5.0,-0.2,1.4
DOWNLINK-FADE_Fucino_GX4_MarJun2021.csv,2021-04-28,2842,0.2617874736101337,0.2,0.25963321245601223,-0.3,1.8,-0.1,0.7
DOWNLINK-FADE_Fucino_GX4_MarJun2021.csv,2021-04-29,2880,0.30395833333333333,0.3,0.2924278098380093,-0.2,5.2,0.0,0.7
DOWNLINK-FADE_Fucino_GX4_MarJun2021.csv,2021-04-30,2878,0.33168867268936764,0.3,0.22038137469640995,-0.3,0.9,0.0,0.7
DOWNLINK-FADE_Fucino_GX4_MarJun2021.csv,2021-05-01,2874,0.5838204592901879,0.4,0.5393843583452292,-0.2,3.0,0.0,1.7
DOWNLINK-FADE_Fucino_GX4_MarJun2021.csv,2021-05-02,2880,0.024270833333333335,0.0,0.18239031614292514,-0.4,1.0,-0.3,0.3
DOWNLINK-FADE_Fucino_GX4_MarJun2021.csv,2021-05-03,2879,0.0034386939909690868,-0.0,0.16058436213583993,-0.4,0.6,-0.2,0.3
DOWNLINK-FADE_Fucino_GX4_MarJun2021.csv,2021-05-04,2789,0.2415561133022589,0.2,0.40237532108739243,-0.4,3.0,-0.2,1.0
DOWNLINK-FADE_Fucino_GX4_MarJun2021.csv,2021-05-05,2880,0.14739583333333334,0.1,0.17845042233149325,-0.3,0.9,-0.1,0.5
DOWNLINK-FADE_Fucino_GX4_MarJun2021.csv,2021-05-06,2886,-1.121898821898822,-0.0,3.238840111322137,-9.9,0.7,-9.9,0.3
DOWNLINK-FADE_Fucino_GX4_MarJun2021.csv,2021-05-07,2878,0.20913829047949964,0.2,0.18275463659947436,-0.3,0.9,-0.1,0.5
DOWNLINK-FADE_Fucino_GX4_MarJun2021.csv,2021-05-08,2879,0.2557832580757207,0.2,0.2150368916043997,-0.3,0.9,-0.1,0.6
DOWNLINK-FADE_Fucino_GX4_MarJun2021.csv,2021-05-09,2877,0.30170316301703165,0.3,0.21149318018479696,-0.3,1.1,0.0,0.7
DOWNLINK-FADE_Fucino_GX4_MarJun2021.csv,2021-05-10,2879,0.0984716915595693,0.1,0.20117210006345554,-0.4,0.8,-0.2,0.4
DOWNLINK-FADE_Fucino_GX4_MarJun2021.csv,2021-05-11,2879,0.3498784300104203,0.3,0.49064828463109167,-0.3,5.3,-0.009999999999999433,0.9
DOWNLINK-FADE_Fucino_GX4_MarJun2021.csv,2021-05-12,2870,0.1992682926829268,0.2,0.31705800763781655,-0.4,2.8,-0.1,0.6
DOWNLINK-FADE_Fucino_GX4_MarJun2021.csv,2021-05-13,2868,0.34473500697350073,0.2,0.5211369404579813,-0.4,3.2,-0.2,1.5
DOWNLINK-FADE_Fucino_GX4_MarJun2021.csv,2021-05-14,2879,0.236714136853074,0.1,0.36498465689506504,-0.4,1.6,-0.2,1.0
DOWNLINK-FADE_Fucino_GX4_MarJun2021.csv,2021-05-15,2880,0.18184027777777778,0.2,0.1827202183572442,-0.3,0.8,-0.1,0.5
DOWNLINK-FADE_Fucino_GX4_MarJun2021.csv,2021-05-16,2871,0.41327063740856845,0.4,0.2593508303644088,-0.2,1.4,0.1,0.9
DOWNLINK-FADE_Fucino_GX4_MarJun2021.csv,2021-05-17,2878,0.21025017373175817,0.2,0.19262345541745363,-0.4,1.0,-0.1,0.5
DOWNLINK-FADE_Fucino_GX4_MarJun2021.csv,2021-05-18,2878,0.09843641417651147,0.1,0.22036005852320703,-0.5,0.9,-0.2,0.5
DOWNLINK-FADE_Fucino_GX4_MarJun2021.csv,2021-05-19,2855,0.2623117338003503,0.2,0.3480070109387886,-0.3,3.5,-0.1,0.9
DOWNLINK-FADE_Fucino_GX4_MarJun2021.csv,2021-05-20,2878,0.04266851980542043,0.0,0.15299160863975333,-0.4,0.6,-0.2,0.3
DOWNLINK-FADE_Fucino_GX4_MarJun2021.csv,2021-05-21,2879,0.07134421674192429,0.1,0.17581923589678786,-0.4,0.6,-0.2,0.4
DOWNLINK-FADE_Fucino_GX4_MarJun2021.csv,2021-05-22,2880,0.17770833333333333,0.2,0.19614987694913869,-0.4,0.8,-0.1,0.5
DOWNLINK-FADE_Fucino_GX4_MarJun2021.csv,2021-05-23,2877,0.36830031282586023,0.4,0.212516045806464,-0.2,1.0,0.0,0.7
DOWNLINK-FADE_Fucino_GX4_MarJun2021.csv,2021-05-24,2878,0.3567060458651841,0.4,0.16915991216241302,-0.2,1.3,0.1,0.6
DOWNLINK-FADE_Fucino_GX4_MarJun2021.csv,2021-05-25,2879,0.24901007294199373,0.2,0.16264692797146882,-0.2,0.8,0.0,0.5
DOWNLINK-FADE_Fucino_GX4_MarJun2021.csv,2021-05-26,2873,0.28872258962756703,0.3,0.18588287029936004,-0.2,1.1,0.0,0.6
DOWNLINK-FADE_Fucino_GX4_MarJun2021.csv,2021-05-27,2879,0.24272316776658562,0.2,0.18300352051652435,-0.2,0.9,0.0,0.6
DOWNLINK-FADE_Fucino_GX4_MarJun2021.csv,2021-05-28,2880,0.2142361111111111,0.2,0.18757545148038512,-0.4,0.9,-0.1,0.5
DOWNLINK-FADE_Fucino_GX4_MarJun2021.csv,2021-05-29,2879,0.40017367141368526,0.4,0.25751384801499577,-0.1,2.0,0.1,0.9
DOWNLINK-FADE_Fucino_GX4_MarJun2021.csv,2021-05-30,2877,0.6090371915189433,0.4,0.6570165406655328,-0.2,4.1,0.0,2.2
DOWNLINK-FADE_Fucino_GX4_MarJun2021.csv,2021-05-31,2879,0.12348037513025356,0.1,0.179115197208832,-0.3,0.8,-0.1,0.4
DOWNLINK-FADE_Fucino_GX4_MarJun2021.csv,2021-06-01,2880,0.11336805555555556,0.1,0.1900396933557583,-0.4,0.8,-0.2,0.4
DOWNLINK-FADE_Fucino_GX4_MarJun2021.csv,2021-06-02,2878,0.28356497567755384,0.3,0.20639129457256258,-0.3,1.3,0.0,0.6
DOWNLINK-FADE_Fucino_GX4_MarJun2021.csv,2021-06-03,2839,0.4804860866502289,0.4,0.25062214989033355,-0.1,1.6,0.1,1.0
DOWNLINK-FADE_Fucino_GX4_MarJun2021.csv,2021-06-04,2760,0.4150724637681159,0.4,0.17787455364613566,-0.1,1.0,0.1,0.7
DOWNLINK-FADE_Fucino_GX4_MarJun2021.csv,2021-06-05,2878,0.6327658095899931,0.6,0.7353576314109115,-9.9,10.4,0.2,1.0
DOWNLINK-FADE_Fucino_GX4_MarJun2021.csv,2021-06-06,2877,0.789155370177268,0.7,0.6144135821357711,0.2,6.7,0.4,1.3
DOWNLINK-FADE_Fucino_GX4_MarJun2021.csv,2021-06-07,2878,1.1572272411396802,0.8,1.040371159369211,0.2,11.2,0.5,2.8
DOWNLINK-FADE_Fucino_GX4_MarJun2021.csv,2021-06-08,2877,1.0909280500521377,0.7,1.3561472392514493,0.3,15.2,0.5,2.7
DOWNLINK-FADE_Fucino_GX4_MarJun2021.csv,2021-06-09,2879,0.586453629732546,0.6,0.20125707404689117,0.0,1.6,0.3,0.9
DOWNLINK-FADE_Fucino_GX4_MarJun2021.csv,2021-06-10,2879,0.5956234803751302,0.6,0.1968169708948371,0.1,1.8,0.3,0.9
DOWNLINK-FADE_Fucino_GX4_MarJun2021.csv,2021-06-11,2880,0.7130555555555556,0.6,0.401935708402683,0.1,3.9,0.3,1.6
DOWNLINK-FADE_Fucino_GX4_MarJun2021.csv,2021-06-12,2876,0.6754867872044507,0.7,0.2187250157641177,0.1,1.8,0.3,1.0
DOWNLINK-FADE_Fucino_GX4_MarJun2021.csv,2021-06-13,2878,0.759728978457262,0.7,0.4479833888107894,0.1,3.9,0.3,1.3
DOWNLINK-FADE_Fucino_GX4_MarJun2021.csv,2021-06-14,2880,0.6864236111111112,0.7,0.23126512469483962,0.1,1.6,0.3,1.0049999999999728
DOWNLINK-FADE_Fucino_GX4_MarJun2021.csv,2021-06-15,2878,0.4125086865879083,0.4,0.23849960215981741,-0.2,1.2,0.0,0.8
DOWNLINK-FADE_Fucino_GX4_MarJun2021.csv,2021-06-16,2867,1.1618067666550402,0.8,1.0210772196058544,-9.9,3.8,0.1,2.7
DOWNLINK-FADE_Fucino_GX4_MarJun2021.csv,2021-06-17,2880,0.6322916666666667,0.6,0.20773249005918548,0.1,1.5,0.3,1.0
DOWNLINK-FADE_Fucino_GX4_MarJun2021.csv,2021-06-18,2775,0.8421261261261261,0.8,0.34411598278658395,0.2,3.9,0.4,1.3
DOWNLINK-FADE_Fucino_GX4_MarJun2021.csv,2021-06-19,2878,0.749166087560806,0.7,0.18986576548099576,0.2,1.4,0.4,1.1
DOWNLINK-FADE_Fucino_GX4_MarJun2021.csv,2021-06-20,2880,0.8282291666666667,0.8,0.22170748602807563,0.2,1.5,0.5,1.2
DOWNLINK-FADE_Fucino_GX4_MarJun2021.csv,2021-06-21,2828,0.7921852899575672,0.8,0.3594582326917809,-9.9,1.5,0.5,1.2
DOWNLINK-FADE_Fucino_GX4_MarJun2021.csv,2021-06-22,2879,0.7145189301840916,0.7,0.22894530264823593,0.1,1.4,0.3,1.1
DOWNLINK-FADE_Fucino_GX4_MarJun2021.csv,2021-06-23,2878,0.7483321751216122,0.7,0.22448875563030618,0.1,2.4,0.4,1.1
DOWNLINK-FADE_Fucino_GX4_MarJun2021.csv,2021-06-24,2880,0.7785416666666666,0.8,0.2466544995888366,0.2,2.8,0.4,1.2
DOWNLINK-FADE_Fucino_GX4_MarJun2021.csv,2021-06-25,2878,0.8092425295343989,0.8,0.24561086176488117,0.2,2.7,0.5,1.2
DOWNLINK-FADE_Fucino_GX4_MarJun2021.csv,2021-06-26,2877,0.5625651720542232,0.6,0.21017102532304663,0.0,1.2,0.2,0.9
DOWNLINK-FADE_Fucino_GX4_MarJun2021.csv,2021-06-27,2879,0.5458492532129211,0.6,0.24162691174795273,-0.1,1.2,0.2,0.9
DOWNLINK-FADE_Fucino_GX4_MarJun2021.csv,2021-06-28,2882,0.2141915336571825,0.6,1.948027381487704,-9.9,1.2,0.2,0.9
DOWNLINK-FADE_Fucino_GX4_MarJun2021.csv,2021-06-29,2880,0.6598263888888889,0.7,0.28998683253001956,-0.1,1.6,0.2,1.1
DOWNLINK-FADE_Fucino_GX4_MarJun2021.csv,2021-06-30,2801,0.561727954302035,0.5,0.2317767065064827,-0.1,1.5,0.2,1.0
DOWNLINK-FADE_Fucino_GX4_MarJun2021.csv,2021-07-01,2881,0.42558139534883715,0.4,0.24834497397408964,-0.2,1.2,0.0,0.8
DOWNLINK-FADE_Fucino_GX4_MarJun2021.csv,2021-07-02,2879,0.5164640500173672,0.5,0.20981775409553863,-0.1,1.1,0.2,0.8
DOWNLINK-FADE_Fucino_GX4_MarJun2021.csv,2021-07-03,2879,0.7139979159430357,0.7,0.24182670297023937,0.1,1.3,0.3,1.1
DOWNLINK-FADE_Fucino_GX4_MarJun2021.csv,2021-07-04,2879,0.7776311219173325,0.8,0.214744417354876,0.1,1.6,0.4,1.1
DOWNLINK-FADE_Fucino_GX4_MarJun2021.csv,2021-07-05,2879,0.6972907259465092,0.7,0.19024039112397825,0.1,1.7,0.4,1.0
DOWNLINK-FADE_Fucino_GX4_MarJun2021.csv,2021-07-06,2878,0.7321751216122306,0.8,0.303702436404281,0.0,1.5,0.2,1.2
DOWNLINK-FADE_Fucino_GX4_MarJun2021.csv,2021-07-07,2868,0.8904811715481172,0.9,0.24348514183585238,0.3,1.6,0.5,1.3
DOWNLINK-FADE_Fucino_GX4_MarJun2021.csv,2021-07-08,2837,0.9447303489601692,0.9,0.22116000653318463,0.4,2.6,0.6,1.3
DOWNLINK-FADE_Fucino_GX4_MarJun2021.csv,2021-07-09,2880,0.7897916666666667,0.8,0.20203882214748028,0.3,1.6,0.5,1.1
DOWNLINK-FADE_Fucino_GX4_MarJun2021.csv,2021-07-10,2878,0.7782140375260597,0.8,0.26960753679640065,0.1,1.5,0.3,1.2
DOWNLINK-FADE_Fucino_GX4_MarJun2021.csv,2021-07-11,2881,0.8682054842068727,0.7,0.4907008955287236,0.1,2.5,0.3,1.8
DOWNLINK-FADE_Fucino_GX4_MarJun2021.csv,2021-07-12,2878,0.623002084781098,0.6,0.26716840744734927,0.0,1.3,0.2,1.0
DOWNLINK-FADE_Fucino_GX4_MarJun2021.csv,2021-07-13,2878,0.8129603891591383,0.8,0.22984374366369675,0.2,2.4,0.5,1.2
DOWNLINK-FADE_Fucino_GX4_MarJun2021.csv,2021-07-14,2877,0.4907542579075426,0.5,0.19915857708086537,-0.1,1.2,0.2,0.8
DOWNLINK-FADE_Fucino_GX4_MarJun2021.csv,2021-07-15,2874,0.5361517049408491,0.5,0.18519313617858382,0.0,1.5,0.2,0.8
DOWNLINK-FADE_Fucino_GX4_MarJun2021.csv,2021-07-16,2876,1.2925938803894297,0.7,2.148033863359686,0.1,19.3,0.4,3.5
DOWNLINK-FADE_Fucino_GX4_MarJun2021.csv,2021-07-17,2878,1.053509381514941,0.9,0.6500072337895113,0.3,4.8,0.5,2.715000000000009
DOWNLINK-FADE_Fucino_GX4_MarJun2021.csv,2021-07-18,2866,1.0581995812979763,0.8,1.368099828705944,0.3,21.2,0.5,2.2
DOWNLINK-FADE_Fucino_GX4_MarJun2021.csv,2021-07-19,1080,0.846111111111111,0.8,0.2405655729147354,0.4,2.2,0.6,1.2
DOWNLINK-FADE_Fucino_GX5_AprJun2021.csv,2021-04-01,1415,-0.004734982332155476,-0.0,0.7090236107742413,-9.9,0.4,-0.2,0.2
DOWNLINK-FADE_Fucino_GX5_AprJun2021.csv,2021-04-02,2879,0.052900312608544636,0.1,0.5098246991877873,-9.9,0.5,-0.1,0.3
DOWNLINK-FADE_Fucino_GX5_AprJun2021.csv,2021-04-03,2878,0.17011813759555247,0.2,0.30917504900249104,-9.9,0.9,-0.1,0.4
DOWNLINK-FADE_Fucino_GX5_AprJun2021.csv,2021-04-04,2880,0.1423263888888889,0.2,0.34998655915959587,-9.9,0.6,-0.1,0.4
DOWNLINK-FADE_Fucino_GX5_AprJun2021.csv,2021-04-05,2874,0.0709812108559499,0.1,0.44326566845591536,-9.9,0.6,-0.1,0.4
DOWNLINK-FADE_Fucino_GX5_AprJun2021.csv,2021-04-06,2877,0.09318734793187348,0.1,0.5180156558989509,-9.9,1.0,-0.1,0.4
DOWNLINK-FADE_Fucino_GX5_AprJun2021.csv,2021-04-07,2880,0.3395486111111111,0.3,0.4056673082538365,-9.9,2.2,0.1,0.6
DOWNLINK-FADE_Fucino_GX5_AprJun2021.csv,2021-04-08,2878,0.1554899235580264,0.2,0.3169678748996205,-9.9,0.9,-0.1,0.5
DOWNLINK-FADE_Fucino_GX5_AprJun2021.csv,2021-04-09,2873,0.04131569787678385,0.1,0.4442160893917753,-9.9,0.6,-0.2,0.3
DOWNLINK-FADE_Fucino_GX5_AprJun2021.csv,2021-04-10,2879,0.03195554011809656,0.1,0.5755198545285942,-9.9,0.8,-0.2,0.3
DOWNLINK-FADE_Fucino_GX5_AprJun2021.csv,2021-04-11,2873,0.08513748694744169,0.1,0.4363112064846925,-9.9,0.7,-0.1,0.3
DOWNLINK-FADE_Fucino_GX5_AprJun2021.csv,2021-04-12,2878,0.3294649061848506,0.2,0.5436080290468369,-9.9,3.2,0.0,1.2
DOWNLINK-FADE_Fucino_GX5_AprJun2021.csv,2021-04-13,2881,0.24536619229434223,0.2,0.2455157826641655,-9.9,1.3,0.0,0.5
DOWNLINK-FADE_Fucino_GX5_AprJun2021.csv,2021-04-14,2878,0.26785962473940234,0.3,0.17661023943435541,-0.3,0.9,0.0,0.6
DOWNLINK-FADE_Fucino_GX5_AprJun2021.csv,2021-04-15,2867,0.2625043599581444,0.2,0.33980989856861615,-9.9,1.0,0.0,0.6699999999999817
DOWNLINK-FADE_Fucino_GX5_AprJun2021.csv,2021-04-16,2879,0.1245224036123654,0.1,0.4798543031952352,-9.9,0.6,-0.1,0.4
DOWNLINK-FADE_Fucino_GX5_AprJun2021.csv,2021-04-17,2880,0.0811111111111111,0.1,0.47590517926079984,-9.9,0.6,-0.1,0.3
DOWNLINK-FADE_Fucino_GX5_AprJun2021.csv,2021-04-18,2877,0.15856795272853666,0.1,0.437522620104781,-9.9,1.7,-0.1,0.5
DOWNLINK-FADE_Fucino_GX5_AprJun2021.csv,2021-04-19,2876,0.18428372739916551,0.2,0.3676716987741347,-9.9,1.0,0.0,0.5
DOWNLINK-FADE_Fucino_GX5_AprJun2021.csv,2021-04-20,2878,0.1862404447533009,0.2,0.48080106427047975,-9.9,2.0,-0.1,0.5
DOWNLINK-FADE_Fucino_GX5_AprJun2021.csv,2021-04-21,2872,0.18819637883008355,0.2,0.2316252282029518,-9.9,0.7,0.0,0.4
DOWNLINK-FADE_Fucino_GX5_AprJun2021.csv,2021-04-22,2879,0.34793331017714485,0.3,0.2539918982223588,-9.9,1.1,0.1,0.6
DOWNLINK-FADE_Fucino_GX5_AprJun2021.csv,2021-04-23,2877,0.3037539103232534,0.3,0.14938382688872662,-0.1,0.9,0.1,0.6
DOWNLINK-FADE_Fucino_GX5_AprJun2021.csv,2021-04-24,2879,0.2149010072941994,0.2,0.14521646011172337,-0.2,0.6,0.0,0.4
DOWNLINK-FADE_Fucino_GX5_AprJun2021.csv,2021-04-25,2879,0.20138937130948245,0.2,0.35500709235188516,-9.9,0.7,0.0,0.4
DOWNLINK-FADE_Fucino_GX5_AprJun2021.csv,2021-04-26,2878,0.24447533009034053,0.2,0.30024156520953316,-9.9,0.8,0.0,0.5
DOWNLINK-FADE_Fucino_GX5_AprJun2021.csv,2021-04-27,2879,0.3995484543244182,0.3,0.3832260435867976,-9.9,4.5,0.1,0.9
DOWNLINK-FADE_Fucino_GX5_AprJun2021.csv,2021-04-28,2825,0.40329203539823005,0.4,0.17497408151934887,0.0,1.5,0.2,0.7
DOWNLINK-FADE_Fucino_GX5_AprJun2021.csv,2021-04-29,2877,0.41873479318734796,0.4,0.2199698065695061,0.0,3.5,0.2,0.7
DOWNLINK-FADE_Fucino_GX5_AprJun2021.csv,2021-04-30,2875,0.3691478260869565,0.4,0.23558911498071172,-9.9,0.9,0.2,0.6
DOWNLINK-FADE_Fucino_GX5_AprJun2021.csv,2021-05-01,2874,0.5484342379958247,0.5,0.2794741432634957,-0.0,2.1,0.2,1.0
DOWNLINK-FADE_Fucino_GX5_AprJun2021.csv,2021-05-02,2880,0.41,0.4,0.24300709612464574,-9.9,1.1,0.2,0.7
DOWNLINK-FADE_Fucino_GX5_AprJun2021.csv,2021-05-03,2876,0.37663421418637,0.4,0.12598111548381957,0.0,0.9,0.2,0.6
DOWNLINK-FADE_Fucino_GX5_AprJun2021.csv,2021-05-04,2786,0.4643933955491744,0.4,0.29241016962969096,-9.9,2.0,0.2,0.8
DOWNLINK-FADE_Fucino_GX5_AprJun2021.csv,2021-05-05,2880,0.47746527777777775,0.5,0.14772501575757513,-0.0,1.0,0.2,0.7
DOWNLINK-FADE_Fucino_GX5_AprJun2021.csv,2021-05-06,2877,0.45578727841501565,0.5,0.13479513871374904,0.0,0.9,0.2,0.7
DOWNLINK-FADE_Fucino_GX5_AprJun2021.csv,2021-05-07,2879,0.5237929836748871,0.5,0.13695306995388987,0.1,1.1,0.3,0.7
DOWNLINK-FADE_Fucino_GX5_AprJun2021.csv,2021-05-08,2873,0.5788722589627566,0.6,0.1363924705777638,0.2,1.2,0.4,0.8
DOWNLINK-FADE_Fucino_GX5_AprJun2021.csv,2021-05-09,2878,0.5714384989576095,0.6,0.13800334560219363,0.1,1.1,0.4,0.8
DOWNLINK-FADE_Fucino_GX5_AprJun2021.csv,2021-05-10,2877,0.5172401807438304,0.5,0.14130438327472938,0.0,1.0,0.3,0.7
DOWNLINK-FADE_Fucino_GX5_AprJun2021.csv,2021-05-11,2866,0.6823098394975575,0.6,0.3388787120090151,-9.9,2.9,0.4,1.0
DOWNLINK-FADE_Fucino_GX5_AprJun2021.csv,2021-05-12,2863,0.6401676563045756,0.6,0.21696135380377185,0.1,2.0,0.4,1.0
DOWNLINK-FADE_Fucino_GX5_AprJun2021.csv,2021-05-13,2870,0.7228919860627178,0.7,0.24800774431324585,0.1,2.1,0.4,1.2
DOWNLINK-FADE_Fucino_GX5_AprJun2021.csv,2021-05-14,2871,0.6315917798676419,0.6,0.1794927284600592,0.1,1.3,0.4,0.95
DOWNLINK-FADE_Fucino_GX5_AprJun2021.csv,2021-05-15,2878,0.637595552466991,0.6,0.1322411312577917,0.2,1.2,0.4,0.8
DOWNLINK-FADE_Fucino_GX5_AprJun2021.csv,2021-05-16,2866,0.688764829030007,0.7,0.17315290733205993,0.2,1.5,0.4,1.0
DOWNLINK-FADE_Fucino_GX5_AprJun2021.csv,2021-05-17,2878,0.6121612230715775,0.6,0.13930953074768804,0.1,1.1,0.4,0.8
DOWNLINK-FADE_Fucino_GX5_AprJun2021.csv,2021-05-18,2878,0.5876997915218901,0.6,0.1353230568874535,0.1,1.1,0.4,0.8
DOWNLINK-FADE_Fucino_GX5_AprJun2021.csv,2021-05-19,2850,0.7587368421052632,0.7,0.19986609472379252,0.2,2.4,0.5,1.1
DOWNLINK-FADE_Fucino_GX5_AprJun2021.csv,2021-05-20,2250,0.7033333333333334,0.7,0.14079902835268454,0.3,1.2,0.5,0.9
DOWNLINK-FADE_Fucino_GX5_AprJun2021.csv,2021-05-21,1784,0.6705156950672646,0.7,0.13618700967544572,0.2,1.2,0.5,0.9
DOWNLINK-FADE_Fucino_GX5_AprJun2021.csv,2021-05-22,2880,0.6855208333333334,0.7,0.1326856982848961,0.2,1.2,0.5,0.9
DOWNLINK-FADE_Fucino_GX5_AprJun2021.csv,2021-05-23,2877,0.7499131039277025,0.7,0.13599742066295117,0.3,1.3,0.5,1.0
DOWNLINK-FADE_Fucino_GX5_AprJun2021.csv,2021-05-24,2874,0.7309672929714685,0.7,0.14928057074211856,0.3,1.3,0.5,1.0
DOWNLINK-FADE_Fucino_GX5_AprJun2021.csv,2021-05-25,2875,0.7741565217391304,0.8,0.14182652518017394,0.3,1.3,0.5,1.0
DOWNLINK-FADE_Fucino_GX5_AprJun2021.csv,2021-05-26,2698,0.8113046701260193,0.8,0.16488690921203575,0.4,1.5,0.6,1.1
DOWNLINK-FADE_Fucino_GX5_AprJun2021.csv,2021-05-27,2877,0.7870351060132083,0.8,0.14593043460325664,0.4,1.7,0.6,1.0
DOWNLINK-FADE_Fucino_GX5_AprJun2021.csv,2021-05-28,2876,0.7582058414464534,0.8,0.1444586200920842,0.3,1.6,0.5,1.0
DOWNLINK-FADE_Fucino_GX5_AprJun2021.csv,2021-05-29,2877,0.8365311087938825,0.8,0.17062694309088647,0.3,2.0,0.6,1.1
DOWNLINK-FADE_Fucino_GX5_AprJun2021.csv,2021-05-30,2873,1.0504698920988513,1.0,0.3447385396791813,0.5,2.9,0.7,1.9
DOWNLINK-FADE_Fucino_GX5_AprJun2021.csv,2021-05-31,2878,0.8129256428075052,0.8,0.13801206176547254,0.3,1.3,0.6,1.0
DOWNLINK-FADE_Fucino_GX5_AprJun2021.csv,2021-06-01,2879,0.7513720041681139,0.8,0.3191545906598261,-9.9,1.7,0.5,1.0
DOWNLINK-FADE_Fucino_GX5_AprJun2021.csv,2021-06-02,2875,0.874991304347826,0.9,0.1750354122462812,0.3,1.8,0.6,1.2
DOWNLINK-FADE_Fucino_GX5_AprJun2021.csv,2021-06-03,2841,0.9602252727912707,0.9,0.1921756970328849,0.5,2.1,0.7,1.3
DOWNLINK-FADE_Fucino_GX5_AprJun2021.csv,2021-06-04,2759,0.9098223994200798,0.9,0.1458189508127822,0.4,1.4,0.7,1.1
DOWNLINK-FADE_Fucino_GX5_AprJun2021.csv,2021-06-05,2875,1.0624347826086957,1.0,0.3274938877721122,0.6,6.2,0.8,1.3
DOWNLINK-FADE_Fucino_GX5_AprJun2021.csv,2021-06-06,2877,1.156517205422315,1.1,0.3890407153030855,0.7,5.6,0.9,1.6
DOWNLINK-FADE_Fucino_GX5_AprJun2021.csv,2021-06-07,2875,1.283095652173913,1.2,0.46075580426901824,0.6,7.3,0.9,2.2
DOWNLINK-FADE_Fucino_GX5_AprJun2021.csv,2021-06-08,2872,1.3082869080779944,1.1,0.672395130322192,-9.9,5.3,0.9,2.4
DOWNLINK-FADE_Fucino_GX5_AprJun2021.csv,2021-06-09,2876,1.0183588317107093,1.0,0.14084299452958485,0.6,1.6,0.8,1.3
DOWNLINK-FADE_Fucino_GX5_AprJun2021.csv,2021-06-10,2876,1.0392906815020861,1.0,0.17892447081794943,0.6,2.8,0.8,1.3
DOWNLINK-FADE_Fucino_GX5_AprJun2021.csv,2021-06-11,2878,1.0820708825573315,1.1,0.20514316536707372,0.5,2.5,0.8,1.4
DOWNLINK-FADE_Fucino_GX5_AprJun2021.csv,2021-06-12,2872,1.0674094707520891,1.0,0.1712428460318867,0.7,2.8,0.9,1.3
DOWNLINK-FADE_Fucino_GX5_AprJun2021.csv,2021-06-13,2879,1.0577978464744704,1.1,0.1385701307964293,0.6,1.5,0.8,1.3
DOWNLINK-FADE_Fucino_GX5_AprJun2021.csv,2021-06-14,2878,1.1018068102849201,1.1,0.21960767352236463,0.5,3.6,0.8,1.4
DOWNLINK-FADE_Fucino_GX5_AprJun2021.csv,2021-06-15,2871,0.9732497387669803,1.0,0.15008195198840388,0.5,1.5,0.7,1.2
DOWNLINK-FADE_Fucino_GX5_AprJun2021.csv,2021-06-16,2874,1.0457550452331246,1.0,0.2831214377943772,0.6,13.4,0.8,1.3
DOWNLINK-FADE_Fucino_GX5_AprJun2021.csv,2021-06-17,2879,1.1657519972212573,1.2,0.14135149674127684,0.7,1.7,0.9,1.4
DOWNLINK-FADE_Fucino_GX5_AprJun2021.csv,2021-06-18,2766,1.225234996384671,1.2,0.19638560184509823,0.8,5.8,1.0,1.5
DOWNLINK-FADE_Fucino_GX5_AprJun2021.csv,2021-06-19,2872,1.1592270194986074,1.2,0.13624752095858003,0.6,1.7,0.9,1.4
DOWNLINK-FADE_Fucino_GX5_AprJun2021.csv,2021-06-20,2878,1.180090340514246,1.2,0.12880183186340258,0.8,1.6,1.0,1.4
DOWNLINK-FADE_Fucino_GX5_AprJun2021.csv,2021-06-21,2871,1.1944618599791015,1.2,0.14870163234211098,0.7,1.8,1.0,1.5
DOWNLINK-FADE_Fucino_GX5_AprJun2021.csv,2021-06-22,2875,1.1606260869565217,1.2,0.13931794420215513,0.7,1.7,0.9,1.4
DOWNLINK-FADE_Fucino_GX5_AprJun2021.csv,2021-06-23,2874,1.147668754349339,1.1,0.15930297688862,0.7,3.0,0.9,1.4
DOWNLINK-FADE_Fucino_GX5_AprJun2021.csv,2021-06-24,2880,1.1828472222222222,1.2,0.17987747438994833,0.7,3.3,0.9,1.4
DOWNLINK-FADE_Fucino_GX5_AprJun2021.csv,2021-06-25,2879,1.2600208405696423,1.3,0.15263313006642043,0.8,2.8,1.0,1.5
DOWNLINK-FADE_Fucino_GX5_AprJun2021.csv,2021-06-26,2877,1.2180048661800487,1.2,0.1481777912996693,0.8,1.9,1.0,1.5
DOWNLINK-FADE_Fucino_GX5_AprJun2021.csv,2021-06-27,2860,1.213041958041958,1.2,0.1397338385399209,0.7,1.6,1.0,1.4
DOWNLINK-FADE_Fucino_GX5_AprJun2021.csv,2021-06-28,2880,1.2289236111111113,1.2,0.14383312954263167,0.8,1.7,1.0,1.5
DOWNLINK-FADE_Fucino_GX5_AprJun2021.csv,2021-06-29,2772,1.268001443001443,1.3,0.13380548423923672,0.8,1.8,1.1,1.5
DOWNLINK-FADE_Fucino_GX5_AprJun2021.csv,2021-06-30,1580,1.2985443037974682,1.3,0.4209872981366049,-9.9,1.8,1.1,1.5
UPLINK-FADE_Fucino_GX4_AprJun2021.csv,2021-04-01,2849,0.097016497016497,0.1,0.36032359063280434,-1.0,1.8,-0.4,0.7
UPLINK-FADE_Fucino_GX4_AprJun2021.csv,2021-04-02,2880,0.12427083333333333,0.1,0.37964603390904644,-0.9,1.6,-0.5,0.8
UPLINK-FADE_Fucino_GX4_AprJun2021.csv,2021-04-03,2878,0.30476025017373176,0.2,0.49225661438753626,-0.8,3.2,-0.4,1.2
UPLINK-FADE_Fucino_GX4_AprJun2021.csv,2021-04-04,2880,-0.23368055555555556,-0.3,0.3477576590240721,-1.3,1.1,-0.8,0.4
UPLINK-FADE_Fucino_GX4_AprJun2021.csv,2021-04-05,2880,-0.3934375,-0.4,0.2798960065589885,-1.2,0.6,-0.8,0.1
UPLINK-FADE_Fucino_GX4_AprJun2021.csv,2021-04-06,2877,-0.044351755300660406,-0.1,0.4293235922691319,-1.0,2.6,-0.6,0.8
UPLINK-FADE_Fucino_GX4_AprJun2021.csv,2021-04-07,2880,-0.17180555555555557,-0.3,0.6211929863838174,-1.3,4.9,-0.8,0.8049999999999727
UPLINK-FADE_Fucino_GX4_AprJun2021.csv,2021-04-08,2880,-0.6170486111111111,-0.6,0.28339044972185407,-1.5,0.4,-1.1,-0.1
UPLINK-FADE_Fucino_GX4_AprJun2021.csv,2021-04-09,2879,-0.5616186175755471,-0.6,0.2816663764405136,-1.4,0.4,-1.0,-0.1
UPLINK-FADE_Fucino_GX4_AprJun2021.csv,2021-04-10,2880,-0.20513888888888887,-0.2,0.4724445691748858,-1.2,2.6,-0.9,0.6
UPLINK-FADE_Fucino_GX4_AprJun2021.csv,2021-04-11,2872,0.0855849582172702,0.1,0.3135638102024608,-0.9,1.3,-0.4,0.6
UPLINK-FADE_Fucino_GX4_AprJun2021.csv,2021-04-12,2879,0.8634942688433483,0.3,1.645723631385847,-0.7,10.7,-0.3,4.5
UPLINK-FADE_Fucino_GX4_AprJun2021.csv,2021-04-13,2880,0.08965277777777778,0.0,0.5319691681142507,-0.9,3.6,-0.5049999999999983,1.1
UPLINK-FADE_Fucino_GX4_AprJun2021.csv,2021-04-14,2878,-0.010771369006254344,-0.1,0.6286757983991487,-1.2,2.9,-0.8,1.2
UPLINK-FADE_Fucino_GX4_AprJun2021.csv,2021-04-15,2880,0.4513888888888889,0.3,0.7830512820572608,-1.0,3.0,-0.5,2.0
UPLINK-FADE_Fucino_GX4_AprJun2021.csv,2021-04-16,2880,-0.15059027777777778,-0.2,0.3005373192809434,-1.0,0.9,-0.6,0.4
UPLINK-FADE_Fucino_GX4_AprJun2021.csv,2021-04-17,2880,-0.17364583333333333,-0.2,0.32886477231259986,-1.1,1.2,-0.7,0.4
UPLINK-FADE_Fucino_GX4_AprJun2021.csv,2021-04-18,2878,0.2785962473940236,0.1,0.7608013832908915,-1.0,4.9,-0.5,1.715000000000009
UPLINK-FADE_Fucino_GX4_AprJun2021.csv,2021-04-19,2879,0.2061479680444599,0.1,0.5404490646124291,-0.9,3.5,-0.4,1.2
UPLINK-FADE_Fucino_GX4_AprJun2021.csv,2021-04-20,2879,0.09357415769364362,0.1,0.40871802574842897,-1.0,1.8,-0.5,0.8
UPLINK-FADE_Fucino_GX4_AprJun2021.csv,2021-04-21,2878,-3.4746351633078404e-05,0.0,0.31558410158612055,-0.8,1.6,-0.5,0.5
UPLINK-FADE_Fucino_GX4_AprJun2021.csv,2021-04-22,2880,0.5389930555555555,0.5,0.4336053206655239,-0.6,2.5,-0.1,1.3049999999999728
UPLINK-FADE_Fucino_GX4_AprJun2021.csv,2021-04-23,2880,0.1715972222222222,0.2,0.34728973601668944,-1.0,1.6,-0.4,0.8
UPLINK-FADE_Fucino_GX4_AprJun2021.csv,2021-04-24,2880,-0.29260416666666667,-0.3,0.31917555567764383,-1.2,0.7,-0.8,0.3
UPLINK-FADE_Fucino_GX4_AprJun2021.csv,2021-04-25,2879,-0.21788815560958666,-0.2,0.37127054920098107,-1.2,1.2,-0.8,0.4
UPLINK-FADE_Fucino_GX4_AprJun2021.csv,2021-04-26,2880,0.08597222222222221,0.1,0.3469077801256375,-0.8,2.2,-0.4,0.7
UPLINK-FADE_Fucino_GX4_AprJun2021.csv,2021-04-27,2880,0.5307986111111112,0.3,1.2890268391884334,-0.9,10.1,-0.5,2.704999999999973
UPLINK-FADE_Fucino_GX4_AprJun2021.csv,2021-04-28,2842,0.5245953553835327,0.4,0.5162855668858939,-0.5,3.5,-0.1,1.4
UPLINK-FADE_Fucino_GX4_AprJun2021.csv,2021-04-29,2880,0.6038541666666666,0.5,0.5827815405312888,-0.5,10.4,0.0,1.4
UPLINK-FADE_Fucino_GX4_AprJun2021.csv,2021-04-30,2878,0.6621959694232106,0.7,0.4365500198975167,-0.7,1.9,-0.1,1.4
UPLINK-FADE_Fucino_GX4_AprJun2021.csv,2021-05-01,2874,1.1671885873347252,0.9,1.0779141987028849,-0.5,5.9,0.0,3.4349999999999907
UPLINK-FADE_Fucino_GX4_AprJun2021.csv,2021-05-02,2880,0.04868055555555555,0.0,0.36001764946079506,-0.9,2.0,-0.5,0.6
UPLINK-FADE_Fucino_GX4_AprJun2021.csv,2021-05-03,2879,0.008614102118791246,0.0,0.317962573500616,-0.8,1.3,-0.5,0.6
UPLINK-FADE_Fucino_GX4_AprJun2021.csv,2021-05-04,2789,0.48501254930082466,0.3,0.8040325028407629,-0.8,6.0,-0.4,2.1
UPLINK-FADE_Fucino_GX4_AprJun2021.csv,2021-05-05,2880,0.2957291666666667,0.3,0.35369211681103246,-0.7,1.9,-0.2,0.9
UPLINK-FADE_Fucino_GX4_AprJun2021.csv,2021-05-06,2886,-1.0596327096327096,0.1,3.2726886858058797,-9.9,1.4,-9.9,0.7
UPLINK-FADE_Fucino_GX4_AprJun2021.csv,2021-05-07,2878,0.41681723419041,0.4,0.3634624965486161,-0.5,1.7,-0.2,1.0
UPLINK-FADE_Fucino_GX4_AprJun2021.csv,2021-05-08,2879,0.5126432789162904,0.5,0.42623315136385087,-0.6,1.9,-0.1,1.2099999999999909
UPLINK-FADE_Fucino_GX4_AprJun2021.csv,2021-05-09,2877,0.6017379214459506,0.6,0.4192479982099495,-0.7,2.1,-0.1,1.3
UPLINK-FADE_Fucino_GX4_AprJun2021.csv,2021-05-10,2879,0.19791594303577628,0.2,0.4011135887371149,-0.9,1.5,-0.4,0.9
UPLINK-FADE_Fucino_GX4_AprJun2021.csv,2021-05-11,2879,0.7008683570684265,0.5,0.9824675415276735,-0.5,10.6,-0.1,1.7
UPLINK-FADE_Fucino_GX4_AprJun2021.csv,2021-05-12,2870,0.3976655052264808,0.3,0.631781262164669,-0.9,5.6,-0.2,1.2
UPLINK-FADE_Fucino_GX4_AprJun2021.csv,2021-05-13,2868,0.6902370990237099,0.4,1.0400569191670779,-0.9,6.3,-0.4,2.9
UPLINK-FADE_Fucino_GX4_AprJun2021.csv,2021-05-14,2879,0.4726988537686697,0.3,0.7263180561303367,-0.8,3.1,-0.4,2.0
UPLINK-FADE_Fucino_GX4_AprJun2021.csv,2021-05-15,2880,0.3648263888888889,0.3,0.35850550097896616,-0.6,1.7,-0.2,1.0
UPLINK-FADE_Fucino_GX4_AprJun2021.csv,2021-05-16,2871,0.8274120515499825,0.8,0.5159520382401032,-0.3,2.8,0.1,1.8
UPLINK-FADE_Fucino_GX4_AprJun2021.csv,2021-05-17,2878,0.4180681028492009,0.4,0.38309809408011186,-0.8,2.0,-0.2,1.0
UPLINK-FADE_Fucino_GX4_AprJun2021.csv,2021-05-18,2878,0.1977067407922168,0.1,0.43687552462266627,-1.0,1.9,-0.4,1.0
UPLINK-FADE_Fucino_GX4_AprJun2021.csv,2021-05-19,2855,0.5247285464098074,0.4,0.693299132896225,-0.5,7.1,-0.2,1.7
UPLINK-FADE_Fucino_GX4_AprJun2021.csv,2021-05-20,2878,0.08412091730368311,0.1,0.30345268743965287,-0.8,1.2,-0.4,0.6
UPLINK-FADE_Fucino_GX4_AprJun2021.csv,2021-05-21,2879,0.14258423063563738,0.1,0.3469309366678887,-0.8,1.3,-0.4,0.7
UPLINK-FADE_Fucino_GX4_AprJun2021.csv,2021-05-22,2880,0.3527777777777778,0.3,0.3895106867886102,-0.7,1.7,-0.3,1.0
UPLINK-FADE_Fucino_GX4_AprJun2021.csv,2021-05-23,2877,0.7393117831074035,0.8,0.4231167213082917,-0.3,1.9,-0.0,1.4
UPLINK-FADE_Fucino_GX4_AprJun2021.csv,2021-05-24,2878,0.710632383599722,0.7,0.3345241065239091,-0.3,2.6,0.2,1.3
UPLINK-FADE_Fucino_GX4_AprJun2021.csv,2021-05-25,2879,0.4970823202500868,0.5,0.32136970773777024,-0.5,1.6,0.0,1.0
UPLINK-FADE_Fucino_GX4_AprJun2021.csv,2021-05-26,2873,0.5750087017055343,0.6,0.36882597408295076,-0.4,2.1,0.0,1.2
UPLINK-FADE_Fucino_GX4_AprJun2021.csv,2021-05-27,2879,0.4859326154914901,0.5,0.3609020197631862,-0.5,1.8,-0.1,1.1
UPLINK-FADE_Fucino_GX4_AprJun2021.csv,2021-05-28,2880,0.4290972222222222,0.4,0.37237988348379275,-0.7,1.9,-0.2,1.1
UPLINK-FADE_Fucino_GX4_AprJun2021.csv,2021-05-29,2879,0.7986453629732546,0.7,0.5129405060941046,-0.3,4.1,0.1,1.7
UPLINK-FADE_Fucino_GX4_AprJun2021.csv,2021-05-30,2877,1.219221411192214,0.9,1.3119048164987144,-0.5,8.2,0.1,4.5
UPLINK-FADE_Fucino_GX4_AprJun2021.csv,2021-05-31,2879,0.24630079888850295,0.2,0.3574279322084111,-0.7,1.6,-0.3,0.9
UPLINK-FADE_Fucino_GX4_AprJun2021.csv,2021-06-01,2880,0.22527777777777777,0.2,0.37603615229826265,-0.9,1.6,-0.4,0.8049999999999727
UPLINK-FADE_Fucino_GX4_AprJun2021.csv,2021-06-02,2878,0.5653926337734538,0.5,0.40851771623543914,-0.6,2.5,-0.1,1.3
UPLINK-FADE_Fucino_GX4_AprJun2021.csv,2021-06-03,2839,0.9579781613244099,0.9,0.4999918232756373,-0.1,3.1,0.3,1.9
UPLINK-FADE_Fucino_GX4_AprJun2021.csv,2021-06-04,2760,0.8306884057971013,0.8,0.3530792891478464,-0.2,2.0,0.3,1.4
UPLINK-FADE_Fucino_GX4_AprJun2021.csv,2021-06-05,2878,1.2674426685198052,1.2,1.4341312671782158,-9.9,20.8,0.3,2.0
UPLINK-FADE_Fucino_GX4_AprJun2021.csv,2021-06-06,2877,1.578310740354536,1.3,1.227207583410805,0.4,13.5,0.8,2.6
UPLINK-FADE_Fucino_GX4_AprJun2021.csv,2021-06-07,2878,2.3158095899930506,1.7,2.0793948031065246,0.5,22.3,1.0,5.5
UPLINK-FADE_Fucino_GX4_AprJun2021.csv,2021-06-08,2877,2.181230448383733,1.5,2.7122556063807415,0.5,30.5,0.9,5.5
UPLINK-FADE_Fucino_GX4_AprJun2021.csv,2021-06-09,2879,1.1730809308787775,1.2,0.399358316149717,0.1,3.2,0.5,1.8
UPLINK-FADE_Fucino_GX4_AprJun2021.csv,2021-06-10,2879,1.1923931920805835,1.2,0.39173329258299794,0.1,3.6,0.6,1.8
UPLINK-FADE_Fucino_GX4_AprJun2021.csv,2021-06-11,2880,1.4269791666666667,1.3,0.8049934724633356,0.1,7.7,0.7,3.2
UPLINK-FADE_Fucino_GX4_AprJun2021.csv,2021-06-12,2876,1.3521557719054242,1.4,0.43515779615302785,0.2,3.7,0.7,2.0
UPLINK-FADE_Fucino_GX4_AprJun2021.csv,2021-06-13,2878,1.5191799861014592,1.4,0.8967366908154082,0.2,7.8,0.6,2.6
UPLINK-FADE_Fucino_GX4_AprJun2021.csv,2021-06-14,2880,1.3732986111111112,1.4,0.4600605028374873,0.2,3.2,0.6,2.1
UPLINK-FADE_Fucino_GX4_AprJun2021.csv,2021-06-15,2878,0.8239402362751912,0.8,0.47428870978511445,-0.4,2.4,0.1,1.6
UPLINK-FADE_Fucino_GX4_AprJun2021.csv,2021-06-16,2867,2.333519358214161,1.7,1.9531684486294114,-9.9,7.5,0.2,5.5
UPLINK-FADE_Fucino_GX4_AprJun2021.csv,2021-06-17,2880,1.2667708333333334,1.3,0.41327820853329444,0.1,3.0,0.6,1.9
UPLINK-FADE_Fucino_GX4_AprJun2021.csv,2021-06-18,2775,1.684144144144144,1.6,0.6864436480022258,0.5,7.9,0.9,2.6
UPLINK-FADE_Fucino_GX4_AprJun2021.csv,2021-06-19,2878,1.5005211952744961,1.5,0.3761434741902466,0.3,2.7,0.9,2.1
UPLINK-FADE_Fucino_GX4_AprJun2021.csv,2021-06-20,2880,1.656909722222222,1.7,0.43994003843532054,0.4,3.1,0.9,2.4
UPLINK-FADE_Fucino_GX4_AprJun2021.csv,2021-06-21,2828,1.5932461103253182,1.6,0.5333653527104606,-9.9,3.0,0.9,2.3
UPLINK-FADE_Fucino_GX4_AprJun2021.csv,2021-06-22,2879,1.4269538034039597,1.4,0.4571067975231314,0.2,2.9,0.7,2.2
UPLINK-FADE_Fucino_GX4_AprJun2021.csv,2021-06-23,2878,1.495552466990966,1.5,0.4433038157453548,0.3,4.9,0.8,2.2
UPLINK-FADE_Fucino_GX4_AprJun2021.csv,2021-06-24,2880,1.5577777777777777,1.5,0.48999215912582306,0.4,5.6,0.9,2.3
UPLINK-FADE_Fucino_GX4_AprJun2021.csv,2021-06-25,2878,1.6178596247394024,1.6,0.4921991450239631,0.4,5.4,0.9,2.4
UPLINK-FADE_Fucino_GX4_AprJun2021.csv,2021-06-26,2877,1.1256864789711505,1.1,0.4164522361000396,0.0,2.5,0.5,1.8
UPLINK-FADE_Fucino_GX4_AprJun2021.csv,2021-06-27,2879,1.089267106634248,1.1,0.4800387817300867,-0.2,2.5,0.3,1.9
UPLINK-FADE_Fucino_GX4_AprJun2021.csv,2021-06-28,2882,0.7789035392088828,1.1,2.0847904058111983,-9.9,2.4,0.4,1.8
UPLINK-FADE_Fucino_GX4_AprJun2021.csv,2021-06-29,2880,1.3227777777777778,1.3,0.5798533122820145,-0.1,3.1,0.4,2.2
UPLINK-FADE_Fucino_GX4_AprJun2021.csv,2021-06-30,1432,1.1472067039106144,1.1,0.44543560351666234,0.1,2.9,0.5,1.9
UPLINK-FADE_Fucino_GX5_AprJun2021.csv,2021-04-01,1409,0.05997161107168204,0.1,0.7624918027057708,-9.9,1.1,-0.4,0.6
UPLINK-FADE_Fucino_GX5_AprJun2021.csv,2021-04-02,2879,0.16398054880166726,0.2,0.5910834984947138,-9.9,1.2,-0.3,0.7
UPLINK-FADE_Fucino_GX5_AprJun2021.csv,2021-04-03,2878,0.4211605281445448,0.4,0.4616021892321644,-9.9,2.2,-0.2,1.1
UPLINK-FADE_Fucino_GX5_AprJun2021.csv,2021-04-04,2880,0.3586111111111111,0.4,0.45403002061478975,-9.9,1.4,-0.1,0.9
UPLINK-FADE_Fucino_GX5_AprJun2021.csv,2021-04-05,2874,0.19735560194850385,0.2,0.5566294764251553,-9.9,1.5,-0.3,0.9
UPLINK-FADE_Fucino_GX5_AprJun2021.csv,2021-04-06,2877,0.26131386861313866,0.3,0.6263467364056948,-9.9,2.4,-0.3,0.9
UPLINK-FADE_Fucino_GX5_AprJun2021.csv,2021-04-07,2880,0.8284722222222223,0.8,0.6479200370094915,-9.9,5.0,0.2,1.5049999999999728
UPLINK-FADE_Fucino_GX5_AprJun2021.csv,2021-04-08,2878,0.38505906879777624,0.4,0.4910946750124856,-9.9,2.1,-0.3,1.1
UPLINK-FADE_Fucino_GX5_AprJun2021.csv,2021-04-09,2873,0.127567003132614,0.2,0.5620968667919659,-9.9,1.3,-0.5,0.8
UPLINK-FADE_Fucino_GX5_AprJun2021.csv,2021-04-10,2879,0.12493921500521014,0.1,0.6608766484994283,-9.9,1.8,-0.4,0.7
UPLINK-FADE_Fucino_GX5_AprJun2021.csv,2021-04-11,2873,0.23007309432648798,0.2,0.5197565065794575,-9.9,1.6,-0.2,0.8
UPLINK-FADE_Fucino_GX5_AprJun2021.csv,2021-04-12,2878,0.7979499652536484,0.6,1.059173460844894,-9.9,7.3,-0.1,2.8
UPLINK-FADE_Fucino_GX5_AprJun2021.csv,2021-04-13,2881,0.5971884762235335,0.6,0.41725259912703677,-9.9,3.1,0.1,1.2
UPLINK-FADE_Fucino_GX5_AprJun2021.csv,2021-04-14,2878,0.6430854760250173,0.6,0.4159395397416633,-0.6,2.2,0.0,1.4
UPLINK-FADE_Fucino_GX5_AprJun2021.csv,2021-04-15,2867,0.6395535402860132,0.6,0.565041923773468,-9.9,2.4,-0.1,1.6
UPLINK-FADE_Fucino_GX5_AprJun2021.csv,2021-04-16,2879,0.3317818687044113,0.3,0.5762384189136358,-9.9,1.5,-0.2,0.9
UPLINK-FADE_Fucino_GX5_AprJun2021.csv,2021-04-17,2880,0.22850694444444444,0.2,0.5630172215434155,-9.9,1.5,-0.3,0.8
UPLINK-FADE_Fucino_GX5_AprJun2021.csv,2021-04-18,2877,0.4045533541883907,0.3,0.6537126109371287,-9.9,3.9,-0.3,1.3
UPLINK-FADE_Fucino_GX5_AprJun2021.csv,2021-04-19,2876,0.46088317107093185,0.4,0.522525424967588,-9.9,2.3,-0.1,1.2
UPLINK-FADE_Fucino_GX5_AprJun2021.csv,2021-04-20,2878,0.4727241139680334,0.4,0.6971337223337486,-9.9,4.7,-0.1,1.2
UPLINK-FADE_Fucino_GX5_AprJun2021.csv,2021-04-21,2872,0.46093314763231197,0.5,0.37308279171728687,-9.9,1.7,-0.1,1.0
UPLINK-FADE_Fucino_GX5_AprJun2021.csv,2021-04-22,2879,0.8423758249392149,0.8,0.4418162295974705,-9.9,2.6,0.3,1.509999999999991
UPLINK-FADE_Fucino_GX5_AprJun2021.csv,2021-04-23,2877,0.7302745915884602,0.7,0.3511817339324339,-0.4,2.2,0.2,1.3
UPLINK-FADE_Fucino_GX5_AprJun2021.csv,2021-04-24,2879,0.5174366099340049,0.5,0.342964978438733,-0.5,1.5,-0.0,1.1
UPLINK-FADE_Fucino_GX5_AprJun2021.csv,2021-04-25,2879,0.4989579715178882,0.5,0.4702094198449917,-9.9,1.6,-0.0,1.1
UPLINK-FADE_Fucino_GX5_AprJun2021.csv,2021-04-26,2878,0.5989228630993746,0.6,0.4235206155659815,-9.9,1.8,0.1,1.1
UPLINK-FADE_Fucino_GX5_AprJun2021.csv,2021-04-27,2879,0.9591177492184787,0.8,0.794805529748746,-9.9,10.1,0.3,2.0
UPLINK-FADE_Fucino_GX5_AprJun2021.csv,2021-04-28,2825,0.971221238938053,0.9,0.406624625362279,-0.1,3.5,0.4,1.7
UPLINK-FADE_Fucino_GX5_AprJun2021.csv,2021-04-29,2877,1.0046228710462288,1.0,0.5076906850104831,-0.1,8.0,0.5,1.6
UPLINK-FADE_Fucino_GX5_AprJun2021.csv,2021-04-30,2875,0.8900173913043479,0.9,0.3775647617491544,-9.9,2.2,0.4,1.4
UPLINK-FADE_Fucino_GX5_AprJun2021.csv,2021-05-01,2874,1.310125260960334,1.2,0.6506350093460413,-0.1,4.9,0.5,2.5
UPLINK-FADE_Fucino_GX5_AprJun2021.csv,2021-05-02,2880,0.9902430555555556,1.0,0.40061425130296346,-9.9,2.6,0.5,1.6
UPLINK-FADE_Fucino_GX5_AprJun2021.csv,2021-05-03,2876,0.9065716272600836,0.9,0.2925425550581063,-0.1,2.2,0.5,1.4
UPLINK-FADE_Fucino_GX5_AprJun2021.csv,2021-05-04,2786,1.11586503948313,1.0,0.5490644124293205,-9.9,4.6,0.5,2.0
UPLINK-FADE_Fucino_GX5_AprJun2021.csv,2021-05-05,2880,1.1439583333333334,1.1,0.3449103336266472,-0.1,2.3,0.6,1.7
UPLINK-FADE_Fucino_GX5_AprJun2021.csv,2021-05-06,2877,1.0908237747653806,1.1,0.31328808702331046,-0.0,2.1,0.6,1.6
UPLINK-FADE_Fucino_GX5_AprJun2021.csv,2021-05-07,2879,1.2539770753733934,1.2,0.3173749842721632,0.2,2.5,0.7,1.7099999999999909
UPLINK-FADE_Fucino_GX5_AprJun2021.csv,2021-05-08,2873,1.3845109641489732,1.4,0.315754357109518,0.4,2.8,0.9,1.9
UPLINK-FADE_Fucino_GX5_AprJun2021.csv,2021-05-09,2878,1.3665740097289785,1.4,0.3208025756975527,0.3,2.6,0.9,1.9
UPLINK-FADE_Fucino_GX5_AprJun2021.csv,2021-05-10,2877,1.238129996524157,1.2,0.3302163172778686,0.0,2.4,0.7,1.8
UPLINK-FADE_Fucino_GX5_AprJun2021.csv,2021-05-11,2866,1.628436845778088,1.5,0.6678015812025118,-9.9,6.7,1.0,2.4
UPLINK-FADE_Fucino_GX5_AprJun2021.csv,2021-05-12,2863,1.526161369193154,1.5,0.5020609215219185,0.2,4.6,0.9,2.3
UPLINK-FADE_Fucino_GX5_AprJun2021.csv,2021-05-13,2870,1.7194425087108014,1.6,0.5742454117919238,0.3,4.8,1.0,2.8
UPLINK-FADE_Fucino_GX5_AprJun2021.csv,2021-05-14,2871,1.5090212469522812,1.5,0.41804103865693787,0.3,3.1,0.9,2.3
UPLINK-FADE_Fucino_GX5_AprJun2021.csv,2021-05-15,2878,1.5205003474635164,1.5,0.30683924631551923,0.4,2.9,1.0,2.0
UPLINK-FADE_Fucino_GX5_AprJun2021.csv,2021-05-16,2866,1.6437892533147245,1.6,0.3989840714273012,0.5,3.6,1.1,2.3
UPLINK-FADE_Fucino_GX5_AprJun2021.csv,2021-05-17,2878,1.4601806810284919,1.5,0.3182201468888249,0.3,2.5,0.9,2.0
UPLINK-FADE_Fucino_GX5_AprJun2021.csv,2021-05-18,2878,1.4016330785267548,1.4,0.3122136224300731,0.2,2.5,0.9,1.9
UPLINK-FADE_Fucino_GX5_AprJun2021.csv,2021-05-19,2850,1.805157894736842,1.8,0.46286992887753714,0.5,5.6,1.2,2.5
UPLINK-FADE_Fucino_GX5_AprJun2021.csv,2021-05-20,2250,1.676,1.7,0.3267011775371795,0.7,2.9,1.1,2.2
UPLINK-FADE_Fucino_GX5_AprJun2021.csv,2021-05-21,1784,1.597645739910314,1.6,0.31435117959014547,0.5,2.7,1.1,2.1
UPLINK-FADE_Fucino_GX5_AprJun2021.csv,2021-05-22,2880,1.6339930555555555,1.6,0.3012202114576489,0.6,2.8,1.2,2.1
UPLINK-FADE_Fucino_GX5_AprJun2021.csv,2021-05-23,2877,1.783698296836983,1.8,0.3119242680510523,0.8,2.9,1.3,2.3
UPLINK-FADE_Fucino_GX5_AprJun2021.csv,2021-05-24,2874,1.740848990953375,1.7,0.34311097393165135,0.8,3.2,1.2,2.3
UPLINK-FADE_Fucino_GX5_AprJun2021.csv,2021-05-25,2875,1.841217391304348,1.8,0.3272934384099044,0.8,3.1,1.3,2.4
UPLINK-FADE_Fucino_GX5_AprJun2021.csv,2021-05-26,2698,1.9291697553743512,1.9,0.37930049987744735,0.9,3.6,1.4,2.6
UPLINK-FADE_Fucino_GX5_AprJun2021.csv,2021-05-27,2877,1.8728536670142508,1.9,0.33239023065661377,0.9,3.9,1.4,2.4
UPLINK-FADE_Fucino_GX5_AprJun2021.csv,2021-05-28,2876,1.8015994436717662,1.8,0.3321145127599478,0.7,3.7,1.3,2.3
UPLINK-FADE_Fucino_GX5_AprJun2021.csv,2021-05-29,2877,1.9870003475842892,2.0,0.3933972664480986,0.8,4.6,1.4,2.6
UPLINK-FADE_Fucino_GX5_AprJun2021.csv,2021-05-30,2873,2.482492168465019,2.3,0.7865799343117683,1.2,6.8,1.7,4.3
UPLINK-FADE_Fucino_GX5_AprJun2021.csv,2021-05-31,2878,1.9321056289089646,1.9,0.31645490233187235,0.8,3.0,1.4,2.5
UPLINK-FADE_Fucino_GX5_AprJun2021.csv,2021-06-01,2879,1.7970475859673498,1.8,0.46491381899965656,-9.9,3.9,1.3,2.3
UPLINK-FADE_Fucino_GX5_AprJun2021.csv,2021-06-02,2875,2.073286956521739,2.0,0.40463925799353484,0.7,4.3,1.5,2.8
UPLINK-FADE_Fucino_GX5_AprJun2021.csv,2021-06-03,2841,2.274269623372052,2.2,0.4405378872407471,1.3,4.8,1.7,3.0
UPLINK-FADE_Fucino_GX5_AprJun2021.csv,2021-06-04,2759,2.157448350851758,2.2,0.3345818970396997,1.0,3.3,1.6,2.7
UPLINK-FADE_Fucino_GX5_AprJun2021.csv,2021-06-05,2875,2.5102956521739133,2.4,0.7373888104134152,1.4,13.8,1.9,3.1
UPLINK-FADE_Fucino_GX5_AprJun2021.csv,2021-06-06,2877,2.7265206812652067,2.6,0.8749421741312549,1.6,12.5,2.0,3.7
UPLINK-FADE_Fucino_GX5_AprJun2021.csv,2021-06-07,2875,3.0150608695652172,2.7,1.0338861740340048,1.5,16.0,2.2,5.0
UPLINK-FADE_Fucino_GX5_AprJun2021.csv,2021-06-08,2872,3.078725626740947,2.7,1.394656935552115,-9.9,11.8,2.2,5.6
UPLINK-FADE_Fucino_GX5_AprJun2021.csv,2021-06-09,2876,2.4117176634214186,2.4,0.3197254880934424,1.4,3.6,1.9,3.0
UPLINK-FADE_Fucino_GX5_AprJun2021.csv,2021-06-10,2876,2.4573018080667595,2.4,0.4078348608809368,1.4,6.4,1.9,3.0
UPLINK-FADE_Fucino_GX5_AprJun2021.csv,2021-06-11,2878,2.5556636553161916,2.5,0.4673350453755848,1.2,5.7,2.0,3.4
UPLINK-FADE_Fucino_GX5_AprJun2021.csv,2021-06-12,2872,2.5234679665738162,2.5,0.3889353772022705,1.6,6.3,2.0,3.1
UPLINK-FADE_Fucino_GX5_AprJun2021.csv,2021-06-13,2879,2.4997915943035776,2.5,0.31746688661793004,1.4,3.6,2.0,3.0
UPLINK-FADE_Fucino_GX5_AprJun2021.csv,2021-06-14,2878,2.6012161223071577,2.6,0.4993028659582199,1.3,8.1,2.0,3.2
UPLINK-FADE_Fucino_GX5_AprJun2021.csv,2021-06-15,2871,2.30682688958551,2.3,0.342783336332068,1.2,3.5,1.7,2.9
UPLINK-FADE_Fucino_GX5_AprJun2021.csv,2021-06-16,2874,2.4707376478775225,2.4,0.6063387859527695,1.5,28.1,1.9,3.0
UPLINK-FADE_Fucino_GX5_AprJun2021.csv,2021-06-17,2879,2.7494268843348384,2.8,0.32400837888810685,1.6,3.9,2.2,3.3
UPLINK-FADE_Fucino_GX5_AprJun2021.csv,2021-06-18,2766,2.8866955892986264,2.8,0.41970040019791416,2.0,12.9,2.4,3.4
UPLINK-FADE_Fucino_GX5_AprJun2021.csv,2021-06-19,2872,2.737708913649025,2.7,0.3072479411420911,1.5,3.9,2.2,3.2
UPLINK-FADE_Fucino_GX5_AprJun2021.csv,2021-06-20,2878,2.784503127171647,2.8,0.2923832289050825,1.9,3.8,2.3,3.3
UPLINK-FADE_Fucino_GX5_AprJun2021.csv,2021-06-21,2871,2.8162661093695576,2.8,0.33584381879758307,1.8,4.2,2.3,3.4
UPLINK-FADE_Fucino_GX5_AprJun2021.csv,2021-06-22,2875,2.7403130434782605,2.7,0.31470442012503036,1.7,4.0,2.2,3.3
UPLINK-FADE_Fucino_GX5_AprJun2021.csv,2021-06-23,2874,2.707898399443285,2.7,0.3620679218973294,1.7,6.8,2.2,3.2
UPLINK-FADE_Fucino_GX5_AprJun2021.csv,2021-06-24,2880,2.790208333333333,2.8,0.40743518504225956,1.7,7.5,2.3,3.4
UPLINK-FADE_Fucino_GX5_AprJun2021.csv,2021-06-25,2879,2.9679055227509554,3.0,0.34532239637254863,1.9,6.5,2.5,3.5
UPLINK-FADE_Fucino_GX5_AprJun2021.csv,2021-06-26,2877,2.870976711852624,2.9,0.3378049055094734,1.8,4.5,2.3,3.4
UPLINK-FADE_Fucino_GX5_AprJun2021.csv,2021-06-27,2860,2.8595454545454544,2.9,0.3169952322931305,1.7,3.8,2.3,3.4
UPLINK-FADE_Fucino_GX5_AprJun2021.csv,2021-06-28,2880,2.8955208333333333,2.9,0.3247957215968637,1.9,4.1,2.395000000000002,3.4
UPLINK-FADE_Fucino_GX5_AprJun2021.csv,2021-06-29,2772,2.987806637806638,3.0,0.3038474946760005,1.9,4.1,2.5,3.5
UPLINK-FADE_Fucino_GX5_AprJun2021.csv,2021-06-30,1586,3.0744010088272384,3.1,0.5523341242688063,-9.9,4.3,2.6,3.6
dati_meteo_beacon.csv,2020-07-21,1166,0.9066895368782162,0.9,0.2089988841425539,0.3,1.6,0.6,1.3
dati_meteo_beacon.csv,2020-07-22,2846,0.8118060435699227,0.8,0.2534842035587155,0.1,1.9,0.4,1.2
dati_meteo_beacon.csv,2020-07-23,2846,0.8309908643710471,0.8,0.34091090928740925,-9.9,2.9,0.4,1.3
dati_meteo_beacon.csv,2020-07-24,2846,0.9062895291637386,0.9,0.2576747567982283,0.3,2.6,0.5,1.3
dati_meteo_beacon.csv,2020-07-25,2846,0.7548137737174981,0.8,0.22210769510528183,0.1,1.7,0.4,1.1
dati_meteo_beacon.csv,2020-07-26,2846,0.6431131412508784,0.7,0.2838227729700716,-0.1,1.4,0.2,1.1
dati_meteo_beacon.csv,2020-07-27,2847,0.7769582016157358,0.8,0.25659841586121496,0.1,1.7,0.3,1.2
dati_meteo_beacon.csv,2020-07-28,2846,0.8202740688685874,0.8,0.2452216000273196,0.2,1.6,0.4,1.2
dati_meteo_beacon.csv,2020-07-29,2846,0.9483134223471539,0.9,0.40738650264869997,-9.9,2.0,0.5,1.4
dati_meteo_beacon.csv,2020-07-30,2846,0.9159522136331695,0.9,0.2223344505671176,0.3,1.8,0.6,1.3
dati_meteo_beacon.csv,2020-07-31,2846,0.8416022487702037,0.8,0.2410975881479491,0.2,1.6,0.5,1.2
dati_meteo_beacon.csv,2020-08-01,2846,1.0963808854532677,0.9,1.2269087167916144,0.2,17.1,0.5,1.8
dati_meteo_beacon.csv,2020-08-02,2847,1.024236037934668,1.0,0.37370893395316573,0.4,6.0,0.6,1.4
dati_meteo_beacon.csv,2020-08-03,2846,0.9541110330288124,0.9,0.2288097888586205,0.3,1.7,0.6,1.3
dati_meteo_beacon.csv,2020-08-04,2846,1.0029163738580464,0.8,1.7314465435728172,0.1,21.0,0.4,1.2
dati_meteo_beacon.csv,2020-08-05,2846,0.7744202389318342,0.7,0.5420840450646157,0.0,8.4,0.3,1.3
dati_meteo_beacon.csv,2020-08-06,2846,0.803232607167955,0.8,0.2450854447424896,0.2,1.6,0.4,1.2
dati_meteo_beacon.csv,2020-08-07,2847,0.9253600280997542,0.9,0.22522652450487995,0.3,1.9,0.6,1.3
dati_meteo_beacon.csv,2020-08-08,2846,0.9383345045678145,0.9,0.31393399592384713,0.4,2.5,0.5,1.5
dati_meteo_beacon.csv,2020-08-09,2846,0.8029515108924806,0.8,0.20434232220151452,0.2,1.4,0.5,1.1
dati_meteo_beacon.csv,2020-08-10,2846,0.7758257203092059,0.7,0.2893886711808685,0.0,1.7,0.3,1.3
dati_meteo_beacon.csv,2020-08-11,2846,0.8661981728742093,0.9,0.26860851111367656,0.2,2.6,0.4,1.3
dati_meteo_beacon.csv,2020-08-12,2846,0.9440969782150387,0.9,0.22953749572819573,0.3,1.9,0.6,1.3
dati_meteo_beacon.csv,2020-08-13,2847,0.8937126800140499,0.9,0.23143465977917327,0.3,1.8,0.5,1.3
dati_meteo_beacon.csv,2020-08-14,2846,0.8355938158819395,0.8,0.2376394948410645,0.1,1.5,0.4,1.2
dati_meteo_beacon.csv,2020-08-15,2846,0.8834153197470133,0.9,0.24114344125244547,0.3,1.9,0.5,1.3
dati_meteo_beacon.csv,2020-08-16,2846,0.9370695713281799,0.9,0.3636850837597574,0.3,3.9,0.5,1.4
dati_meteo_beacon.csv,2020-08-17,2846,0.891742796907941,0.9,0.23471626346076455,0.3,1.9,0.5,1.3
dati_meteo_beacon.csv,2020-08-18,2846,0.8308503162333098,0.8,0.2811421234533604,0.2,2.1,0.4,1.4
dati_meteo_beacon.csv,2020-08-19,2847,0.767615033368458,0.8,0.24663163435120175,0.1,1.7,0.4,1.2
dati_meteo_beacon.csv,2020-08-20,2846,0.8057273366127898,0.8,0.2573466369192378,0.1,1.7,0.4,1.275
dati_meteo_beacon.csv,2020-08-21,2846,0.896416022487702,0.9,0.23815595267789108,0.2,1.8,0.5,1.3
dati_meteo_beacon.csv,2020-08-22,2846,0.8276879831342234,0.8,0.23533111469313744,0.2,1.7,0.4,1.2
dati_meteo_beacon.csv,2020-08-23,2846,0.7659873506676037,0.7,0.28663711376812817,0.1,1.8,0.3,1.3
dati_meteo_beacon.csv,2020-08-24,2846,1.0739634574841883,1.1,0.24223671569807326,0.5,2.2,0.7,1.5
dati_meteo_beacon.csv,2020-08-25,2847,0.8384264137688795,0.8,0.2302158771286419,0.2,2.0,0.5,1.2
dati_meteo_beacon.csv,2020-08-26,2846,0.8275474349964862,0.8,0.2165070864596981,0.2,1.5,0.5,1.2
dati_meteo_beacon.csv,2020-08-27,2846,0.7715390021082221,0.8,0.2607105736702442,0.1,1.9,0.4,1.2
dati_meteo_beacon.csv,2020-08-28,2846,0.7952916373858047,0.8,0.557195118409388,-9.9,1.8,0.4,1.3
dati_meteo_beacon.csv,2020-08-29,2846,0.8457835558678847,0.8,0.24752156545936924,0.2,1.7,0.5,1.3
dati_meteo_beacon.csv,2020-08-30,2846,0.9039353478566409,0.9,0.2854256674440026,0.2,1.9,0.5,1.4
dati_meteo_beacon.csv,2020-08-31,2847,2.1918159466104674,1.2,2.775244401281316,0.5,34.5,0.8,7.2
dati_meteo_beacon.csv,2020-09-01,2846,0.648805340829234,0.6,0.25342014695330456,0.0,1.5,0.3,1.1
dati_meteo_beacon.csv,2020-09-02,2846,0.6222768798313423,0.6,0.22663399712602506,0.0,1.5,0.3,1.0
dati_meteo_beacon.csv,2020-09-03,2846,0.7606113843991567,0.8,0.2080071448272206,0.2,1.6,0.4,1.1
dati_meteo_beacon.csv,2020-09-04,2846,0.6945537596626845,0.7,0.26939076176047405,0.1,2.4,0.3,1.2
dati_meteo_beacon.csv,2020-09-05,2846,0.5549191848208012,0.5,0.23337226076760975,0.0,1.5,0.2,1.0
dati_meteo_beacon.csv,2020-09-06,2847,0.7424657534246576,0.7,0.2027532645863124,0.1,1.4,0.4,1.1
dati_meteo_beacon.csv,2020-09-07,2846,0.7734012649332396,0.8,0.20434341314073645,0.2,1.4,0.4,1.1
dati_meteo_beacon.csv,2020-09-08,2846,0.8305692199578356,0.8,0.2111151060471263,0.3,1.5,0.5,1.2
dati_meteo_beacon.csv,2020-09-09,2846,0.901791988756149,0.9,0.2376812865466311,0.3,2.3,0.5,1.3
dati_meteo_beacon.csv,2020-09-10,2846,0.9534785664089951,0.9,0.2590645346397333,0.3,1.9,0.6,1.4
dati_meteo_beacon.csv,2020-09-11,2847,1.2041447137337549,1.0,0.7878315356685069,0.4,7.6,0.6,3.0
dati_meteo_beacon.csv,2020-09-12,2846,0.7540407589599438,0.7,0.2603826650475793,0.1,1.7,0.4,1.2
dati_meteo_beacon.csv,2020-09-13,2846,0.8058327477160928,0.8,0.25066742289856037,0.2,2.2,0.4,1.2
dati_meteo_beacon.csv,2020-09-14,2846,0.7741040056219255,0.8,0.25525166960879875,0.1,1.5,0.4,1.2
dati_meteo_beacon.csv,2020-09-15,2846,0.8368938861560085,0.8,0.2223268402269038,0.3,1.6,0.5,1.2
dati_meteo_beacon.csv,2020-09-16,2846,0.8438510189739986,0.8,0.30382875624598826,0.2,2.8,0.5,1.3
dati_meteo_beacon.csv,2020-09-17,2847,0.7133473832103969,0.7,0.31413905336364933,0.0,1.9,0.3,1.3
dati_meteo_beacon.csv,2020-09-18,2846,0.5758959943780745,0.6,0.2166743892030102,0.0,1.4,0.2,0.9
dati_meteo_beacon.csv,2020-09-19,2846,0.6516865776528461,0.6,0.2243576297346019,0.1,1.6,0.3,1.0
dati_meteo_beacon.csv,2020-09-20,2846,0.7121222768798313,0.7,0.24011697606793478,0.2,2.2,0.4,1.1
dati_meteo_beacon.csv,2020-09-21,2846,0.7195713281799017,0.7,0.2255396785049099,0.1,1.7,0.4,1.1
dati_meteo_beacon.csv,2020-09-22,2846,0.6652494729444834,0.7,0.20560953394207396,0.1,1.6,0.3,1.0
dati_meteo_beacon.csv,2020-09-23,2847,0.5315770987003864,0.5,0.5430488417842259,-0.5,4.2,-0.2,1.5
dati_meteo_beacon.csv,2020-09-24,2846,0.00010541110330288102,-0.1,0.47271045410363427,-0.8,4.0,-0.5,0.8
dati_meteo_beacon.csv,2020-09-25,2846,0.5008081517919888,0.1,1.5996823214119493,-0.6,17.3,-0.3,2.2
dati_meteo_beacon.csv,2020-09-26,2846,-0.1984188334504568,-0.4,0.7697448701449207,-1.1,8.4,-0.8,1.2
dati_meteo_beacon.csv,2020-09-27,2846,0.16999297259311313,-0.3,1.2378048203319718,-1.1,6.9,-0.8,2.9
dati_meteo_beacon.csv,2020-09-28,2846,-0.25477863668306394,-0.4,0.5635407803225124,-1.0,4.2,-0.8,0.8
dati_meteo_beacon.csv,2020-09-29,2847,-0.49378292939936774,-0.5,0.2258582116762133,-1.1,0.2,-0.8,-0.1
dati_meteo_beacon.csv,2020-09-30,2846,-0.4169711876317639,-0.4,0.21845462313292832,-1.0,0.3,-0.8,0.0
dati_meteo_beacon.csv,2020-10-01,2846,-0.14356992269852423,-0.3,0.5609486471505469,-0.9,1.9,-0.7,1.2
dati_meteo_beacon.csv,2020-10-02,2846,0.993183415319747,1.0,0.20267781861168008,0.4,1.6,0.7,1.3
dati_meteo_beacon.csv,2020-10-03,2846,1.3476809557273366,1.2,0.45694011494887354,0.5,3.8,0.8,2.3
dati_meteo_beacon.csv,2020-10-04,2846,1.391040056219255,1.1,1.1398611701970018,0.3,14.5,0.7,2.8
dati_meteo_beacon.csv,2020-10-05,2847,1.227783631893221,1.1,0.5311228359540158,0.4,5.8,0.7,1.8
dati_meteo_beacon.csv,2020-10-06,2846,0.9342586085734365,0.9,0.22090227635575124,0.3,1.8,0.6,1.3
dati_meteo_beacon.csv,2020-10-07,2846,1.6986647926914966,1.2,1.7404820177768694,0.5,19.2,0.7,4.8
dati_meteo_beacon.csv,2020-10-08,2846,0.9297259311314126,0.9,0.22235770215342962,0.3,1.7,0.6,1.3
dati_meteo_beacon.csv,2020-10-09,2846,0.7645818692902319,0.7,0.32045105097637755,-0.3,1.6,0.3,1.3
dati_meteo_beacon.csv,2020-10-10,2847,0.5847910080786793,0.6,0.22099202219887248,0.0,1.4,0.2,1.0
dati_meteo_beacon.csv,2020-10-11,2846,1.3049894588896698,0.9,1.0710225637448225,0.1,6.4,0.4,3.875
dati_meteo_beacon.csv,2020-10-12,2846,0.616163035839775,0.6,0.23570296486356057,0.0,1.7,0.3,1.0
dati_meteo_beacon.csv,2020-10-13,2846,0.5654954321855236,0.5,0.2702284729102297,0.0,2.0,0.2,1.0
dati_meteo_beacon.csv,2020-10-14,2846,0.5339072382290935,0.5,0.2341329977523835,-0.1,1.3,0.2,0.9
dati_meteo_beacon.csv,2020-10-15,2846,1.4084680252986648,1.1,1.1223979352207516,0.1,13.4,0.5,3.3
dati_meteo_beacon.csv,2020-10-16,2847,0.5969792764313312,0.6,0.26798880165695554,0.0,2.3,0.2,1.1
dati_meteo_beacon.csv,2020-10-17,2846,0.5198172874209417,0.5,0.20324459970037817,0.0,1.3,0.2,0.9
dati_meteo_beacon.csv,2020-10-18,2846,0.5209416725228391,0.5,0.19868803104190916,0.0,1.1,0.2,0.9
dati_meteo_beacon.csv,2020-10-19,2846,0.5136683063949403,0.5,0.2018528435092561,0.0,1.2,0.2,0.9
dati_meteo_beacon.csv,2020-10-20,2846,0.4286366830639494,0.4,0.19982075476599193,-0.1,1.1,0.1,0.8
dati_meteo_beacon.csv,2020-10-21,2846,0.39785664089950806,0.4,0.19798361891858846,-0.1,1.1,0.1,0.7
dati_meteo_beacon.csv,2020-10-22,2847,0.36880927291886195,0.4,0.2006929872600088,-0.2,1.1,0.1,0.7
dati_meteo_beacon.csv,2020-10-23,2846,0.466865776528461,0.5,0.23744794469883096,-0.1,1.3,0.1,0.9
dati_meteo_beacon.csv,2020-10-24,2846,1.1371398453970485,0.9,0.7960015009880519,0.3,5.4,0.5,3.0
dati_meteo_beacon.csv,2020-10-25,2846,0.7787772312016866,0.7,0.5289370395736094,0.1,7.4,0.3,1.5
dati_meteo_beacon.csv,2020-10-26,2846,0.5045326774420239,0.5,0.20394314006596076,0.0,1.2,0.2,0.9
dati_meteo_beacon.csv,2020-10-27,2846,0.8212930428671821,0.75,0.392159377952485,0.2,3.2,0.4,1.6
dati_meteo_beacon.csv,2020-10-28,2847,0.5271162627327011,0.5,0.20229413723835482,0.0,1.1,0.2,0.9
dati_meteo_beacon.csv,2020-10-29,2846,0.5284961349262122,0.5,0.20939192526977746,-0.1,1.2,0.2,0.9
dati_meteo_beacon.csv,2020-10-30,2846,0.5702740688685874,0.6,0.19968796944495235,0.0,1.5,0.3,0.9
dati_meteo_beacon.csv,2020-10-31,2846,0.5749824314827828,0.6,0.19641671307336048,0.1,1.2,0.3,0.9
dati_meteo_beacon.csv,2020-11-01,2846,0.4613492621222769,0.4,0.1997084155952392,-0.1,1.1,0.2,0.8
dati_meteo_beacon.csv,2020-11-02,2846,0.49620520028109627,0.5,0.19043841396233746,0.0,1.1,0.2,0.8
dati_meteo_beacon.csv,2020-11-03,2847,0.5458377239199157,0.5,0.19974349066239855,0.0,1.3,0.2,0.9
dati_meteo_beacon.csv,2020-11-04,2846,0.6446943078004216,0.6,0.18587642969718446,0.2,1.3,0.4,1.0
dati_meteo_beacon.csv,2020-11-05,2846,0.7440267041461701,0.7,0.19252594737182352,0.2,1.4,0.5,1.1
dati_meteo_beacon.csv,2020-11-06,2846,0.6432536893886156,0.6,0.19926532094735777,0.1,1.5,0.3,1.0
dati_meteo_beacon.csv,2020-11-07,2846,0.4946943078004217,0.5,0.19706982164652043,-0.1,1.2,0.2,0.8
dati_meteo_beacon.csv,2020-11-08,2846,0.43046380885453267,0.4,0.19448348769238866,-0.1,1.1,0.1,0.8
dati_meteo_beacon.csv,2020-11-09,2847,0.4379346680716544,0.4,0.19406428636184417,-0.1,1.1,0.1,0.8
dati_meteo_beacon.csv,2020-11-10,2846,0.4303583977512298,0.4,0.19271169578464795,0.0,1.1,0.1,0.8
dati_meteo_beacon.csv,2020-11-11,2846,0.4672874209416726,0.5,0.19839820681490733,-0.1,1.1,0.2,0.8
dati_meteo_beacon.csv,2020-11-12,2846,0.49715390021082223,0.5,0.2023299664464388,-0.1,1.3,0.2,0.8
dati_meteo_beacon.csv,2020-11-13,2846,0.47480674631061137,0.5,0.19617040376864303,0.0,1.1,0.2,0.8
dati_meteo_beacon.csv,2020-11-14,2847,0.6284510010537407,0.6,0.2537390584998276,0.1,1.6,0.3,1.1
dati_meteo_beacon.csv,2020-11-15,2846,0.682536893886156,0.7,0.25514190794577035,0.2,1.8,0.3,1.2
dati_meteo_beacon.csv,2020-11-16,2846,0.715425158116655,0.7,0.20785356779359548,0.2,1.5,0.4,1.1
dati_meteo_beacon.csv,2020-11-17,2846,1.3658116654954322,1.0,1.0458224662675715,0.2,6.7,0.5,3.7
dati_meteo_beacon.csv,2020-11-18,2846,0.6113843991567112,0.6,0.19179216331140983,0.1,1.2,0.3,0.9
dati_meteo_beacon.csv,2020-11-19,2846,0.5373858046380886,0.5,0.21492807509606987,0.0,1.4,0.2,0.9
dati_meteo_beacon.csv,2020-11-20,2847,0.7542325254654022,0.6,0.46123306961603355,0.0,3.1,0.3,1.7
dati_meteo_beacon.csv,2020-11-21,2846,0.6740337315530569,0.7,0.2637375624545737,0.0,1.9,0.3,1.1
dati_meteo_beacon.csv,2020-11-22,2846,0.3341883345045678,0.3,0.20636912605145824,-0.2,1.1,0.0,0.7
dati_meteo_beacon.csv,2020-11-23,2846,0.38742094167252283,0.4,0.19052205561898924,-0.1,1.0,0.1,0.7
dati_meteo_beacon.csv,2020-11-24,2846,0.41823612087139844,0.4,0.1907192429733885,0.0,1.1,0.1,0.7
dati_meteo_beacon.csv,2020-11-25,2846,0.3871398453970485,0.4,0.26867462131942416,-9.9,1.0,0.1,0.7
dati_meteo_beacon.csv,2020-11-26,2847,0.4086055497014401,0.4,0.19463929919931908,-0.1,1.0,0.1,0.7
dati_meteo_beacon.csv,2020-11-27,2846,0.4270555165144062,0.4,0.18938131184295076,-0.1,1.0,0.1,0.7
dati_meteo_beacon.csv,2020-11-28,2846,0.4235769501054111,0.4,0.19419337620801452,-0.1,1.1,0.1,0.8
dati_meteo_beacon.csv,2020-11-29,2846,0.6603654251581167,0.7,0.2705518801349975,0.0,1.7,0.2,1.1
dati_meteo_beacon.csv,2020-11-30,2846,0.38510189739985945,0.4,0.1920276785572208,-0.1,1.0,0.1,0.7
dati_meteo_beacon.csv,2020-12-01,2846,0.5622276879831342,0.5,0.24141460406810314,-0.1,1.6,0.2,1.0
dati_meteo_beacon.csv,2020-12-02,2847,1.2280295047418335,0.7,1.1106656069607328,0.1,6.6,0.3,3.5
dati_meteo_beacon.csv,2020-12-03,2846,0.4280393534785664,0.4,0.19440546072777093,-0.1,1.0,0.1,0.8
dati_meteo_beacon.csv,2020-12-04,2846,0.5897048489107519,0.5,0.32685773070880153,-0.1,1.9,0.1,1.2
dati_meteo_beacon.csv,2020-12-05,2846,1.214722417427969,0.9,1.0033674637862264,0.1,8.6,0.4,3.5
dati_meteo_beacon.csv,2020-12-06,2846,1.0637737174982431,0.5,1.4312867452124198,0.0,7.7,0.2,4.9
dati_meteo_beacon.csv,2020-12-07,2846,0.5887210119465917,0.5,0.45983413548352636,-0.1,3.2,0.1,1.6
dati_meteo_beacon.csv,2020-12-08,2847,1.4063224446786091,1.0,1.1555308953176688,0.1,7.8,0.3,3.8
dati_meteo_beacon.csv,2020-12-09,2846,0.4021784961349262,0.4,0.19613711831882435,-0.1,1.1,0.1,0.7
dati_meteo_beacon.csv,2020-12-10,2846,0.4080815179198876,0.4,0.19737657716126167,-0.1,1.1,0.1,0.7
dati_meteo_beacon.csv,2020-12-11,2846,0.4165144061841181,0.4,0.19095893697235564,-0.1,1.1,0.1,0.7
dati_meteo_beacon.csv,2020-12-12,2846,0.44184820801124386,0.4,0.20526109946750343,-0.1,1.2,0.1,0.8
dati_meteo_beacon.csv,2020-12-13,2847,0.38394801545486473,0.4,0.19078970433751724,-0.2,1.0,0.1,0.7
dati_meteo_beacon.csv,2020-12-14,2846,0.2747716092761771,0.3,0.18892778727208273,-0.2,1.2,0.0,0.6
dati_meteo_beacon.csv,2020-12-15,2846,0.321890372452565,0.3,0.1913289292163652,-0.2,1.0,0.0,0.6
dati_meteo_beacon.csv,2020-12-16,2846,0.33801827125790584,0.3,0.1873001435624701,-0.2,0.9,0.1,0.7
dati_meteo_beacon.csv,2020-12-17,2846,0.3310260014054814,0.3,0.19581778775706873,-0.2,1.1,0.0,0.7
dati_meteo_beacon.csv,2020-12-18,2846,0.33647224174279694,0.3,0.18663063839313468,-0.1,1.0,0.1,0.7
dati_meteo_beacon.csv,2020-12-19,2847,0.4339655778011942,0.4,0.19728081998730784,-0.1,1.1,0.1,0.8
dati_meteo_beacon.csv,2020-12-20,2846,0.43626141953619113,0.4,0.19492490690909714,-0.1,1.0,0.1,0.8
dati_meteo_beacon.csv,2020-12-21,2846,0.42515811665495434,0.4,0.193586698376275,-0.1,1.1,0.1,0.7
dati_meteo_beacon.csv,2020-12-22,2846,0.49978917779339427,0.5,0.19402305726647148,0.0,1.2,0.2,0.8
dati_meteo_beacon.csv,2020-12-23,2846,0.46883345045678143,0.5,0.18994544314819742,-0.1,1.2,0.2,0.8
dati_meteo_beacon.csv,2020-12-24,2846,0.5743148278285313,0.6,0.22759722533934168,0.0,1.4,0.2,1.0
dati_meteo_beacon.csv,2020-12-25,2847,0.6183702142606252,0.6,0.2863547265941078,-0.1,1.9,0.2,1.2
dati_meteo_beacon.csv,2020-12-26,2846,0.4630007027406887,0.5,0.20385905568922064,0.0,1.2,0.2,0.8
dati_meteo_beacon.csv,2020-12-27,2846,0.35080815179198876,0.3,0.18593150396183755,-0.2,1.0,0.1,0.7
dati_meteo_beacon.csv,2020-12-28,2846,2.563352073085032,0.7,6.244778701186445,-0.1,34.0,0.2,24.15
dati_meteo_beacon.csv,2020-12-29,2846,0.49420238931834154,0.4,0.32965569695073466,-0.1,2.4,0.1,1.1
dati_meteo_beacon.csv,2020-12-30,2846,0.4948348559381588,0.5,0.2518920127249354,-0.1,2.0,0.2,0.9
dati_meteo_beacon.csv,2020-12-31,2847,0.3042500878117317,0.3,0.1960417995942475,-0.3,1.1,0.0,0.6
dati_meteo_beacon.csv,2021-01-01,2846,0.46458186929023193,0.4,0.3191981674390839,-0.1,3.1,0.1,1.0
dati_meteo_beacon.csv,2021-01-02,2846,0.9368587491215742,0.7,0.7003798911961765,-0.1,5.3,0.2,2.3
dati_meteo_beacon.csv,2021-01-03,2846,0.7839072382290935,0.6,0.6494293700489769,-0.1,5.4,0.2,2.0
dati_meteo_beacon.csv,2021-01-04,2846,0.36612789880534086,0.4,0.19687785320929443,-0.1,1.1,0.1,0.7
dati_meteo_beacon.csv,2021-01-05,2846,0.7320801124385102,0.6,0.5714290308872362,-0.1,4.5,0.2,1.7
dati_meteo_beacon.csv,2021-01-06,2847,0.32012644889357217,0.3,0.2093700641930028,-0.2,1.3,0.0,0.7
dati_meteo_beacon.csv,2021-01-07,1862,0.3351235230934479,0.3,0.19946586599677774,-0.2,1.0,0.0,0.7
fc-downlink-fade.csv,2020-07-21,1160,0.9075862068965517,0.9,0.20860116173178495,0.3,1.6,0.6,1.3
fc-downlink-fade.csv,2020-07-22,2880,0.8120833333333334,0.8,0.25270987034333964,0.1,1.9,0.4,1.2
fc-downlink-fade.csv,2020-07-23,2877,0.8291623218630518,0.8,0.3397635197790254,-9.9,2.9,0.4,1.3
fc-downlink-fade.csv,2020-07-24,2880,0.9104166666666667,0.9,0.2558027499681773,0.3,2.6,0.5,1.3
fc-downlink-fade.csv,2020-07-25,2880,0.7359375,0.7,0.22704473529906663,0.1,1.7,0.4,1.1
fc-downlink-fade.csv,2020-07-26,2880,0.6574305555555556,0.7,0.2819207836920956,-0.1,1.4,0.2,1.1
fc-downlink-fade.csv,2020-07-27,2880,0.7799305555555555,0.8,0.2544770950611703,0.1,1.7,0.3,1.2
fc-downlink-fade.csv,2020-07-28,2880,0.8219097222222221,0.8,0.24581774165943757,0.2,1.6,0.4,1.2
fc-downlink-fade.csv,2020-07-29,2845,0.9575043936731107,1.0,0.40588683321414903,-9.9,2.0,0.5,1.4799999999999727
fc-downlink-fade.csv,2020-07-30,2717,0.9055576002944424,0.9,0.22705945079584752,0.3,1.8,0.5,1.3
fc-downlink-fade.csv,2020-07-31,2880,0.8445833333333334,0.8,0.23872672257677302,0.2,1.6,0.5,1.2
fc-downlink-fade.csv,2020-08-01,2880,1.102673611111111,0.9,1.2187417727219483,0.2,17.1,0.5,1.8
fc-downlink-fade.csv,2020-08-02,2880,1.0175,1.0,0.3729094792043298,0.4,6.0,0.6,1.4
fc-downlink-fade.csv,2020-08-03,2880,0.9561458333333333,1.0,0.22958592591350582,0.3,1.7,0.6,1.3
fc-downlink-fade.csv,2020-08-04,2880,1.026701388888889,0.7,1.7796831739918404,0.1,21.0,0.4,1.3
fc-downlink-fade.csv,2020-08-05,2880,0.7321180555555555,0.7,0.26680352216132863,0.0,2.1,0.4,1.2
fc-downlink-fade.csv,2020-08-06,2880,0.8375,0.8,0.2539647408882764,0.2,1.5,0.4,1.3
fc-downlink-fade.csv,2020-08-07,2880,0.9029166666666667,0.9,0.22063999556187075,0.3,1.9,0.6,1.3
fc-downlink-fade.csv,2020-08-08,2880,0.9327430555555556,0.9,0.31445566516825885,0.4,2.5,0.5,1.5
fc-downlink-fade.csv,2020-08-09,2880,0.7898611111111111,0.8,0.2063122879047218,0.2,1.4,0.5,1.1
fc-downlink-fade.csv,2020-08-10,2880,0.8055208333333334,0.8,0.29590361706218266,0.0,1.7,0.3,1.3
fc-downlink-fade.csv,2020-08-11,2801,0.8721528025705105,0.9,0.265792560494955,0.2,2.6,0.4,1.3
fc-downlink-fade.csv,2020-08-12,2880,0.9386458333333334,0.9,0.2281270058365324,0.3,1.9,0.6,1.3
fc-downlink-fade.csv,2020-08-13,2880,0.8934722222222221,0.9,0.23270109849915915,0.3,1.8,0.5,1.3
fc-downlink-fade.csv,2020-08-14,2880,0.8323958333333334,0.8,0.23521768590038758,0.1,1.5,0.4,1.2
fc-downlink-fade.csv,2020-08-15,2880,0.9076736111111111,0.9,0.24743239535774425,0.3,1.9,0.5,1.3
fc-downlink-fade.csv,2020-08-16,2880,0.9189236111111111,0.9,0.3606556219774291,0.3,3.9,0.5,1.4
fc-downlink-fade.csv,2020-08-17,2857,0.863843192159608,0.8,0.23702684088906772,0.3,1.9,0.5,1.3
fc-downlink-fade.csv,2020-08-18,2879,0.8242445293504689,0.8,0.281122373158963,0.2,2.1,0.4,1.309999999999991
fc-downlink-fade.csv,2020-08-19,2875,0.7789565217391304,0.8,0.24737794735924212,0.1,1.7,0.4,1.2
fc-downlink-fade.csv,2020-08-20,2835,0.8323104056437389,0.8,0.261584368971066,0.1,1.7,0.4,1.3
fc-downlink-fade.csv,2020-08-21,2880,0.8755902777777778,0.9,0.23783643035196014,0.2,1.8,0.5,1.3
fc-downlink-fade.csv,2020-08-22,2880,0.8076388888888889,0.8,0.23650220058240706,0.2,1.7,0.4,1.2
fc-downlink-fade.csv,2020-08-23,2880,0.8811805555555556,0.9,0.3501500626603871,0.1,2.2,0.3,1.5
fc-downlink-fade.csv,2020-08-24,2880,0.9938194444444444,1.0,0.23385705750585647,0.4,2.0,0.6,1.4
fc-downlink-fade.csv,2020-08-25,2880,0.8418402777777778,0.8,0.2207444590376485,0.2,1.5,0.5,1.2
fc-downlink-fade.csv,2020-08-26,2880,0.7952083333333333,0.8,0.21597688358029457,0.2,1.5,0.5,1.2
fc-downlink-fade.csv,2020-08-27,2879,0.810107676276485,0.8,0.2681337625151674,0.1,1.9,0.4,1.2
fc-downlink-fade.csv,2020-08-28,2841,0.794297782470961,0.8,0.5608618946010714,-9.9,1.8,0.4,1.3
fc-downlink-fade.csv,2020-08-29,2880,0.8236458333333333,0.8,0.24466500603658345,0.2,1.7,0.4,1.3
fc-downlink-fade.csv,2020-08-30,2880,0.9847916666666666,1.0,0.28775754129186054,0.2,1.9,0.5,1.5
fc-downlink-fade.csv,2020-08-31,2880,1.9904861111111112,1.0,2.8469528337257377,0.0,34.5,0.3,7.2
fc-downlink-fade.csv,2020-09-01,2880,0.6927430555555555,0.7,0.24349710577622943,0.0,1.5,0.3,1.1
fc-downlink-fade.csv,2020-09-02,2880,0.668125,0.7,0.2403206979441602,0.0,1.5,0.3,1.1
fc-downlink-fade.csv,2020-09-03,2880,0.7776041666666667,0.8,0.24882179382366293,0.2,2.4,0.4,1.2
fc-downlink-fade.csv,2020-09-04,2879,0.6071205279610976,0.6,0.22120400620612427,0.0,1.5,0.3,1.0
fc-downlink-fade.csv,2020-09-05,2880,0.6141666666666666,0.6,0.24398423809834666,0.0,1.4,0.2,1.0
fc-downlink-fade.csv,2020-09-06,2880,0.7526736111111111,0.7,0.2053804010444681,0.1,1.4,0.4,1.1
fc-downlink-fade.csv,2020-09-07,2880,0.8076041666666667,0.8,0.20695065948247013,0.2,1.5,0.5,1.2
fc-downlink-fade.csv,2020-09-08,2880,0.8801388888888889,0.9,0.23758068002725002,0.3,2.3,0.5,1.3
fc-downlink-fade.csv,2020-09-09,2879,0.9460576589093435,0.9,0.2595853554911819,0.3,1.9,0.5,1.4
fc-downlink-fade.csv,2020-09-10,2815,1.1531793960923622,0.9,0.8016128563280022,0.3,7.6,0.6,3.0
fc-downlink-fade.csv,2020-09-11,2880,0.8948263888888889,0.9,0.27344743978554154,0.2,2.7,0.5,1.3
fc-downlink-fade.csv,2020-09-12,2880,0.7860416666666667,0.8,0.2719610098885832,0.1,2.2,0.4,1.2
fc-downlink-fade.csv,2020-09-13,2880,0.8143402777777778,0.8,0.23529909467624993,0.2,1.5,0.4,1.2
fc-downlink-fade.csv,2020-09-14,2844,0.7688115330520394,0.8,0.2514702339692203,0.1,1.6,0.4,1.2
fc-downlink-fade.csv,2020-09-15,2880,0.8619791666666666,0.8,0.3013958027637153,0.3,2.8,0.5,1.3
fc-downlink-fade.csv,2020-09-16,2880,0.8253819444444445,0.8,0.2607964528312213,0.1,1.9,0.4,1.3
fc-downlink-fade.csv,2020-09-17,2886,0.5782397782397782,0.6,0.2149148056377409,0.0,1.4,0.2,0.9
fc-downlink-fade.csv,2020-09-18,2879,0.6158388329281,0.6,0.23898801382076182,0.0,1.6,0.3,1.0
fc-downlink-fade.csv,2020-09-19,2880,0.6768055555555555,0.7,0.24828037344607845,0.1,2.2,0.3,1.1
fc-downlink-fade.csv,2020-09-20,2880,0.7168402777777778,0.7,0.22517273407192537,0.2,1.7,0.4,1.1
fc-downlink-fade.csv,2020-09-21,2880,0.6780208333333333,0.7,0.20287848582444704,0.1,1.5,0.4,1.0
fc-downlink-fade.csv,2020-09-22,1916,0.7020354906054279,0.7,0.3022820614802701,0.1,2.7,0.3,1.2
fc-downlink-fade.csv,2020-09-23,2883,0.35251474158862295,0.3,0.5967844869345726,-0.6,4.2,-0.3,1.4
fc-downlink-fade.csv,2020-09-24,2880,-0.021493055555555553,-0.1,0.3546248696095285,-0.8,1.6,-0.5,0.6
fc-downlink-fade.csv,2020-09-25,2880,0.42902777777777773,0.1,1.628449877139057,-0.9,17.3,-0.6,2.2
fc-downlink-fade.csv,2020-09-26,2880,-0.26375,-0.5,0.768133906172446,-1.1,8.4,-0.9,1.2
fc-downlink-fade.csv,2020-09-27,2880,0.32163194444444443,-0.2,1.2438528712100476,-1.0,6.9,-0.7,3.0
fc-downlink-fade.csv,2020-09-28,2858,-0.4299510146955913,-0.5,0.27753111316690054,-1.0,0.9,-0.8,0.1
fc-downlink-fade.csv,2020-09-29,2750,-0.4769454545454545,-0.5,0.2245389292418228,-1.1,0.2,-0.8,-0.1
fc-downlink-fade.csv,2020-09-30,2853,-0.38296529968454257,-0.4,0.21517802535646505,-1.0,0.3,-0.7,0.0
fc-downlink-fade.csv,2020-10-01,2880,0.22065972222222222,0.1,0.7191521643872179,-0.9,1.9,-0.7,1.3
fc-downlink-fade.csv,2020-10-02,2880,1.0037847222222223,1.0,0.2026986622182896,0.4,1.6,0.7,1.3
fc-downlink-fade.csv,2020-10-03,2881,1.7304755293300937,1.5,1.0849961995140833,0.7,14.5,0.9,3.0
fc-downlink-fade.csv,2020-10-04,2880,0.9912847222222223,1.0,0.22935889818745292,0.3,1.7,0.6,1.4
fc-downlink-fade.csv,2020-10-05,2819,1.2499822632139055,1.2,0.5257417279263874,0.4,5.8,0.8,1.8
fc-downlink-fade.csv,2020-10-06,2880,0.9137152777777777,0.9,0.20641689750975847,0.3,1.6,0.6,1.3
fc-downlink-fade.csv,2020-10-07,2630,1.7576045627376427,1.2,1.7971177325999312,0.5,19.2,0.7,4.9
fc-downlink-fade.csv,2020-10-08,2880,0.8845138888888889,0.9,0.22229761056728975,0.3,1.7,0.5,1.3
fc-downlink-fade.csv,2020-10-09,2880,0.6796180555555555,0.6,0.33918234224750143,-0.3,1.6,0.2,1.3
fc-downlink-fade.csv,2020-10-10,2880,0.6175694444444444,0.6,0.2129132567943114,0.0,1.4,0.3,1.0
fc-downlink-fade.csv,2020-10-11,2880,1.2829513888888888,0.8,1.076951190646648,0.0,6.4,0.3,3.8
fc-downlink-fade.csv,2020-10-12,2876,0.6218011126564673,0.6,0.2525026527533073,0.0,1.7,0.3,1.1
fc-downlink-fade.csv,2020-10-13,2874,0.5087334725121782,0.5,0.2628201161428413,-0.1,2.0,0.2,0.9
fc-downlink-fade.csv,2020-10-14,2879,0.8825981243487322,0.7,0.5814775236445321,0.0,4.9,0.3,2.0
fc-downlink-fade.csv,2020-10-15,2880,1.1488541666666665,0.8,1.1147276131541315,0.0,13.4,0.3,3.1
fc-downlink-fade.csv,2020-10-16,2880,0.5146527777777778,0.5,0.2123502294083047,0.0,1.7,0.2,0.9
fc-downlink-fade.csv,2020-10-17,2880,0.5463888888888888,0.5,0.20150738343760394,0.0,1.3,0.2,0.9
fc-downlink-fade.csv,2020-10-18,2880,0.5364583333333334,0.5,0.20106686187800105,0.0,1.2,0.2,0.9
fc-downlink-fade.csv,2020-10-19,2880,0.47701388888888885,0.5,0.19617594537492594,-0.0,1.1,0.2,0.8
fc-downlink-fade.csv,2020-10-20,2880,0.40399305555555554,0.4,0.1969056207973802,-0.1,1.1,0.1,0.7
fc-downlink-fade.csv,2020-10-21,2879,0.3929836748871136,0.4,0.20533051901886326,-0.1,1.1,0.1,0.7
fc-downlink-fade.csv,2020-10-22,2880,0.365625,0.4,0.19938850161056196,-0.2,1.1,0.1,0.7
fc-downlink-fade.csv,2020-10-23,2880,0.6221527777777778,0.6,0.24816565855785344,0.0,1.3,0.2,1.0
fc-downlink-fade.csv,2020-10-24,2880,1.1905902777777777,0.9,0.8957300965579651,0.2,7.4,0.4,3.2
fc-downlink-fade.csv,2020-10-25,2880,0.628125,0.6,0.2464347199671336,0.0,1.8,0.3,1.1
fc-downlink-fade.csv,2020-10-26,2880,0.5869444444444445,0.6,0.27987313599409186,-0.0,2.7,0.2,1.1
fc-downlink-fade.csv,2020-10-27,2880,0.7164236111111112,0.6,0.40161758858271485,0.1,3.2,0.3,1.5
fc-downlink-fade.csv,2020-10-28,2132,0.5564258911819887,0.6,0.20757811654354327,0.0,1.2,0.2,0.9
fc-downlink-fade.csv,2020-10-29,2880,0.5116319444444445,0.5,0.20257145949134936,-0.1,1.2,0.2,0.8
fc-downlink-fade.csv,2020-10-30,2880,0.5870138888888888,0.6,0.19663222127278415,0.0,1.5,0.3,0.9
fc-downlink-fade.csv,2020-10-31,2880,0.5376736111111111,0.5,0.2050613588350276,-0.1,1.2,0.2,0.9
fc-downlink-fade.csv,2020-11-01,2879,0.46179228898923236,0.5,0.19828762406796446,-0.1,1.1,0.2,0.8
fc-downlink-fade.csv,2020-11-02,2880,0.5153819444444444,0.5,0.18723466103117556,0.0,1.2,0.2,0.8
fc-downlink-fade.csv,2020-11-03,2880,0.5855555555555556,0.6,0.20322094730904622,0.0,1.3,0.3,0.9
fc-downlink-fade.csv,2020-11-04,2880,0.6723263888888888,0.7,0.1929320872029095,0.2,1.3,0.4,1.0
fc-downlink-fade.csv,2020-11-05,2880,0.7355902777777777,0.7,0.19119375678114248,0.2,1.4,0.4,1.1
fc-downlink-fade.csv,2020-11-06,2880,0.5909027777777778,0.6,0.19577124827864797,0.1,1.5,0.3,0.9
fc-downlink-fade.csv,2020-11-07,2880,0.46572916666666664,0.5,0.19394039178168143,-0.1,1.1,0.2,0.8
fc-downlink-fade.csv,2020-11-08,2880,0.41374999999999995,0.4,0.19514380479582513,-0.1,1.0,0.1,0.7
fc-downlink-fade.csv,2020-11-09,2880,0.4470833333333333,0.4,0.1912786720795013,-0.1,1.1,0.2,0.8
fc-downlink-fade.csv,2020-11-10,2880,0.42899305555555556,0.4,0.19531600837225638,-0.1,1.1,0.1,0.8
fc-downlink-fade.csv,2020-11-11,2880,0.4970138888888889,0.5,0.19733754002866652,-0.1,1.1,0.2,0.8
fc-downlink-fade.csv,2020-11-12,2880,0.4954513888888889,0.5,0.20221971858963003,-0.1,1.3,0.2,0.8
fc-downlink-fade.csv,2020-11-13,2879,0.4781868704411254,0.5,0.1948522145066853,0.0,1.1,0.2,0.8
fc-downlink-fade.csv,2020-11-14,2881,0.7399514057618883,0.7,0.27768361867820873,0.1,1.8,0.3,1.2
fc-downlink-fade.csv,2020-11-15,2879,0.6203890239666551,0.6,0.19428345594887997,0.2,1.3,0.3,1.0
fc-downlink-fade.csv,2020-11-16,2881,1.3517875737591114,0.9,1.0394732396606154,0.3,6.7,0.5,3.7
fc-downlink-fade.csv,2020-11-17,2879,0.7095171934699549,0.7,0.23858165335125323,0.1,2.1,0.4,1.1
fc-downlink-fade.csv,2020-11-18,2746,0.6100145666423888,0.6,0.20043177383488608,0.1,1.4,0.3,1.0
fc-downlink-fade.csv,2020-11-19,2880,0.4904513888888889,0.5,0.1972434322998539,0.0,1.1,0.2,0.8
fc-downlink-fade.csv,2020-11-20,2880,0.8455902777777778,0.7,0.43952198470122,0.1,3.1,0.3,1.7
fc-downlink-fade.csv,2020-11-21,2831,0.5221123277993641,0.5,0.2687069997022056,-0.1,1.6,0.1,1.0
fc-downlink-fade.csv,2020-11-22,2880,0.33288194444444447,0.3,0.1939481027803889,-0.2,1.0,0.0,0.7
fc-downlink-fade.csv,2020-11-23,2874,0.40640222686151706,0.4,0.1936713632573533,-0.1,1.1,0.1,0.7
fc-downlink-fade.csv,2020-11-24,2880,0.40270833333333333,0.4,0.18809558643224442,-0.1,1.0,0.1,0.7
fc-downlink-fade.csv,2020-11-25,2878,0.392911744266852,0.4,0.271131846397753,-9.9,1.0,0.1,0.7
fc-downlink-fade.csv,2020-11-26,2879,0.41340743313650574,0.4,0.19312584795501317,-0.1,1.0,0.1,0.7
fc-downlink-fade.csv,2020-11-27,2880,0.43701388888888887,0.4,0.1894529880478311,-0.1,1.1,0.1,0.7049999999999726
fc-downlink-fade.csv,2020-11-28,1502,0.4188415446071904,0.4,0.19524115887366603,0.0,1.0,0.1,0.8
fc-downlink-fade.csv,2020-11-29,1840,0.7754891304347826,0.8,0.2321197678219321,0.2,1.7,0.4,1.2
fc-downlink-fade.csv,2020-11-30,2880,0.40319444444444447,0.4,0.19669959279539437,-0.1,1.1,0.1,0.7
fc-downlink-fade.csv,2020-12-01,2880,0.5116319444444445,0.5,0.24740425949069764,-0.1,1.5,0.2,0.9
fc-downlink-fade.csv,2020-12-02,1680,0.5863095238095238,0.6,0.24405390865977492,0.1,1.6,0.2,1.0
fc-uplink-fade.csv,2020-07-21,1192,1.7458053691275168,1.7,0.4200466037532414,0.6,3.2,1.1,2.4
fc-uplink-fade.csv,2020-07-22,2880,1.5743055555555556,1.6,0.5026565796499021,0.2,3.7,0.8,2.4
fc-uplink-fade.csv,2020-07-23,2877,1.6128258602711159,1.6,0.5867263573532995,-9.9,5.7,0.8,2.5
fc-uplink-fade.csv,2020-07-24,2880,1.7697222222222222,1.8,0.5081960337073196,0.5,5.1,1.0,2.6
fc-uplink-fade.csv,2020-07-25,2880,1.4217708333333332,1.4,0.45171317931876565,0.2,3.3,0.7,2.2
fc-uplink-fade.csv,2020-07-26,2880,1.2664930555555556,1.3,0.560521447501435,-0.2,2.8,0.3,2.2
fc-uplink-fade.csv,2020-07-27,2880,1.5105555555555554,1.5,0.506491075769024,0.2,3.4,0.6,2.3
fc-uplink-fade.csv,2020-07-28,2880,1.5932291666666667,1.6,0.4872953364885909,0.3,3.1,0.8,2.4
fc-uplink-fade.csv,2020-07-29,2571,1.8734733566705561,1.9,0.5860143299548439,0.3,3.9,1.0,2.9
fc-uplink-fade.csv,2020-07-30,2607,1.7747602608362103,1.8,0.4496008399216557,0.6,3.5,1.1,2.5
fc-uplink-fade.csv,2020-07-31,2880,1.6397569444444444,1.6,0.47501588787567983,0.4,3.1,0.9,2.4
fc-uplink-fade.csv,2020-08-01,2880,2.155520833333333,1.8,2.4358923323768353,0.3,34.1,0.9,3.5
fc-uplink-fade.csv,2020-08-02,2880,1.9841319444444445,1.9,0.7449085790878753,0.7,11.9,1.2,2.8
fc-uplink-fade.csv,2020-08-03,2880,1.862986111111111,1.9,0.4562233474662818,0.6,3.4,1.1,2.6
fc-uplink-fade.csv,2020-08-04,2880,2.005173611111111,1.4,3.5582061718279645,0.1,42.0,0.7,2.5
fc-uplink-fade.csv,2020-08-05,2880,1.4136458333333335,1.4,0.5328375412314764,0.0,4.1,0.7,2.4
fc-uplink-fade.csv,2020-08-06,2880,1.6254513888888888,1.6,0.5043142848945961,0.4,3.0,0.8,2.5
fc-uplink-fade.csv,2020-08-07,2880,1.7551041666666667,1.7,0.4374548927275135,0.6,3.8,1.1,2.5
fc-uplink-fade.csv,2020-08-08,2880,1.8155555555555556,1.7,0.6278372518697802,0.7,5.0,1.0,3.0
fc-uplink-fade.csv,2020-08-09,2880,1.5314583333333334,1.5,0.40936835552305145,0.3,2.8,0.9,2.2
fc-uplink-fade.csv,2020-08-10,2880,1.563402777777778,1.5,0.5902597884370094,0.0,3.3,0.6,2.6
fc-uplink-fade.csv,2020-08-11,2767,1.6908565233104447,1.7,0.530105471858383,0.3,5.1,0.8,2.6
fc-uplink-fade.csv,2020-08-12,2700,1.8075925925925926,1.8,0.45111296719419297,0.5,3.8,1.1,2.6
fc-uplink-fade.csv,2020-08-13,2840,1.7308450704225353,1.7,0.4613096705336419,0.5,3.5,1.0,2.5
fc-uplink-fade.csv,2020-08-14,2680,1.592089552238806,1.6,0.46377240596474495,0.1,2.9,0.8,2.3
fc-uplink-fade.csv,2020-08-15,2880,1.765138888888889,1.8,0.4928315393421485,0.5,3.7,1.0,2.6
fc-uplink-fade.csv,2020-08-16,2880,1.7870138888888891,1.7,0.720646327036515,0.5,7.8,0.9,2.8
fc-uplink-fade.csv,2020-08-17,2637,1.6448615851346227,1.6,0.46278125782522767,0.6,3.7,0.9,2.5
fc-uplink-fade.csv,2020-08-18,2799,1.58313683458378,1.5,0.554204173027529,0.3,4.2,0.8,2.6
fc-uplink-fade.csv,2020-08-19,2825,1.5018053097345134,1.5,0.49204752043432126,0.1,3.4,0.7,2.3
fc-uplink-fade.csv,2020-08-20,2795,1.6079069767441863,1.6,0.5195447238187897,0.2,3.2,0.8,2.5
fc-uplink-fade.csv,2020-08-21,2830,1.6926855123674913,1.7,0.47107144184810396,0.3,3.5,1.0,2.5
fc-uplink-fade.csv,2020-08-22,2840,1.5608802816901408,1.6,0.4699433011957642,0.3,3.3,0.8,2.3
fc-uplink-fade.csv,2020-08-23,2800,1.6976071428571429,1.7,0.7005571120096198,0.1,4.4,0.6,2.9
fc-uplink-fade.csv,2020-08-24,2880,1.9394097222222222,1.9,0.46472548882966136,0.7,4.0,1.2,2.7
fc-uplink-fade.csv,2020-08-25,2880,1.63375,1.6,0.43954391563149786,0.4,3.0,0.9,2.4
fc-uplink-fade.csv,2020-08-26,2880,1.5414930555555555,1.5,0.4298079006841164,0.4,2.9,0.9,2.3
fc-uplink-fade.csv,2020-08-27,2879,1.5692254254949636,1.6,0.5343884467843477,0.1,3.7,0.7,2.4
fc-uplink-fade.csv,2020-08-28,2691,1.5260497956150132,1.5,0.7532837430341074,-9.9,3.6,0.7,2.5
fc-uplink-fade.csv,2020-08-29,2750,1.5709090909090908,1.5,0.47285451103285414,0.3,3.3,0.8,2.4
fc-uplink-fade.csv,2020-08-30,2680,1.873544776119403,1.9,0.5573675410551804,0.4,3.7,0.9,2.8
fc-uplink-fade.csv,2020-08-31,2690,3.8678438661710035,2.0,5.771069164913846,0.0,69.0,0.6,14.0
fc-uplink-fade.csv,2020-09-01,2880,1.3341319444444446,1.3,0.4830200630762483,0.0,2.9,0.6,2.1
fc-uplink-fade.csv,2020-09-02,2740,1.276897810218978,1.3,0.4787593615227377,0.0,2.9,0.5,2.1
fc-uplink-fade.csv,2020-09-03,2690,1.4543122676579925,1.4,0.43342795351362495,0.3,2.9,0.8,2.2
fc-uplink-fade.csv,2020-09-04,2659,1.14072959759308,1.1,0.43531942752499375,0.0,2.6,0.5,1.9
fc-uplink-fade.csv,2020-09-05,2880,1.178125,1.2,0.4860120035481786,0.0,2.8,0.4,2.0
fc-uplink-fade.csv,2020-09-06,2880,1.4547222222222222,1.4,0.40602264243270586,0.2,2.8,0.8,2.1
fc-uplink-fade.csv,2020-09-07,2880,1.5663194444444444,1.5,0.4102342141918597,0.4,3.0,0.9,2.3
fc-uplink-fade.csv,2020-09-08,2880,1.7099305555555557,1.7,0.47135228004521673,0.5,4.5,1.0,2.5
fc-uplink-fade.csv,2020-09-09,2879,1.8416811392844736,1.8,0.5161122721314665,0.6,3.8,1.0,2.7
fc-uplink-fade.csv,2020-09-10,2815,2.2569094138543515,1.8,1.6031621994150955,0.6,15.2,1.1,5.9
fc-uplink-fade.csv,2020-09-11,2880,1.7404166666666665,1.7,0.5446112596206506,0.3,5.4,0.9,2.6
fc-uplink-fade.csv,2020-09-12,2880,1.5225,1.5,0.5412482196645364,0.1,4.4,0.7,2.4
fc-uplink-fade.csv,2020-09-13,2880,1.5800347222222222,1.6,0.4687904653008539,0.4,3.0,0.8,2.4
fc-uplink-fade.csv,2020-09-14,2844,1.4866385372714486,1.5,0.4996911689273848,0.1,3.1,0.7,2.3
fc-uplink-fade.csv,2020-09-15,2880,1.6723958333333333,1.6,0.6008143913689138,0.5,5.5,0.9,2.6
fc-uplink-fade.csv,2020-09-16,2880,1.6007291666666668,1.6,0.518704825156705,0.1,3.8,0.8,2.5
fc-uplink-fade.csv,2020-09-17,2886,1.1048163548163548,1.1,0.4287028731391937,0.0,2.8,0.4,1.8
fc-uplink-fade.csv,2020-09-18,2879,1.182007641542202,1.1,0.47475826694573475,0.0,3.2,0.5,2.0
fc-uplink-fade.csv,2020-09-19,2880,1.3047569444444445,1.3,0.4940440085771167,0.1,4.3,0.6,2.1
fc-uplink-fade.csv,2020-09-20,2880,1.3830208333333334,1.3,0.44784991296942067,0.3,3.3,0.7,2.1
fc-uplink-fade.csv,2020-09-21,2880,1.3069444444444445,1.3,0.403906381598391,0.2,2.9,0.7,2.0
fc-uplink-fade.csv,2020-09-22,1917,1.3529473135106937,1.3,0.6008761208162234,0.2,5.3,0.6,2.3
fc-uplink-fade.csv,2020-09-23,2883,0.6845646895594866,0.5,1.1688537076248608,-1.1,8.3,-0.5,2.7
fc-uplink-fade.csv,2020-09-24,2880,-0.036597222222222225,-0.1,0.6692269891710911,-1.6,3.1,-1.0,1.2
fc-uplink-fade.csv,2020-09-25,2880,0.8477430555555555,0.15000000000000002,3.2389982826343595,-1.8,34.5,-1.1,4.4
fc-uplink-fade.csv,2020-09-26,2880,-0.4946527777777777,-0.9,1.505711904936042,-2.1,16.8,-1.7,2.3
fc-uplink-fade.csv,2020-09-27,2880,0.6526388888888889,-0.4,2.451635682868877,-1.9,13.8,-1.4,5.9
fc-uplink-fade.csv,2020-09-28,2858,-0.8162701189643108,-0.9,0.5373984961562882,-2.0,1.8,-1.6,0.1
fc-uplink-fade.csv,2020-09-29,2750,-0.9063636363636364,-0.9,0.441474198085219,-2.2,0.4,-1.6,-0.2
fc-uplink-fade.csv,2020-09-30,2853,-0.7184016824395373,-0.7,0.42063029230218,-1.9,0.6,-1.4,0.0
fc-uplink-fade.csv,2020-10-01,2880,0.43659722222222225,0.2,1.393532255652346,-1.8,3.8,-1.4,2.5
fc-uplink-fade.csv,2020-10-02,2880,1.9567708333333333,2.0,0.40143367972615157,0.8,3.2,1.3,2.6
fc-uplink-fade.csv,2020-10-03,2881,3.4110378340853873,3.0,2.168423085901565,1.3,28.9,1.8,5.9
fc-uplink-fade.csv,2020-10-04,2880,1.9321875,1.9,0.4548095871834231,0.6,3.4,1.2,2.7
fc-uplink-fade.csv,2020-10-05,2819,2.4496275274920185,2.3,1.0486780872250208,0.8,11.5,1.5,3.6
fc-uplink-fade.csv,2020-10-06,2880,1.7771527777777778,1.8,0.4100409813462421,0.6,3.1,1.1,2.5
fc-uplink-fade.csv,2020-10-07,2800,3.415142857142857,2.3,3.4910214005398448,0.9,38.3,1.4,9.504999999999972
fc-uplink-fade.csv,2020-10-08,2880,1.7196180555555556,1.7,0.44139787888270415,0.5,3.3,1.0,2.5
fc-uplink-fade.csv,2020-10-09,2880,1.3091666666666666,1.2,0.6748285259407825,-0.5,3.2,0.4,2.6
fc-uplink-fade.csv,2020-10-10,2880,1.1838541666666667,1.2,0.4231160227665444,0.0,2.7,0.5,1.9
fc-uplink-fade.csv,2020-10-11,2880,2.515902777777778,1.6,2.153212068872605,0.0,12.8,0.6,7.6
fc-uplink-fade.csv,2020-10-12,2876,1.1914464534075104,1.1,0.5032657117368778,0.0,3.3,0.5,2.1
fc-uplink-fade.csv,2020-10-13,2874,0.9674321503131524,0.9,0.5196291916233058,-0.2,4.0,0.3,1.8
fc-uplink-fade.csv,2020-10-14,2879,1.7159430357763112,1.4,1.161473001211259,0.0,9.7,0.5,4.0
fc-uplink-fade.csv,2020-10-15,2880,2.2481597222222223,1.6,2.228734187222297,0.0,26.8,0.6,6.104999999999972
fc-uplink-fade.csv,2020-10-16,2880,0.9787847222222222,0.9,0.42247297330591665,0.0,3.3,0.4,1.7
fc-uplink-fade.csv,2020-10-17,2880,1.0434722222222221,1.0,0.3990947022633923,0.0,2.6,0.4,1.7
fc-uplink-fade.csv,2020-10-18,2880,1.0230208333333335,1.0,0.39829600524967196,0.0,2.3,0.4,1.7
fc-uplink-fade.csv,2020-10-19,2880,0.90375,0.9,0.38914566964779,0.0,2.1,0.3,1.6
fc-uplink-fade.csv,2020-10-20,2880,0.7589583333333334,0.7,0.3900770201198278,-0.1,2.2,0.2,1.4
fc-uplink-fade.csv,2020-10-21,2879,0.7370962139631816,0.7,0.40420742562288087,-0.1,2.2,0.1,1.4
fc-uplink-fade.csv,2020-10-22,2880,0.6828819444444445,0.7,0.3947317535973747,-0.3,2.1,0.1,1.4
fc-uplink-fade.csv,2020-10-23,2880,1.1947569444444446,1.2,0.49282127939919446,0.0,2.6,0.4,2.0
fc-uplink-fade.csv,2020-10-24,2880,2.330173611111111,1.7,1.7905610951588624,0.3,14.8,0.8,6.3
fc-uplink-fade.csv,2020-10-25,2880,1.2070486111111112,1.2,0.4893399631966089,0.0,3.5,0.5,2.1
fc-uplink-fade.csv,2020-10-26,2880,1.1228819444444444,1.1,0.5582505297787923,0.0,5.4,0.4,2.1
fc-uplink-fade.csv,2020-10-27,2880,1.3830208333333334,1.2,0.8030507389444388,0.1,6.4,0.5,2.9
fc-uplink-fade.csv,2020-10-28,2172,1.0576887661141805,1.1,0.4106939883885847,0.0,2.3,0.4,1.7
fc-uplink-fade.csv,2020-10-29,2880,0.9726041666666666,1.0,0.40096638591823625,-0.1,2.3,0.4,1.6
fc-uplink-fade.csv,2020-10-30,2880,1.1227777777777777,1.1,0.3911249607225745,0.0,3.0,0.5,1.8
fc-uplink-fade.csv,2020-10-31,2880,1.0265277777777777,1.0,0.40620973481073996,-0.1,2.4,0.4,1.7
fc-uplink-fade.csv,2020-11-01,2879,0.8747134421674193,0.9,0.3926793347868654,-0.1,2.1,0.3,1.5
fc-uplink-fade.csv,2020-11-02,2880,0.9800694444444444,1.0,0.37082560747676424,0.0,2.3,0.4,1.6
fc-uplink-fade.csv,2020-11-03,2880,1.1219791666666667,1.1,0.40441241160816294,0.0,2.6,0.5,1.8
fc-uplink-fade.csv,2020-11-04,2880,1.2950694444444446,1.3,0.38266083012300073,0.3,2.5,0.7,2.0
fc-uplink-fade.csv,2020-11-05,2880,1.4211458333333333,1.4,0.3800249615894366,0.4,2.8,0.8,2.1
fc-uplink-fade.csv,2020-11-06,2880,1.1314236111111111,1.1,0.3876193418146433,0.1,2.9,0.5,1.8
fc-uplink-fade.csv,2020-11-07,2880,0.8808333333333334,0.9,0.3828840665341091,-0.1,2.2,0.3,1.5
fc-uplink-fade.csv,2020-11-08,2880,0.7778125,0.8,0.38621263705976955,-0.2,2.0,0.2,1.4
fc-uplink-fade.csv,2020-11-09,2880,0.8436458333333333,0.8,0.3809385489813739,-0.1,2.2,0.3,1.5
fc-uplink-fade.csv,2020-11-10,2880,0.8075694444444446,0.8,0.3869506486421517,-0.1,2.1,0.2,1.5
fc-uplink-fade.csv,2020-11-11,2880,0.9423958333333333,0.9,0.39124380562430494,-0.1,2.2,0.3,1.6
fc-uplink-fade.csv,2020-11-12,2880,0.9379861111111112,0.9,0.4008692879016643,-0.1,2.5,0.3,1.6
fc-uplink-fade.csv,2020-11-13,2879,0.9064953108718306,0.9,0.3875801774017421,0.0,2.1,0.3,1.6
fc-uplink-fade.csv,2020-11-14,2881,1.430857341200972,1.4,0.5519368618176062,0.1,3.6,0.6,2.4
fc-uplink-fade.csv,2020-11-15,2879,1.192150052101424,1.2,0.3847612325943675,0.3,2.5,0.6,1.9
fc-uplink-fade.csv,2020-11-16,2881,2.6536272127733427,1.8,2.0788572411392257,0.5,13.4,1.0,7.3
fc-uplink-fade.csv,2020-11-17,2879,1.371240013893713,1.3,0.4741616621419003,0.2,4.1,0.7,2.2
fc-uplink-fade.csv,2020-11-18,2746,1.168353969410051,1.2,0.399307214240982,0.1,2.8,0.5,1.9
fc-uplink-fade.csv,2020-11-19,2880,0.9309375,0.9,0.38944633830196856,0.0,2.2,0.3,1.6
fc-uplink-fade.csv,2020-11-20,2880,1.6419444444444444,1.4,0.8775880914886661,0.2,6.2,0.6,3.3
fc-uplink-fade.csv,2020-11-21,2831,0.9954433062522077,1.0,0.5337417814597697,-0.2,3.2,0.2,2.0
fc-uplink-fade.csv,2020-11-22,2880,0.6186111111111111,0.6,0.3795586386060535,-0.3,2.0,0.0,1.3
fc-uplink-fade.csv,2020-11-23,2874,0.7643702157272095,0.7,0.3831789966002773,-0.2,2.2,0.2,1.4
fc-uplink-fade.csv,2020-11-24,2880,0.7542013888888889,0.7,0.37257921345702966,-0.1,2.0,0.2,1.4
fc-uplink-fade.csv,2020-11-25,2878,0.7391591382904795,0.7,0.42773045491617195,-9.9,1.9,0.1,1.4
fc-uplink-fade.csv,2020-11-26,2879,0.7784647447030218,0.8,0.38229802116678946,-0.1,2.0,0.2,1.4
fc-uplink-fade.csv,2020-11-27,2880,0.8244444444444444,0.8,0.374415886919345,-0.2,2.1,0.2,1.4049999999999727
fc-uplink-fade.csv,2020-11-28,1502,0.787416777629827,0.8,0.3852650584830451,0.0,2.0,0.2,1.5
fc-uplink-fade.csv,2020-11-29,1840,1.5009239130434782,1.5,0.46100136258648344,0.3,3.3,0.8,2.3
fc-uplink-fade.csv,2020-11-30,2880,0.7564583333333333,0.7,0.38818065633422083,-0.1,2.1,0.2,1.4
fc-uplink-fade.csv,2020-12-01,2880,0.9739236111111111,0.9,0.49127562660601504,-0.2,2.9,0.3,1.8
fc-uplink-fade.csv,2020-12-02,1680,1.1235714285714284,1.1,0.48559142294204966,0.1,3.1,0.4,2.0
uplink_beacon_data_fucino_GX4.csv,2020-07-21,1160,1.754051724137931,1.7,0.4182845909759653,0.6,3.2,1.1,2.4049999999999954
uplink_beacon_data_fucino_GX4.csv,2020-07-22,2833,1.572220261207201,1.6,0.5048926350589753,0.2,3.7,0.8,2.4
uplink_beacon_data_fucino_GX4.csv,2020-07-23,2832,1.618008474576271,1.6,0.5892662782314627,-9.9,5.7,0.8,2.5
uplink_beacon_data_fucino_GX4.csv,2020-07-24,2833,1.7515354747617369,1.7,0.5134820137944379,0.5,5.1,0.9,2.6
uplink_beacon_data_fucino_GX4.csv,2020-07-25,2832,1.4876765536723164,1.5,0.43904294927900683,0.2,3.3,0.8,2.2
uplink_beacon_data_fucino_GX4.csv,2020-07-26,2833,1.2156724320508294,1.2,0.562600946377394,-0.2,2.8,0.3,2.1
uplink_beacon_data_fucino_GX4.csv,2020-07-27,2832,1.5034604519774013,1.5,0.5100564404431334,0.2,3.4,0.6,2.3
uplink_beacon_data_fucino_GX4.csv,2020-07-28,2833,1.5802329685845393,1.6,0.4854205782585544,0.3,3.1,0.8,2.4
uplink_beacon_data_fucino_GX4.csv,2020-07-29,2832,1.8530367231638418,1.8,0.5736144315966244,0.3,3.9,1.0,2.8
uplink_beacon_data_fucino_GX4.csv,2020-07-30,2833,1.7579597599717613,1.7,0.45002471974344715,0.6,3.5,1.0,2.5
uplink_beacon_data_fucino_GX4.csv,2020-07-31,2833,1.6519590540063538,1.6,0.47334741784850853,0.4,3.1,0.9,2.4
uplink_beacon_data_fucino_GX4.csv,2020-08-01,2832,2.1651483050847458,1.8,2.4549584436366727,0.3,34.1,0.9,3.5
uplink_beacon_data_fucino_GX4.csv,2020-08-02,2833,1.9871514295799506,1.9,0.7493152033852394,0.7,11.9,1.2,2.8
uplink_beacon_data_fucino_GX4.csv,2020-08-03,2832,1.8587217514124292,1.8,0.4574994514245138,0.6,3.4,1.1,2.6
uplink_beacon_data_fucino_GX4.csv,2020-08-04,2833,2.03967525591246,1.5,3.5828304321867477,0.1,42.0,0.8,2.5
uplink_beacon_data_fucino_GX4.csv,2020-08-05,2832,1.4064618644067797,1.4,0.5395000589695724,0.0,4.1,0.6,2.4
uplink_beacon_data_fucino_GX4.csv,2020-08-06,2833,1.5784680550653019,1.6,0.49086519637940323,0.4,3.0,0.8,2.4
uplink_beacon_data_fucino_GX4.csv,2020-08-07,2832,1.7893714689265536,1.8,0.44511163361284395,0.6,3.8,1.1,2.6
uplink_beacon_data_fucino_GX4.csv,2020-08-08,2833,1.825520649488175,1.7,0.6283511449698242,0.7,5.0,1.0,3.0
uplink_beacon_data_fucino_GX4.csv,2020-08-09,2833,1.5500882456759617,1.5,0.40640288428706317,0.3,2.8,0.9,2.2
uplink_beacon_data_fucino_GX4.csv,2020-08-10,2832,1.520550847457627,1.5,0.5851705426607434,0.0,3.3,0.6,2.6
uplink_beacon_data_fucino_GX4.csv,2020-08-11,2833,1.6769149311683726,1.7,0.5313512238221987,0.3,5.1,0.8,2.6
uplink_beacon_data_fucino_GX4.csv,2020-08-12,2832,1.8147951977401129,1.8,0.44918784642477677,0.5,3.8,1.1,2.6
uplink_beacon_data_fucino_GX4.csv,2020-08-13,2833,1.7397458524532297,1.7,0.46136182942036275,0.5,3.5,1.0,2.5
uplink_beacon_data_fucino_GX4.csv,2020-08-14,2832,1.5937146892655365,1.6,0.45814891843373523,0.1,2.9,0.8,2.3
uplink_beacon_data_fucino_GX4.csv,2020-08-15,2833,1.7629368160960113,1.7,0.49457093688744885,0.5,3.7,1.0,2.6
uplink_beacon_data_fucino_GX4.csv,2020-08-16,2832,1.7958686440677964,1.7,0.724419319004986,0.5,7.8,0.9,2.8
uplink_beacon_data_fucino_GX4.csv,2020-08-17,2833,1.6397811507236146,1.6,0.4579980788427776,0.6,3.7,0.9,2.4
uplink_beacon_data_fucino_GX4.csv,2020-08-18,2833,1.575044122837981,1.5,0.555215900479902,0.3,4.2,0.8,2.6
uplink_beacon_data_fucino_GX4.csv,2020-08-19,2832,1.506108757062147,1.5,0.48926458791169114,0.1,3.4,0.7,2.3
uplink_beacon_data_fucino_GX4.csv,2020-08-20,2833,1.6153547476173669,1.6,0.515275853277904,0.2,3.2,0.8,2.5
uplink_beacon_data_fucino_GX4.csv,2020-08-21,2832,1.6853813559322033,1.7,0.47449048250948683,0.3,3.5,1.0,2.5
uplink_beacon_data_fucino_GX4.csv,2020-08-22,2833,1.553053300388281,1.5,0.4744667274712468,0.3,3.3,0.8,2.3
uplink_beacon_data_fucino_GX4.csv,2020-08-23,2832,1.7335451977401128,1.7,0.694005519920056,0.1,4.4,0.6,2.9
uplink_beacon_data_fucino_GX4.csv,2020-08-24,2833,1.9250970702435581,1.9,0.46891568571085257,0.7,4.0,1.2,2.7
uplink_beacon_data_fucino_GX4.csv,2020-08-25,2832,1.6338276836158192,1.6,0.44005527249476606,0.4,3.0,0.9,2.4
uplink_beacon_data_fucino_GX4.csv,2020-08-26,2833,1.5384398164489939,1.5,0.4309052617789432,0.4,2.9,0.9,2.3
uplink_beacon_data_fucino_GX4.csv,2020-08-27,2832,1.5688206214689264,1.6,0.5370342768476296,0.1,3.7,0.7,2.4
uplink_beacon_data_fucino_GX4.csv,2020-08-28,2833,1.5254500529474058,1.5,0.7390717597740515,-9.9,3.6,0.7,2.5
uplink_beacon_data_fucino_GX4.csv,2020-08-29,2833,1.5605365337098482,1.5,0.4741808222006918,0.3,3.3,0.8,2.4
uplink_beacon_data_fucino_GX4.csv,2020-08-30,2832,1.9327683615819211,1.9,0.5379288013135712,0.4,3.7,1.0,2.8
uplink_beacon_data_fucino_GX4.csv,2020-08-31,2833,3.7198376279562297,1.9,5.656135896414694,0.0,69.0,0.6,13.7
uplink_beacon_data_fucino_GX4.csv,2020-09-01,2832,1.2235169491525424,1.2,0.45078281578871177,0.0,2.9,0.5,2.0
uplink_beacon_data_fucino_GX4.csv,2020-09-02,2833,1.3275679491704906,1.3,0.47336431991423,0.0,2.9,0.5599999999999994,2.1
uplink_beacon_data_fucino_GX4.csv,2020-09-03,2832,1.4314971751412429,1.4,0.4404047670902347,0.2,2.9,0.7,2.2
uplink_beacon_data_fucino_GX4.csv,2020-09-04,2833,1.0048005647723262,1.0,0.4297691504884281,0.0,2.6,0.3,1.7
uplink_beacon_data_fucino_GX4.csv,2020-09-05,2832,1.3412076271186442,1.3,0.4247970279821035,0.0,2.8,0.7,2.0
uplink_beacon_data_fucino_GX4.csv,2020-09-06,2833,1.4883162725026473,1.5,0.40417282682991346,0.2,2.8,0.8,2.2
uplink_beacon_data_fucino_GX4.csv,2020-09-07,2833,1.5518531591951994,1.5,0.41257287103054985,0.4,3.0,0.9,2.3
uplink_beacon_data_fucino_GX4.csv,2020-09-08,2832,1.7343220338983052,1.7,0.464905386205195,0.5,4.5,1.0,2.5
uplink_beacon_data_fucino_GX4.csv,2020-09-09,2833,1.85104129897635,1.8,0.5136070199707987,0.6,3.8,1.1,2.7
uplink_beacon_data_fucino_GX4.csv,2020-09-10,2832,2.2932203389830508,1.9,1.5819104822201075,0.7,15.2,1.2,5.9
uplink_beacon_data_fucino_GX4.csv,2020-09-11,2833,1.6092481468408049,1.6,0.6134260837488372,0.1,5.4,0.7,2.6
uplink_beacon_data_fucino_GX4.csv,2020-09-12,2832,1.5781779661016948,1.5,0.5098158352854839,0.3,4.4,0.8,2.4
uplink_beacon_data_fucino_GX4.csv,2020-09-13,2833,1.5603247440875396,1.6,0.4809288407563745,0.3,3.0,0.8,2.4
uplink_beacon_data_fucino_GX4.csv,2020-09-14,2832,1.5376412429378532,1.5,0.4868991713631452,0.1,3.1,0.7,2.3
uplink_beacon_data_fucino_GX4.csv,2020-09-15,2833,1.6513942816801976,1.6,0.6110785687262763,0.5,5.5,0.8,2.6
uplink_beacon_data_fucino_GX4.csv,2020-09-16,2833,1.5589834098129194,1.6,0.5576743324689822,0.1,3.8,0.6,2.5
uplink_beacon_data_fucino_GX4.csv,2020-09-17,2832,1.0923728813559321,1.1,0.4364831895874131,0.0,2.8,0.4,1.8
uplink_beacon_data_fucino_GX4.csv,2020-09-18,2833,1.2199082244969996,1.2,0.46086122712843636,0.0,3.2,0.5,2.0
uplink_beacon_data_fucino_GX4.csv,2020-09-19,2832,1.3050141242937854,1.3,0.49374354824021083,0.1,4.3,0.6,2.1
uplink_beacon_data_fucino_GX4.csv,2020-09-20,2833,1.397599717613837,1.4,0.44468918797090856,0.3,3.3,0.7,2.2
uplink_beacon_data_fucino_GX4.csv,2020-09-21,2832,1.3063559322033897,1.3,0.40364184281757537,0.2,2.9,0.7,2.0
uplink_beacon_data_fucino_GX4.csv,2020-09-22,2833,1.2227320861277797,1.2,0.5701484262759545,0.1,5.3,0.5,2.1
uplink_beacon_data_fucino_GX4.csv,2020-09-23,2832,0.12796610169491524,-0.1,1.2633693497960756,-1.6,8.3,-1.0,2.7
uplink_beacon_data_fucino_GX4.csv,2020-09-24,2833,0.6259442287327921,0.2,2.5141241622850807,-1.1,34.5,-0.5,2.0
uplink_beacon_data_fucino_GX4.csv,2020-09-25,2833,0.5822802682668549,0.0,2.50692899029518,-1.9,29.2,-1.4,4.0
uplink_beacon_data_fucino_GX4.csv,2020-09-26,2832,-0.9829096045197739,-1.0,0.515884327099525,-2.1,3.8,-1.6,-0.2
uplink_beacon_data_fucino_GX4.csv,2020-09-27,2833,0.6724320508295094,-0.4,2.467677845436754,-1.9,13.8,-1.4,5.9
uplink_beacon_data_fucino_GX4.csv,2020-09-28,2832,-0.8111935028248588,-0.9,0.5388329310402763,-2.0,1.8,-1.5449999999999988,0.1
uplink_beacon_data_fucino_GX4.csv,2020-09-29,2833,-0.8811507236145429,-0.9,0.43604113046590753,-2.2,0.4,-1.6,-0.1
uplink_beacon_data_fucino_GX4.csv,2020-09-30,2832,-0.7433968926553673,-0.7,0.4296403011544312,-1.9,0.6,-1.4,0.0
uplink_beacon_data_fucino_GX4.csv,2020-10-01,2833,1.2612072008471584,1.7,1.1174632464306253,-1.8,3.8,-1.0,2.6
uplink_beacon_data_fucino_GX4.csv,2020-10-02,2832,2.0500000000000003,2.0,0.40547297847937297,0.8,3.4,1.4,2.7
uplink_beacon_data_fucino_GX4.csv,2020-10-03,2833,3.31701376632545,3.0,2.25857905686202,0.6,28.9,1.3,6.0
uplink_beacon_data_fucino_GX4.csv,2020-10-04,2833,2.109354041651959,2.0,0.7023372295435457,0.8,9.5,1.4,2.9
uplink_beacon_data_fucino_GX4.csv,2020-10-05,2832,2.2743290960451974,2.2,0.9497520034150949,0.8,11.5,1.355000000000001,3.2
uplink_beacon_data_fucino_GX4.csv,2020-10-06,2833,2.01560183551006,1.9,0.8402377250691602,0.6,10.4,1.2,3.0
uplink_beacon_data_fucino_GX4.csv,2020-10-07,2832,3.1148658192090393,2.1,3.5119860439365564,0.5,38.3,1.2,9.4
uplink_beacon_data_fucino_GX4.csv,2020-10-08,2833,1.8558418637486764,1.8,0.46625757031575527,0.5,3.3,1.1,2.7
uplink_beacon_data_fucino_GX4.csv,2020-10-09,2832,1.094774011299435,1.1,0.5062389474413003,-0.5,3.2,0.4,2.0
uplink_beacon_data_fucino_GX4.csv,2020-10-10,2833,1.210483586304271,1.2,0.42466280969425113,0.0,2.7,0.5,1.9
uplink_beacon_data_fucino_GX4.csv,2020-10-11,2832,2.5162076271186438,1.7,2.180058466408762,0.0,12.8,0.6,7.7
uplink_beacon_data_fucino_GX4.csv,2020-10-12,2833,1.1600776561948465,1.1,0.4991711997128374,0.0,3.3,0.4,2.1
uplink_beacon_data_fucino_GX4.csv,2020-10-13,2832,0.9947033898305084,0.9,0.5283153550610742,-0.2,4.0,0.3,1.9
uplink_beacon_data_fucino_GX4.csv,2020-10-14,2833,1.8698199788210377,1.5,1.2288880429480564,0.0,9.7,0.5,4.3
uplink_beacon_data_fucino_GX4.csv,2020-10-15,2833,2.101129544652312,1.5,2.243519888933444,0.0,26.8,0.6,6.0
uplink_beacon_data_fucino_GX4.csv,2020-10-16,2832,0.9849223163841808,0.9,0.42455794239821987,0.0,3.3,0.4,1.7
uplink_beacon_data_fucino_GX4.csv,2020-10-17,2833,1.0440522414401694,1.0,0.3996742495388524,0.0,2.6,0.4,1.7
uplink_beacon_data_fucino_GX4.csv,2020-10-18,2832,1.0200564971751414,1.0,0.39581919263786575,0.0,2.3,0.4,1.7
uplink_beacon_data_fucino_GX4.csv,2020-10-19,2833,0.892481468408048,0.9,0.3914561830493427,0.0,2.1,0.3,1.6
uplink_beacon_data_fucino_GX4.csv,2020-10-20,2832,0.7569209039548023,0.7,0.3896779957908355,-0.1,2.2,0.2,1.4
uplink_beacon_data_fucino_GX4.csv,2020-10-21,2833,0.7385457112601483,0.7,0.4054757651967152,-0.1,2.2,0.1,1.4
uplink_beacon_data_fucino_GX4.csv,2020-10-22,2832,0.6828036723163842,0.7,0.39552090359299663,-0.3,2.1,0.1,1.4
uplink_beacon_data_fucino_GX4.csv,2020-10-23,2833,1.1780797740910696,1.2,0.49561949549206924,0.0,2.6,0.4,2.0
uplink_beacon_data_fucino_GX4.csv,2020-10-24,2833,2.3517472643840454,1.7,1.796971896900184,0.3,14.8,0.8,6.4
uplink_beacon_data_fucino_GX4.csv,2020-10-25,2832,1.2331214689265535,1.2,0.4846543762669632,0.1,3.5,0.5,2.1
uplink_beacon_data_fucino_GX4.csv,2020-10-26,2833,1.0766325450052947,1.0,0.548834497786193,0.0,5.4,0.3,2.0
uplink_beacon_data_fucino_GX4.csv,2020-10-27,2832,1.4250353107344633,1.3,0.8044636592428291,0.1,6.4,0.5,2.9
uplink_beacon_data_fucino_GX4.csv,2020-10-28,2833,1.0200141193081538,1.0,0.41035123418090885,0.0,2.3,0.4,1.7
uplink_beacon_data_fucino_GX4.csv,2020-10-29,2832,1.011370056497175,1.0,0.39418857012469505,-0.1,2.3,0.4,1.7
uplink_beacon_data_fucino_GX4.csv,2020-10-30,2833,1.133039181080127,1.1,0.39349743386180575,0.0,3.0,0.5,1.8
uplink_beacon_data_fucino_GX4.csv,2020-10-31,2832,0.9983050847457626,1.0,0.4063222826630081,-0.1,2.4,0.4,1.7
uplink_beacon_data_fucino_GX4.csv,2020-11-01,2833,0.8838686904341687,0.9,0.3931047641953289,-0.1,2.1,0.3,1.6
uplink_beacon_data_fucino_GX4.csv,2020-11-02,2833,0.9828450405930109,1.0,0.3721246966965947,0.0,2.3,0.4,1.6
uplink_beacon_data_fucino_GX4.csv,2020-11-03,2832,1.1318855932203389,1.1,0.40556475833220623,0.0,2.6,0.5,1.8
uplink_beacon_data_fucino_GX4.csv,2020-11-04,2833,1.2997882103776917,1.3,0.3861295123751317,0.3,2.6,0.7,2.0
uplink_beacon_data_fucino_GX4.csv,2020-11-05,2832,1.4176906779661018,1.4,0.37938008193362077,0.4,2.8,0.8,2.1
uplink_beacon_data_fucino_GX4.csv,2020-11-06,2833,1.1294740557712672,1.1,0.3873023992002056,0.1,2.9,0.5,1.8
uplink_beacon_data_fucino_GX4.csv,2020-11-07,2832,0.8842161016949153,0.9,0.3853665834688516,-0.1,2.2,0.3,1.5
uplink_beacon_data_fucino_GX4.csv,2020-11-08,2833,0.7765619484645252,0.8,0.3873729577502822,-0.2,2.1,0.2,1.4
uplink_beacon_data_fucino_GX4.csv,2020-11-09,2832,0.8478460451977401,0.8,0.3830231954279731,-0.1,2.2,0.3,1.5
uplink_beacon_data_fucino_GX4.csv,2020-11-10,2833,0.7987645605365338,0.8,0.3835538894923772,-0.1,2.1,0.2,1.5
uplink_beacon_data_fucino_GX4.csv,2020-11-11,2833,0.934592304977056,0.9,0.39051698409946844,-0.1,2.2,0.3,1.6
uplink_beacon_data_fucino_GX4.csv,2020-11-12,2832,0.9423375706214688,0.9,0.40076477811350075,-0.1,2.5,0.3,1.6
uplink_beacon_data_fucino_GX4.csv,2020-11-13,2833,0.8986233674549947,0.9,0.3884111445466088,0.0,2.1,0.3,1.6
uplink_beacon_data_fucino_GX4.csv,2020-11-14,2832,1.4163841807909603,1.4,0.565210586792096,0.1,3.6,0.6,2.4
uplink_beacon_data_fucino_GX4.csv,2020-11-15,2833,1.160430638898694,1.1,0.37412528615277096,0.3,2.4,0.6,1.8
uplink_beacon_data_fucino_GX4.csv,2020-11-16,2832,2.162535310734463,1.6,1.8602342765283082,0.4,13.4,0.9,6.8
uplink_beacon_data_fucino_GX4.csv,2020-11-17,2833,1.9153900458877515,1.5,1.3805101450525332,0.2,12.6,0.7,4.7
uplink_beacon_data_fucino_GX4.csv,2020-11-18,2832,1.2024717514124295,1.2,0.3935378294668972,0.1,2.8,0.6,1.9
uplink_beacon_data_fucino_GX4.csv,2020-11-19,2833,0.9317331450758912,0.9,0.38898916075050627,0.0,2.3,0.3,1.6
uplink_beacon_data_fucino_GX4.csv,2020-11-20,2833,1.6007765619484646,1.4,0.9067111463709304,0.1,6.2,0.6,3.3
uplink_beacon_data_fucino_GX4.csv,2020-11-21,2832,1.1390889830508475,1.1,0.4906410751589068,-0.1,3.2,0.4,2.0
uplink_beacon_data_fucino_GX4.csv,2020-11-22,2833,0.5693258030356513,0.5,0.3715350335751091,-0.3,1.9,0.0,1.2
uplink_beacon_data_fucino_GX4.csv,2020-11-23,2832,0.7530367231638417,0.7,0.3790401736763682,-0.2,2.0,0.2,1.4
uplink_beacon_data_fucino_GX4.csv,2020-11-24,2833,0.762830921284857,0.7,0.37521937839734865,-0.1,2.2,0.2,1.4
uplink_beacon_data_fucino_GX4.csv,2020-11-25,2832,0.7292725988700566,0.7,0.42527996951881236,-9.9,1.9,0.1,1.3
uplink_beacon_data_fucino_GX4.csv,2020-11-26,2833,0.7801623720437698,0.8,0.38319442581578933,-0.1,2.0,0.2,1.4
uplink_beacon_data_fucino_GX4.csv,2020-11-27,2832,0.8009180790960452,0.8,0.37053123910170843,-0.2,1.9,0.2,1.4
uplink_beacon_data_fucino_GX4.csv,2020-11-28,2833,0.9279209318743382,0.9,0.45141078848507116,0.0,2.6,0.2,1.7
uplink_beacon_data_fucino_GX4.csv,2020-11-29,2833,1.1589128132721496,1.1,0.5565409245136453,0.0,3.3,0.3,2.2
uplink_beacon_data_fucino_GX4.csv,2020-11-30,2832,0.7205508474576271,0.7,0.38185807822174217,-0.2,2.0,0.1,1.4
uplink_beacon_data_fucino_GX4.csv,2020-12-01,2833,1.590328273914578,1.2,1.7272466531897661,0.0,13.1,0.4,6.3
uplink_beacon_data_fucino_GX4.csv,2020-12-02,2832,1.9780720338983049,1.3,1.7254047767688037,0.1,10.9,0.5,5.7
uplink_beacon_data_fucino_GX4.csv,2020-12-03,2833,0.7600070596540769,0.7,0.3772853150994508,-0.2,1.9,0.2,1.4
uplink_beacon_data_fucino_GX4.csv,2020-12-04,2832,1.2805790960451977,1.2,0.6513122504407343,-0.2,3.8,0.3,2.4
uplink_beacon_data_fucino_GX4.csv,2020-12-05,2833,3.3122484998235087,1.9,3.0743232786813177,0.1,17.2,0.8599999999999994,10.2
uplink_beacon_data_fucino_GX4.csv,2020-12-06,2832,1.019879943502825,0.9,0.695499677858062,0.0,5.0,0.2,2.5
uplink_beacon_data_fucino_GX4.csv,2020-12-07,2833,1.5091422520296505,1.1,1.3286464077099265,-0.1,12.2,0.2,4.1
uplink_beacon_data_fucino_GX4.csv,2020-12-08,2832,2.387747175141243,1.5,2.3250714392899767,-0.2,15.5,0.4,7.2449999999999815
uplink_beacon_data_fucino_GX4.csv,2020-12-09,2833,0.7437698552770914,0.7,0.38482539603407506,-0.1,2.2,0.2,1.4
uplink_beacon_data_fucino_GX4.csv,2020-12-10,2833,0.8032474408753971,0.8,0.3862530618714441,-0.1,2.2,0.2,1.5
uplink_beacon_data_fucino_GX4.csv,2020-12-11,2832,0.7725282485875706,0.7,0.37578726862558554,-0.1,2.1,0.2,1.4
uplink_beacon_data_fucino_GX4.csv,2020-12-12,2833,0.8430991881397811,0.8,0.4086751664112834,-0.1,2.4,0.2,1.6
uplink_beacon_data_fucino_GX4.csv,2020-12-13,2832,0.6880649717514123,0.7,0.3738808077046796,-0.4,1.9,0.1,1.4
uplink_beacon_data_fucino_GX4.csv,2020-12-14,2833,0.49989410518884575,0.5,0.3584088582698312,-0.3,2.3,0.0,1.1
uplink_beacon_data_fucino_GX4.csv,2020-12-15,2832,0.6185381355932204,0.6,0.3810027613568603,-0.4,1.9,0.0,1.3
uplink_beacon_data_fucino_GX4.csv,2020-12-16,2833,0.6253088598658666,0.6,0.36363442926288636,-0.3,1.8,0.1,1.3
uplink_beacon_data_fucino_GX4.csv,2020-12-17,2832,0.6082627118644067,0.6,0.3798839048810808,-0.3,2.2,0.0,1.3
uplink_beacon_data_fucino_GX4.csv,2020-12-18,2833,0.637027885633604,0.6,0.3717637069598274,-0.2,1.9,0.1,1.3
uplink_beacon_data_fucino_GX4.csv,2020-12-19,2833,0.8307447935051182,0.8,0.39008370846080487,-0.1,2.1,0.2,1.5
uplink_beacon_data_fucino_GX4.csv,2020-12-20,2832,0.823093220338983,0.8,0.3857262979043954,-0.1,2.1,0.2,1.5
uplink_beacon_data_fucino_GX4.csv,2020-12-21,2833,0.7986939639957641,0.8,0.3810320728761621,-0.1,1.9,0.2,1.4
uplink_beacon_data_fucino_GX4.csv,2020-12-22,2832,0.9572387005649717,0.9,0.3790670688466681,0.0,2.4,0.4,1.6
uplink_beacon_data_fucino_GX4.csv,2020-12-23,2833,0.8807624426403106,0.9,0.3795075389873943,-0.1,2.3,0.3,1.5
uplink_beacon_data_fucino_GX4.csv,2020-12-24,2832,1.1262358757062148,1.1,0.4554472977831135,0.0,2.7,0.4,1.9
uplink_beacon_data_fucino_GX4.csv,2020-12-25,2833,1.1716554888810449,1.1,0.5674286385099467,-0.1,3.8,0.4,2.3
uplink_beacon_data_fucino_GX4.csv,2020-12-26,2832,0.8598870056497174,0.8,0.4035182451366734,0.0,2.4,0.2,1.6
uplink_beacon_data_fucino_GX4.csv,2020-12-27,2833,0.6480762442640311,0.6,0.36281620512944823,-0.3,2.0,0.1,1.3
uplink_beacon_data_fucino_GX4.csv,2020-12-28,2833,5.101553123896929,1.4,12.513970909584923,-0.2,68.0,0.4,48.4
uplink_beacon_data_fucino_GX4.csv,2020-12-29,2832,0.9423022598870057,0.8,0.6559868003130324,-0.1,4.7,0.1,2.2
uplink_beacon_data_fucino_GX4.csv,2020-12-30,2833,0.9354041651959054,0.9,0.5027533520436437,-0.1,3.9,0.3,1.8
uplink_beacon_data_fucino_GX4.csv,2020-12-31,2832,0.5586864406779661,0.5,0.3796139971673832,-0.5,2.2,0.0,1.2
uplink_beacon_data_fucino_GX4.csv,2021-01-01,2833,0.8868337451464878,0.8,0.634667852846774,-0.2,6.2,0.1,2.0
uplink_beacon_data_fucino_GX4.csv,2021-01-02,2832,1.8580155367231637,1.4,1.3956457046821253,-0.2,10.5,0.4,4.544999999999981
uplink_beacon_data_fucino_GX4.csv,2021-01-03,2833,1.497140840098835,1.2,1.2944698270151151,-0.1,10.7,0.3,3.9
uplink_beacon_data_fucino_GX4.csv,2021-01-04,2832,0.6794491525423729,0.7,0.3843843176637547,-0.2,2.0,0.1,1.3
uplink_beacon_data_fucino_GX4.csv,2021-01-05,2833,1.4155665372396753,1.1,1.14154709604802,-0.1,8.9,0.3,3.4
uplink_beacon_data_fucino_GX4.csv,2021-01-06,2833,0.5951994352276738,0.6,0.4073281379638317,-0.4,2.6,0.0,1.3
uplink_beacon_data_fucino_GX4.csv,2021-01-07,1853,0.6259579060982191,0.6,0.39450971890884967,-0.3,2.0,0.0,1.3
