trial_id,status,variant,patch_len,stride,d_model,n_heads,num_layers,dropout,learning_rate,weight_decay,best_epoch,validation_mae_raw,validation_rmse_raw,test_mae_raw,test_rmse_raw,checkpoint_path,model_path,results_path,duration_seconds,checkpoint_reused,device,error
trial_003_20e3bd5e2d,complete,raw,4,2,32,2,1,0.0,0.0001,0.0001,29,1.4721267365947177,2.1927349591393237,,,results/grid_searches/grid_patchtst_raw_autoLargest_L30_h10_thr10/checkpoints/trial_003_20e3bd5e2d.pt,results/grid_searches/grid_patchtst_raw_autoLargest_L30_h10_thr10/checkpoints/trial_003_20e3bd5e2d.pt,results/grid_searches/grid_patchtst_raw_autoLargest_L30_h10_thr10,61.37301467731595,False,cuda:2,
trial_001_2f63151c24,complete,raw,4,2,32,2,1,0.0,0.0001,0.0,29,1.4729692280603737,2.183153223004783,,,results/grid_searches/grid_patchtst_raw_autoLargest_L30_h10_thr10/checkpoints/trial_001_2f63151c24.pt,results/grid_searches/grid_patchtst_raw_autoLargest_L30_h10_thr10/checkpoints/trial_001_2f63151c24.pt,results/grid_searches/grid_patchtst_raw_autoLargest_L30_h10_thr10,62.514322590082884,False,cuda:0,
trial_002_06fc471f02,complete,raw,4,2,32,2,1,0.0,0.0001,1e-05,29,1.4780112300011554,2.1899635312511245,,,results/grid_searches/grid_patchtst_raw_autoLargest_L30_h10_thr10/checkpoints/trial_002_06fc471f02.pt,results/grid_searches/grid_patchtst_raw_autoLargest_L30_h10_thr10/checkpoints/trial_002_06fc471f02.pt,results/grid_searches/grid_patchtst_raw_autoLargest_L30_h10_thr10,63.52781941369176,False,cuda:1,
trial_004_c1add3b45b,complete,raw,4,2,32,2,1,0.0,0.0003,0.0,13,1.4968298227561614,2.233625011147097,,,results/grid_searches/grid_patchtst_raw_autoLargest_L30_h10_thr10/checkpoints/trial_004_c1add3b45b.pt,results/grid_searches/grid_patchtst_raw_autoLargest_L30_h10_thr10/checkpoints/trial_004_c1add3b45b.pt,results/grid_searches/grid_patchtst_raw_autoLargest_L30_h10_thr10,36.37812006101012,False,cuda:2,
trial_006_dc1deee38c,complete,raw,4,2,32,2,1,0.0,0.0003,0.0001,13,1.4789665277858701,2.277737562778738,,,results/grid_searches/grid_patchtst_raw_autoLargest_L30_h10_thr10/checkpoints/trial_006_dc1deee38c.pt,results/grid_searches/grid_patchtst_raw_autoLargest_L30_h10_thr10/checkpoints/trial_006_dc1deee38c.pt,results/grid_searches/grid_patchtst_raw_autoLargest_L30_h10_thr10,38.71333770081401,False,cuda:1,
trial_005_de8261a6d6,complete,raw,4,2,32,2,1,0.0,0.0003,1e-05,29,1.4797664873217102,2.189987742487893,,,results/grid_searches/grid_patchtst_raw_autoLargest_L30_h10_thr10/checkpoints/trial_005_de8261a6d6.pt,results/grid_searches/grid_patchtst_raw_autoLargest_L30_h10_thr10/checkpoints/trial_005_de8261a6d6.pt,results/grid_searches/grid_patchtst_raw_autoLargest_L30_h10_thr10,60.82741389423609,False,cuda:0,
trial_007_c9c646c288,complete,raw,4,2,32,2,1,0.0,0.0005,0.0,6,1.5656242988315188,2.2570649045201736,,,results/grid_searches/grid_patchtst_raw_autoLargest_L30_h10_thr10/checkpoints/trial_007_c9c646c288.pt,results/grid_searches/grid_patchtst_raw_autoLargest_L30_h10_thr10/checkpoints/trial_007_c9c646c288.pt,results/grid_searches/grid_patchtst_raw_autoLargest_L30_h10_thr10,28.061711221933365,False,cuda:2,
trial_009_7de11bbfa0,complete,raw,4,2,32,2,1,0.0,0.0005,0.0001,6,1.5209725471623714,2.3294907681133905,,,results/grid_searches/grid_patchtst_raw_autoLargest_L30_h10_thr10/checkpoints/trial_009_7de11bbfa0.pt,results/grid_searches/grid_patchtst_raw_autoLargest_L30_h10_thr10/checkpoints/trial_009_7de11bbfa0.pt,results/grid_searches/grid_patchtst_raw_autoLargest_L30_h10_thr10,28.623535495251417,False,cuda:0,
trial_008_44963014bf,complete,raw,4,2,32,2,1,0.0,0.0005,1e-05,23,1.49551601180123,2.221627050343113,,,results/grid_searches/grid_patchtst_raw_autoLargest_L30_h10_thr10/checkpoints/trial_008_44963014bf.pt,results/grid_searches/grid_patchtst_raw_autoLargest_L30_h10_thr10/checkpoints/trial_008_44963014bf.pt,results/grid_searches/grid_patchtst_raw_autoLargest_L30_h10_thr10,53.458007369190454,False,cuda:1,
trial_010_fc13aab7b7,complete,raw,4,2,32,2,1,0.0,0.001,0.0,10,1.4999148133915814,2.2200397888975796,,,results/grid_searches/grid_patchtst_raw_autoLargest_L30_h10_thr10/checkpoints/trial_010_fc13aab7b7.pt,results/grid_searches/grid_patchtst_raw_autoLargest_L30_h10_thr10/checkpoints/trial_010_fc13aab7b7.pt,results/grid_searches/grid_patchtst_raw_autoLargest_L30_h10_thr10,32.58302780985832,False,cuda:2,
trial_013_8b47fceaaf,complete,raw,4,2,32,2,1,0.1,0.0001,0.0,2,1.8208111108669751,2.554907089724348,,,results/grid_searches/grid_patchtst_raw_autoLargest_L30_h10_thr10/checkpoints/trial_013_8b47fceaaf.pt,results/grid_searches/grid_patchtst_raw_autoLargest_L30_h10_thr10/checkpoints/trial_013_8b47fceaaf.pt,results/grid_searches/grid_patchtst_raw_autoLargest_L30_h10_thr10,23.271204248070717,False,cuda:2,
trial_012_261ae5fc88,complete,raw,4,2,32,2,1,0.0,0.001,0.0001,15,1.5436170731286836,2.3440969576952284,,,results/grid_searches/grid_patchtst_raw_autoLargest_L30_h10_thr10/checkpoints/trial_012_261ae5fc88.pt,results/grid_searches/grid_patchtst_raw_autoLargest_L30_h10_thr10/checkpoints/trial_012_261ae5fc88.pt,results/grid_searches/grid_patchtst_raw_autoLargest_L30_h10_thr10,41.66933584958315,False,cuda:1,
trial_014_8770ca2ac5,complete,raw,4,2,32,2,1,0.1,0.0001,1e-05,2,1.8207820637392091,2.554878965211939,,,results/grid_searches/grid_patchtst_raw_autoLargest_L30_h10_thr10/checkpoints/trial_014_8770ca2ac5.pt,results/grid_searches/grid_patchtst_raw_autoLargest_L30_h10_thr10/checkpoints/trial_014_8770ca2ac5.pt,results/grid_searches/grid_patchtst_raw_autoLargest_L30_h10_thr10,23.522650808095932,False,cuda:2,
trial_011_244c8dea55,complete,raw,4,2,32,2,1,0.0,0.001,1e-05,29,1.456400640705907,2.12279371163609,,,results/grid_searches/grid_patchtst_raw_autoLargest_L30_h10_thr10/checkpoints/trial_011_244c8dea55.pt,results/grid_searches/grid_patchtst_raw_autoLargest_L30_h10_thr10/checkpoints/trial_011_244c8dea55.pt,results/grid_searches/grid_patchtst_raw_autoLargest_L30_h10_thr10,61.06723755598068,False,cuda:0,
trial_015_b7d149702b,complete,raw,4,2,32,2,1,0.1,0.0001,0.0001,2,1.8206202469790898,2.554570864430035,,,results/grid_searches/grid_patchtst_raw_autoLargest_L30_h10_thr10/checkpoints/trial_015_b7d149702b.pt,results/grid_searches/grid_patchtst_raw_autoLargest_L30_h10_thr10/checkpoints/trial_015_b7d149702b.pt,results/grid_searches/grid_patchtst_raw_autoLargest_L30_h10_thr10,24.57726288214326,False,cuda:1,
trial_016_683359319e,complete,raw,4,2,32,2,1,0.1,0.0003,0.0,1,1.7682049726723115,2.67262726594481,,,results/grid_searches/grid_patchtst_raw_autoLargest_L30_h10_thr10/checkpoints/trial_016_683359319e.pt,results/grid_searches/grid_patchtst_raw_autoLargest_L30_h10_thr10/checkpoints/trial_016_683359319e.pt,results/grid_searches/grid_patchtst_raw_autoLargest_L30_h10_thr10,22.164127826690674,False,cuda:2,
trial_017_0e7128e7b0,complete,raw,4,2,32,2,1,0.1,0.0003,1e-05,1,1.7681508900675202,2.6724862582774267,,,results/grid_searches/grid_patchtst_raw_autoLargest_L30_h10_thr10/checkpoints/trial_017_0e7128e7b0.pt,results/grid_searches/grid_patchtst_raw_autoLargest_L30_h10_thr10/checkpoints/trial_017_0e7128e7b0.pt,results/grid_searches/grid_patchtst_raw_autoLargest_L30_h10_thr10,23.09630023688078,False,cuda:0,
trial_018_a359e79156,complete,raw,4,2,32,2,1,0.1,0.0003,0.0001,1,1.7676838355060502,2.6714665566268825,,,results/grid_searches/grid_patchtst_raw_autoLargest_L30_h10_thr10/checkpoints/trial_018_a359e79156.pt,results/grid_searches/grid_patchtst_raw_autoLargest_L30_h10_thr10/checkpoints/trial_018_a359e79156.pt,results/grid_searches/grid_patchtst_raw_autoLargest_L30_h10_thr10,23.638587158173323,False,cuda:1,
trial_019_25679ab6fc,complete,raw,4,2,32,2,1,0.1,0.0005,0.0,29,1.490761035055488,2.296108218291678,,,results/grid_searches/grid_patchtst_raw_autoLargest_L30_h10_thr10/checkpoints/trial_019_25679ab6fc.pt,results/grid_searches/grid_patchtst_raw_autoLargest_L30_h10_thr10/checkpoints/trial_019_25679ab6fc.pt,results/grid_searches/grid_patchtst_raw_autoLargest_L30_h10_thr10,59.558287393301725,False,cuda:2,
trial_020_0932c887b0,complete,raw,4,2,32,2,1,0.1,0.0005,1e-05,29,1.521882001064435,2.401077846351509,,,results/grid_searches/grid_patchtst_raw_autoLargest_L30_h10_thr10/checkpoints/trial_020_0932c887b0.pt,results/grid_searches/grid_patchtst_raw_autoLargest_L30_h10_thr10/checkpoints/trial_020_0932c887b0.pt,results/grid_searches/grid_patchtst_raw_autoLargest_L30_h10_thr10,63.131271719932556,False,cuda:0,
trial_021_b0843d5d42,complete,raw,4,2,32,2,1,0.1,0.0005,0.0001,22,1.502838567993309,2.289877881142082,,,results/grid_searches/grid_patchtst_raw_autoLargest_L30_h10_thr10/checkpoints/trial_021_b0843d5d42.pt,results/grid_searches/grid_patchtst_raw_autoLargest_L30_h10_thr10/checkpoints/trial_021_b0843d5d42.pt,results/grid_searches/grid_patchtst_raw_autoLargest_L30_h10_thr10,53.765452049672604,False,cuda:1,
trial_024_fb1a6871e7,complete,raw,4,2,32,2,1,0.1,0.001,0.0001,5,1.5633562305994049,2.5797601529804357,,,results/grid_searches/grid_patchtst_raw_autoLargest_L30_h10_thr10/checkpoints/trial_024_fb1a6871e7.pt,results/grid_searches/grid_patchtst_raw_autoLargest_L30_h10_thr10/checkpoints/trial_024_fb1a6871e7.pt,results/grid_searches/grid_patchtst_raw_autoLargest_L30_h10_thr10,27.936018101871014,False,cuda:1,
trial_023_48ee5486aa,complete,raw,4,2,32,2,1,0.1,0.001,1e-05,22,1.498554673725857,2.390620201363771,,,results/grid_searches/grid_patchtst_raw_autoLargest_L30_h10_thr10/checkpoints/trial_023_48ee5486aa.pt,results/grid_searches/grid_patchtst_raw_autoLargest_L30_h10_thr10/checkpoints/trial_023_48ee5486aa.pt,results/grid_searches/grid_patchtst_raw_autoLargest_L30_h10_thr10,52.65612543746829,False,cuda:0,
trial_022_d614a72fd2,complete,raw,4,2,32,2,1,0.1,0.001,0.0,81,1.4543080700471809,2.2691735106202424,,,results/grid_searches/grid_patchtst_raw_autoLargest_L30_h10_thr10/checkpoints/trial_022_d614a72fd2.pt,results/grid_searches/grid_patchtst_raw_autoLargest_L30_h10_thr10/checkpoints/trial_022_d614a72fd2.pt,results/grid_searches/grid_patchtst_raw_autoLargest_L30_h10_thr10,131.48461864888668,False,cuda:2,
trial_025_0443993156,complete,raw,4,2,32,2,2,0.0,0.0001,0.0,47,1.4991772353771744,2.3606542165431583,,,results/grid_searches/grid_patchtst_raw_autoLargest_L30_h10_thr10/checkpoints/trial_025_0443993156.pt,results/grid_searches/grid_patchtst_raw_autoLargest_L30_h10_thr10/checkpoints/trial_025_0443993156.pt,results/grid_searches/grid_patchtst_raw_autoLargest_L30_h10_thr10,133.19136200845242,False,cuda:1,
trial_026_995d54fc38,complete,raw,4,2,32,2,2,0.0,0.0001,1e-05,38,1.4543332945178205,2.3114868846409227,,,results/grid_searches/grid_patchtst_raw_autoLargest_L30_h10_thr10/checkpoints/trial_026_995d54fc38.pt,results/grid_searches/grid_patchtst_raw_autoLargest_L30_h10_thr10/checkpoints/trial_026_995d54fc38.pt,results/grid_searches/grid_patchtst_raw_autoLargest_L30_h10_thr10,114.45419438183308,False,cuda:0,
trial_027_b4a5838a3b,complete,raw,4,2,32,2,2,0.0,0.0001,0.0001,26,1.5113787930647407,2.436121813163168,,,results/grid_searches/grid_patchtst_raw_autoLargest_L30_h10_thr10/checkpoints/trial_027_b4a5838a3b.pt,results/grid_searches/grid_patchtst_raw_autoLargest_L30_h10_thr10/checkpoints/trial_027_b4a5838a3b.pt,results/grid_searches/grid_patchtst_raw_autoLargest_L30_h10_thr10,85.8597214370966,False,cuda:2,
trial_028_51bdf92236,complete,raw,4,2,32,2,2,0.0,0.0003,0.0,6,1.6084731301787911,2.529231655168854,,,results/grid_searches/grid_patchtst_raw_autoLargest_L30_h10_thr10/checkpoints/trial_028_51bdf92236.pt,results/grid_searches/grid_patchtst_raw_autoLargest_L30_h10_thr10/checkpoints/trial_028_51bdf92236.pt,results/grid_searches/grid_patchtst_raw_autoLargest_L30_h10_thr10,45.91775942221284,False,cuda:1,
trial_029_529d2454d1,complete,raw,4,2,32,2,2,0.0,0.0003,1e-05,6,1.6795209198746877,2.5270982190659477,,,results/grid_searches/grid_patchtst_raw_autoLargest_L30_h10_thr10/checkpoints/trial_029_529d2454d1.pt,results/grid_searches/grid_patchtst_raw_autoLargest_L30_h10_thr10/checkpoints/trial_029_529d2454d1.pt,results/grid_searches/grid_patchtst_raw_autoLargest_L30_h10_thr10,47.0281586907804,False,cuda:0,
trial_031_63a04bd129,complete,raw,4,2,32,2,2,0.0,0.0005,0.0,22,1.4891875907109131,2.3917743184081983,,,results/grid_searches/grid_patchtst_raw_autoLargest_L30_h10_thr10/checkpoints/trial_031_63a04bd129.pt,results/grid_searches/grid_patchtst_raw_autoLargest_L30_h10_thr10/checkpoints/trial_031_63a04bd129.pt,results/grid_searches/grid_patchtst_raw_autoLargest_L30_h10_thr10,78.4822261147201,False,cuda:1,
trial_032_738c1d2b6c,complete,raw,4,2,32,2,2,0.0,0.0005,1e-05,22,1.4871581140584962,2.314669794480366,,,results/grid_searches/grid_patchtst_raw_autoLargest_L30_h10_thr10/checkpoints/trial_032_738c1d2b6c.pt,results/grid_searches/grid_patchtst_raw_autoLargest_L30_h10_thr10/checkpoints/trial_032_738c1d2b6c.pt,results/grid_searches/grid_patchtst_raw_autoLargest_L30_h10_thr10,78.81419722735882,False,cuda:0,
trial_030_a54df9b3c5,complete,raw,4,2,32,2,2,0.0,0.0003,0.0001,43,1.5709770569629684,2.3613483699068336,,,results/grid_searches/grid_patchtst_raw_autoLargest_L30_h10_thr10/checkpoints/trial_030_a54df9b3c5.pt,results/grid_searches/grid_patchtst_raw_autoLargest_L30_h10_thr10/checkpoints/trial_030_a54df9b3c5.pt,results/grid_searches/grid_patchtst_raw_autoLargest_L30_h10_thr10,118.71306199580431,False,cuda:2,
trial_034_f42a6a5fdd,complete,raw,4,2,32,2,2,0.0,0.001,0.0,22,1.460247251596066,2.3419337549855177,,,results/grid_searches/grid_patchtst_raw_autoLargest_L30_h10_thr10/checkpoints/trial_034_f42a6a5fdd.pt,results/grid_searches/grid_patchtst_raw_autoLargest_L30_h10_thr10/checkpoints/trial_034_f42a6a5fdd.pt,results/grid_searches/grid_patchtst_raw_autoLargest_L30_h10_thr10,78.99046577513218,False,cuda:0,
trial_033_7cf069903f,complete,raw,4,2,32,2,2,0.0,0.0005,0.0001,28,1.498777659061023,2.330388225775161,,,results/grid_searches/grid_patchtst_raw_autoLargest_L30_h10_thr10/checkpoints/trial_033_7cf069903f.pt,results/grid_searches/grid_patchtst_raw_autoLargest_L30_h10_thr10/checkpoints/trial_033_7cf069903f.pt,results/grid_searches/grid_patchtst_raw_autoLargest_L30_h10_thr10,92.15187383443117,False,cuda:1,
trial_035_c312b7b4d2,complete,raw,4,2,32,2,2,0.0,0.001,1e-05,27,1.590328219797981,2.197511971607961,,,results/grid_searches/grid_patchtst_raw_autoLargest_L30_h10_thr10/checkpoints/trial_035_c312b7b4d2.pt,results/grid_searches/grid_patchtst_raw_autoLargest_L30_h10_thr10/checkpoints/trial_035_c312b7b4d2.pt,results/grid_searches/grid_patchtst_raw_autoLargest_L30_h10_thr10,85.40345207229257,False,cuda:2,
trial_037_d4802f81a3,complete,raw,4,2,32,2,2,0.1,0.0001,0.0,2,1.8023139904961698,2.666158117182534,,,results/grid_searches/grid_patchtst_raw_autoLargest_L30_h10_thr10/checkpoints/trial_037_d4802f81a3.pt,results/grid_searches/grid_patchtst_raw_autoLargest_L30_h10_thr10/checkpoints/trial_037_d4802f81a3.pt,results/grid_searches/grid_patchtst_raw_autoLargest_L30_h10_thr10,39.180085834115744,False,cuda:1,
trial_038_986d82300f,complete,raw,4,2,32,2,2,0.1,0.0001,1e-05,2,1.802451275933086,2.6661977707242723,,,results/grid_searches/grid_patchtst_raw_autoLargest_L30_h10_thr10/checkpoints/trial_038_986d82300f.pt,results/grid_searches/grid_patchtst_raw_autoLargest_L30_h10_thr10/checkpoints/trial_038_986d82300f.pt,results/grid_searches/grid_patchtst_raw_autoLargest_L30_h10_thr10,35.65177125111222,False,cuda:2,
trial_039_4b376682dc,complete,raw,4,2,32,2,2,0.1,0.0001,0.0001,2,1.8039319210704652,2.6670420026308204,,,results/grid_searches/grid_patchtst_raw_autoLargest_L30_h10_thr10/checkpoints/trial_039_4b376682dc.pt,results/grid_searches/grid_patchtst_raw_autoLargest_L30_h10_thr10/checkpoints/trial_039_4b376682dc.pt,results/grid_searches/grid_patchtst_raw_autoLargest_L30_h10_thr10,38.07714303210378,False,cuda:1,
trial_036_20598a7cab,complete,raw,4,2,32,2,2,0.0,0.001,0.0001,29,1.492403265091626,2.1727071817825268,,,results/grid_searches/grid_patchtst_raw_autoLargest_L30_h10_thr10/checkpoints/trial_036_20598a7cab.pt,results/grid_searches/grid_patchtst_raw_autoLargest_L30_h10_thr10/checkpoints/trial_036_20598a7cab.pt,results/grid_searches/grid_patchtst_raw_autoLargest_L30_h10_thr10,94.78760642185807,False,cuda:0,
trial_040_b601bb1e8c,complete,raw,4,2,32,2,2,0.1,0.0003,0.0,23,1.4780313913590168,2.3096076068743554,,,results/grid_searches/grid_patchtst_raw_autoLargest_L30_h10_thr10/checkpoints/trial_040_b601bb1e8c.pt,results/grid_searches/grid_patchtst_raw_autoLargest_L30_h10_thr10/checkpoints/trial_040_b601bb1e8c.pt,results/grid_searches/grid_patchtst_raw_autoLargest_L30_h10_thr10,78.65941904857755,False,cuda:2,
trial_042_88d8be6689,complete,raw,4,2,32,2,2,0.1,0.0003,0.0001,19,1.4740222469924749,2.257679424454116,,,results/grid_searches/grid_patchtst_raw_autoLargest_L30_h10_thr10/checkpoints/trial_042_88d8be6689.pt,results/grid_searches/grid_patchtst_raw_autoLargest_L30_h10_thr10/checkpoints/trial_042_88d8be6689.pt,results/grid_searches/grid_patchtst_raw_autoLargest_L30_h10_thr10,75.9698836132884,False,cuda:0,
trial_041_db50337645,complete,raw,4,2,32,2,2,0.1,0.0003,1e-05,26,1.4515876798963623,2.1947842663775354,,,results/grid_searches/grid_patchtst_raw_autoLargest_L30_h10_thr10/checkpoints/trial_041_db50337645.pt,results/grid_searches/grid_patchtst_raw_autoLargest_L30_h10_thr10/checkpoints/trial_041_db50337645.pt,results/grid_searches/grid_patchtst_raw_autoLargest_L30_h10_thr10,93.11102918162942,False,cuda:1,
trial_045_768397618e,complete,raw,4,2,32,2,2,0.1,0.0005,0.0001,1,2.007085923836419,3.124017872773945,,,results/grid_searches/grid_patchtst_raw_autoLargest_L30_h10_thr10/checkpoints/trial_045_768397618e.pt,results/grid_searches/grid_patchtst_raw_autoLargest_L30_h10_thr10/checkpoints/trial_045_768397618e.pt,results/grid_searches/grid_patchtst_raw_autoLargest_L30_h10_thr10,35.61371652409434,False,cuda:1,
trial_043_f11f75a620,complete,raw,4,2,32,2,2,0.1,0.0005,0.0,14,1.5808803114115815,2.640185262513501,,,results/grid_searches/grid_patchtst_raw_autoLargest_L30_h10_thr10/checkpoints/trial_043_f11f75a620.pt,results/grid_searches/grid_patchtst_raw_autoLargest_L30_h10_thr10/checkpoints/trial_043_f11f75a620.pt,results/grid_searches/grid_patchtst_raw_autoLargest_L30_h10_thr10,61.402851693332195,False,cuda:2,
trial_046_33f7837c0b,complete,raw,4,2,32,2,2,0.1,0.001,0.0,16,1.6282741595856562,2.6494454098168667,,,results/grid_searches/grid_patchtst_raw_autoLargest_L30_h10_thr10/checkpoints/trial_046_33f7837c0b.pt,results/grid_searches/grid_patchtst_raw_autoLargest_L30_h10_thr10/checkpoints/trial_046_33f7837c0b.pt,results/grid_searches/grid_patchtst_raw_autoLargest_L30_h10_thr10,69.94743019714952,False,cuda:1,
trial_044_c28bbcae7b,complete,raw,4,2,32,2,2,0.1,0.0005,1e-05,44,1.5200257613245822,2.2106030121760254,,,results/grid_searches/grid_patchtst_raw_autoLargest_L30_h10_thr10/checkpoints/trial_044_c28bbcae7b.pt,results/grid_searches/grid_patchtst_raw_autoLargest_L30_h10_thr10/checkpoints/trial_044_c28bbcae7b.pt,results/grid_searches/grid_patchtst_raw_autoLargest_L30_h10_thr10,132.57211800292134,False,cuda:0,
trial_047_0443bf733c,complete,raw,4,2,32,2,2,0.1,0.001,1e-05,44,1.4559564756564325,2.2262854256771,,,results/grid_searches/grid_patchtst_raw_autoLargest_L30_h10_thr10/checkpoints/trial_047_0443bf733c.pt,results/grid_searches/grid_patchtst_raw_autoLargest_L30_h10_thr10/checkpoints/trial_047_0443bf733c.pt,results/grid_searches/grid_patchtst_raw_autoLargest_L30_h10_thr10,128.081785723567,False,cuda:2,
trial_049_9aef21eca2,complete,raw,4,2,32,2,3,0.0,0.0001,0.0,12,1.6047010900712089,2.3764419910258625,,,results/grid_searches/grid_patchtst_raw_autoLargest_L30_h10_thr10/checkpoints/trial_049_9aef21eca2.pt,results/grid_searches/grid_patchtst_raw_autoLargest_L30_h10_thr10/checkpoints/trial_049_9aef21eca2.pt,results/grid_searches/grid_patchtst_raw_autoLargest_L30_h10_thr10,77.64871025457978,False,cuda:0,
trial_048_7d0c9193fb,complete,raw,4,2,32,2,2,0.1,0.001,0.0001,37,1.4847997733493206,2.2120777708414514,,,results/grid_searches/grid_patchtst_raw_autoLargest_L30_h10_thr10/checkpoints/trial_048_7d0c9193fb.pt,results/grid_searches/grid_patchtst_raw_autoLargest_L30_h10_thr10/checkpoints/trial_048_7d0c9193fb.pt,results/grid_searches/grid_patchtst_raw_autoLargest_L30_h10_thr10,119.77599360793829,False,cuda:1,
trial_050_d471a0c4ab,complete,raw,4,2,32,2,3,0.0,0.0001,1e-05,12,1.611632602408151,2.3589138172668185,,,results/grid_searches/grid_patchtst_raw_autoLargest_L30_h10_thr10/checkpoints/trial_050_d471a0c4ab.pt,results/grid_searches/grid_patchtst_raw_autoLargest_L30_h10_thr10/checkpoints/trial_050_d471a0c4ab.pt,results/grid_searches/grid_patchtst_raw_autoLargest_L30_h10_thr10,75.97162311524153,False,cuda:2,
trial_051_1e81c005c5,complete,raw,4,2,32,2,3,0.0,0.0001,0.0001,12,1.5992772645258073,2.3660734774076193,,,results/grid_searches/grid_patchtst_raw_autoLargest_L30_h10_thr10/checkpoints/trial_051_1e81c005c5.pt,results/grid_searches/grid_patchtst_raw_autoLargest_L30_h10_thr10/checkpoints/trial_051_1e81c005c5.pt,results/grid_searches/grid_patchtst_raw_autoLargest_L30_h10_thr10,79.92498601227999,False,cuda:0,
trial_052_f099c3bcb6,complete,raw,4,2,32,2,3,0.0,0.0003,0.0,22,1.478739655528076,2.258641524181761,,,results/grid_searches/grid_patchtst_raw_autoLargest_L30_h10_thr10/checkpoints/trial_052_f099c3bcb6.pt,results/grid_searches/grid_patchtst_raw_autoLargest_L30_h10_thr10/checkpoints/trial_052_f099c3bcb6.pt,results/grid_searches/grid_patchtst_raw_autoLargest_L30_h10_thr10,107.04129507765174,False,cuda:1,
trial_053_89a0f5367c,complete,raw,4,2,32,2,3,0.0,0.0003,1e-05,27,1.4515615459871065,2.199381716585982,,,results/grid_searches/grid_patchtst_raw_autoLargest_L30_h10_thr10/checkpoints/trial_053_89a0f5367c.pt,results/grid_searches/grid_patchtst_raw_autoLargest_L30_h10_thr10/checkpoints/trial_053_89a0f5367c.pt,results/grid_searches/grid_patchtst_raw_autoLargest_L30_h10_thr10,118.32604586705565,False,cuda:2,
trial_054_1383d55874,complete,raw,4,2,32,2,3,0.0,0.0003,0.0001,27,1.4519702061001636,2.239096022957832,,,results/grid_searches/grid_patchtst_raw_autoLargest_L30_h10_thr10/checkpoints/trial_054_1383d55874.pt,results/grid_searches/grid_patchtst_raw_autoLargest_L30_h10_thr10/checkpoints/trial_054_1383d55874.pt,results/grid_searches/grid_patchtst_raw_autoLargest_L30_h10_thr10,123.58703808486462,False,cuda:0,
trial_055_36f627238d,complete,raw,4,2,32,2,3,0.0,0.0005,0.0,36,1.4791831487388927,2.247657408665091,,,results/grid_searches/grid_patchtst_raw_autoLargest_L30_h10_thr10/checkpoints/trial_055_36f627238d.pt,results/grid_searches/grid_patchtst_raw_autoLargest_L30_h10_thr10/checkpoints/trial_055_36f627238d.pt,results/grid_searches/grid_patchtst_raw_autoLargest_L30_h10_thr10,147.41979933157563,False,cuda:1,
trial_056_a3d7d596e9,complete,raw,4,2,32,2,3,0.0,0.0005,1e-05,37,1.4592173122199652,2.218763420073934,,,results/grid_searches/grid_patchtst_raw_autoLargest_L30_h10_thr10/checkpoints/trial_056_a3d7d596e9.pt,results/grid_searches/grid_patchtst_raw_autoLargest_L30_h10_thr10/checkpoints/trial_056_a3d7d596e9.pt,results/grid_searches/grid_patchtst_raw_autoLargest_L30_h10_thr10,143.2848032824695,False,cuda:2,
trial_057_24831df6c4,complete,raw,4,2,32,2,3,0.0,0.0005,0.0001,28,1.4852625022177832,2.327871604899614,,,results/grid_searches/grid_patchtst_raw_autoLargest_L30_h10_thr10/checkpoints/trial_057_24831df6c4.pt,results/grid_searches/grid_patchtst_raw_autoLargest_L30_h10_thr10/checkpoints/trial_057_24831df6c4.pt,results/grid_searches/grid_patchtst_raw_autoLargest_L30_h10_thr10,124.62795879691839,False,cuda:0,
trial_058_b90d2799c2,complete,raw,4,2,32,2,3,0.0,0.001,0.0,5,1.6052827334187076,2.5779485572756853,,,results/grid_searches/grid_patchtst_raw_autoLargest_L30_h10_thr10/checkpoints/trial_058_b90d2799c2.pt,results/grid_searches/grid_patchtst_raw_autoLargest_L30_h10_thr10/checkpoints/trial_058_b90d2799c2.pt,results/grid_searches/grid_patchtst_raw_autoLargest_L30_h10_thr10,57.2309306114912,False,cuda:1,
trial_059_165ff53394,complete,raw,4,2,32,2,3,0.0,0.001,1e-05,10,1.5011330885572147,2.483475428995526,,,results/grid_searches/grid_patchtst_raw_autoLargest_L30_h10_thr10/checkpoints/trial_059_165ff53394.pt,results/grid_searches/grid_patchtst_raw_autoLargest_L30_h10_thr10/checkpoints/trial_059_165ff53394.pt,results/grid_searches/grid_patchtst_raw_autoLargest_L30_h10_thr10,69.07203954458237,False,cuda:2,
trial_061_65ad97dc93,complete,raw,4,2,32,2,3,0.1,0.0001,0.0,2,1.6929635272292962,2.625866923619353,,,results/grid_searches/grid_patchtst_raw_autoLargest_L30_h10_thr10/checkpoints/trial_061_65ad97dc93.pt,results/grid_searches/grid_patchtst_raw_autoLargest_L30_h10_thr10/checkpoints/trial_061_65ad97dc93.pt,results/grid_searches/grid_patchtst_raw_autoLargest_L30_h10_thr10,51.70415185391903,False,cuda:1,
trial_060_a3447e6ce3,complete,raw,4,2,32,2,3,0.0,0.001,0.0001,9,1.5594545496877612,2.362801482017659,,,results/grid_searches/grid_patchtst_raw_autoLargest_L30_h10_thr10/checkpoints/trial_060_a3447e6ce3.pt,results/grid_searches/grid_patchtst_raw_autoLargest_L30_h10_thr10/checkpoints/trial_060_a3447e6ce3.pt,results/grid_searches/grid_patchtst_raw_autoLargest_L30_h10_thr10,69.46489743515849,False,cuda:0,
trial_062_16c09a37aa,complete,raw,4,2,32,2,3,0.1,0.0001,1e-05,2,1.6930112151421983,2.62589959584603,,,results/grid_searches/grid_patchtst_raw_autoLargest_L30_h10_thr10/checkpoints/trial_062_16c09a37aa.pt,results/grid_searches/grid_patchtst_raw_autoLargest_L30_h10_thr10/checkpoints/trial_062_16c09a37aa.pt,results/grid_searches/grid_patchtst_raw_autoLargest_L30_h10_thr10,47.927279725670815,False,cuda:2,
trial_063_2abe24358b,complete,raw,4,2,32,2,3,0.1,0.0001,0.0001,2,1.6934723843559858,2.626645871922636,,,results/grid_searches/grid_patchtst_raw_autoLargest_L30_h10_thr10/checkpoints/trial_063_2abe24358b.pt,results/grid_searches/grid_patchtst_raw_autoLargest_L30_h10_thr10/checkpoints/trial_063_2abe24358b.pt,results/grid_searches/grid_patchtst_raw_autoLargest_L30_h10_thr10,51.04346226528287,False,cuda:1,
trial_064_1228c80c27,complete,raw,4,2,32,2,3,0.1,0.0003,0.0,1,1.8650985256544774,2.77410486220623,,,results/grid_searches/grid_patchtst_raw_autoLargest_L30_h10_thr10/checkpoints/trial_064_1228c80c27.pt,results/grid_searches/grid_patchtst_raw_autoLargest_L30_h10_thr10/checkpoints/trial_064_1228c80c27.pt,results/grid_searches/grid_patchtst_raw_autoLargest_L30_h10_thr10,46.671237513422966,False,cuda:0,
trial_065_7f821f7301,complete,raw,4,2,32,2,3,0.1,0.0003,1e-05,1,1.8642921076837597,2.773619863794529,,,results/grid_searches/grid_patchtst_raw_autoLargest_L30_h10_thr10/checkpoints/trial_065_7f821f7301.pt,results/grid_searches/grid_patchtst_raw_autoLargest_L30_h10_thr10/checkpoints/trial_065_7f821f7301.pt,results/grid_searches/grid_patchtst_raw_autoLargest_L30_h10_thr10,47.17174743115902,False,cuda:2,
trial_066_df81360e08,complete,raw,4,2,32,2,3,0.1,0.0003,0.0001,13,1.5676384801096932,2.452234268463466,,,results/grid_searches/grid_patchtst_raw_autoLargest_L30_h10_thr10/checkpoints/trial_066_df81360e08.pt,results/grid_searches/grid_patchtst_raw_autoLargest_L30_h10_thr10/checkpoints/trial_066_df81360e08.pt,results/grid_searches/grid_patchtst_raw_autoLargest_L30_h10_thr10,87.88632196560502,False,cuda:1,
trial_067_1e0e636443,complete,raw,4,2,32,2,3,0.1,0.0005,0.0,35,1.4361005133475306,2.188548939914232,,,results/grid_searches/grid_patchtst_raw_autoLargest_L30_h10_thr10/checkpoints/trial_067_1e0e636443.pt,results/grid_searches/grid_patchtst_raw_autoLargest_L30_h10_thr10/checkpoints/trial_067_1e0e636443.pt,results/grid_searches/grid_patchtst_raw_autoLargest_L30_h10_thr10,150.20109654963017,False,cuda:0,
trial_068_8014db8fbf,complete,raw,4,2,32,2,3,0.1,0.0005,1e-05,44,1.4399610855732161,2.236914044501979,,,results/grid_searches/grid_patchtst_raw_autoLargest_L30_h10_thr10/checkpoints/trial_068_8014db8fbf.pt,results/grid_searches/grid_patchtst_raw_autoLargest_L30_h10_thr10/checkpoints/trial_068_8014db8fbf.pt,results/grid_searches/grid_patchtst_raw_autoLargest_L30_h10_thr10,172.0534494444728,False,cuda:2,
trial_069_a07c19557f,complete,raw,4,2,32,2,3,0.1,0.0005,0.0001,28,1.4297817981931604,2.196935479134866,,,results/grid_searches/grid_patchtst_raw_autoLargest_L30_h10_thr10/checkpoints/trial_069_a07c19557f.pt,results/grid_searches/grid_patchtst_raw_autoLargest_L30_h10_thr10/checkpoints/trial_069_a07c19557f.pt,results/grid_searches/grid_patchtst_raw_autoLargest_L30_h10_thr10,131.27863654494286,False,cuda:1,
trial_071_8e70190cbc,complete,raw,4,2,32,2,3,0.1,0.001,1e-05,1,1.9570918798192014,3.2587147606585547,,,results/grid_searches/grid_patchtst_raw_autoLargest_L30_h10_thr10/checkpoints/trial_071_8e70190cbc.pt,results/grid_searches/grid_patchtst_raw_autoLargest_L30_h10_thr10/checkpoints/trial_071_8e70190cbc.pt,results/grid_searches/grid_patchtst_raw_autoLargest_L30_h10_thr10,47.772048000246286,False,cuda:2,
trial_070_288b7f100d,complete,raw,4,2,32,2,3,0.1,0.001,0.0,14,1.7255569830508548,3.032783806373685,,,results/grid_searches/grid_patchtst_raw_autoLargest_L30_h10_thr10/checkpoints/trial_070_288b7f100d.pt,results/grid_searches/grid_patchtst_raw_autoLargest_L30_h10_thr10/checkpoints/trial_070_288b7f100d.pt,results/grid_searches/grid_patchtst_raw_autoLargest_L30_h10_thr10,87.65163312479854,False,cuda:0,
trial_073_cf0917d3ba,complete,raw,4,2,32,4,1,0.0,0.0001,0.0,31,1.4893095975595563,2.183807034036314,,,results/grid_searches/grid_patchtst_raw_autoLargest_L30_h10_thr10/checkpoints/trial_073_cf0917d3ba.pt,results/grid_searches/grid_patchtst_raw_autoLargest_L30_h10_thr10/checkpoints/trial_073_cf0917d3ba.pt,results/grid_searches/grid_patchtst_raw_autoLargest_L30_h10_thr10,60.81142393127084,False,cuda:2,
trial_074_bf90a85a39,complete,raw,4,2,32,4,1,0.0,0.0001,1e-05,29,1.4563343303990137,2.1792443362213634,,,results/grid_searches/grid_patchtst_raw_autoLargest_L30_h10_thr10/checkpoints/trial_074_bf90a85a39.pt,results/grid_searches/grid_patchtst_raw_autoLargest_L30_h10_thr10/checkpoints/trial_074_bf90a85a39.pt,results/grid_searches/grid_patchtst_raw_autoLargest_L30_h10_thr10,61.30834123119712,False,cuda:0,
trial_072_f83a6afa93,complete,raw,4,2,32,2,3,0.1,0.001,0.0001,29,1.6389503188685903,2.8509720092579918,,,results/grid_searches/grid_patchtst_raw_autoLargest_L30_h10_thr10/checkpoints/trial_072_f83a6afa93.pt,results/grid_searches/grid_patchtst_raw_autoLargest_L30_h10_thr10/checkpoints/trial_072_f83a6afa93.pt,results/grid_searches/grid_patchtst_raw_autoLargest_L30_h10_thr10,134.59049447625875,False,cuda:1,
trial_076_aeadb3b003,complete,raw,4,2,32,4,1,0.0,0.0003,0.0,29,1.4445244047088148,2.140603271769031,,,results/grid_searches/grid_patchtst_raw_autoLargest_L30_h10_thr10/checkpoints/trial_076_aeadb3b003.pt,results/grid_searches/grid_patchtst_raw_autoLargest_L30_h10_thr10/checkpoints/trial_076_aeadb3b003.pt,results/grid_searches/grid_patchtst_raw_autoLargest_L30_h10_thr10,61.435849256813526,False,cuda:0,
trial_075_bb6be7d371,complete,raw,4,2,32,4,1,0.0,0.0001,0.0001,38,1.4813299680029668,2.194115068677741,,,results/grid_searches/grid_patchtst_raw_autoLargest_L30_h10_thr10/checkpoints/trial_075_bb6be7d371.pt,results/grid_searches/grid_patchtst_raw_autoLargest_L30_h10_thr10/checkpoints/trial_075_bb6be7d371.pt,results/grid_searches/grid_patchtst_raw_autoLargest_L30_h10_thr10,70.18319423496723,False,cuda:2,
trial_077_c662063839,complete,raw,4,2,32,4,1,0.0,0.0003,1e-05,36,1.4416229661337183,2.204369042229499,,,results/grid_searches/grid_patchtst_raw_autoLargest_L30_h10_thr10/checkpoints/trial_077_c662063839.pt,results/grid_searches/grid_patchtst_raw_autoLargest_L30_h10_thr10/checkpoints/trial_077_c662063839.pt,results/grid_searches/grid_patchtst_raw_autoLargest_L30_h10_thr10,70.07319608330727,False,cuda:1,
trial_079_8b37108f9d,complete,raw,4,2,32,4,1,0.0,0.0005,0.0,24,1.4715239397587279,2.279733466919365,,,results/grid_searches/grid_patchtst_raw_autoLargest_L30_h10_thr10/checkpoints/trial_079_8b37108f9d.pt,results/grid_searches/grid_patchtst_raw_autoLargest_L30_h10_thr10/checkpoints/trial_079_8b37108f9d.pt,results/grid_searches/grid_patchtst_raw_autoLargest_L30_h10_thr10,51.59792825579643,False,cuda:2,
trial_078_a2c2961c5a,complete,raw,4,2,32,4,1,0.0,0.0003,0.0001,29,1.4361669373427388,2.1318163569175064,,,results/grid_searches/grid_patchtst_raw_autoLargest_L30_h10_thr10/checkpoints/trial_078_a2c2961c5a.pt,results/grid_searches/grid_patchtst_raw_autoLargest_L30_h10_thr10/checkpoints/trial_078_a2c2961c5a.pt,results/grid_searches/grid_patchtst_raw_autoLargest_L30_h10_thr10,60.66187360137701,False,cuda:0,
trial_081_3fb80a35e8,complete,raw,4,2,32,4,1,0.0,0.0005,0.0001,12,1.5277372012004444,2.309984577504666,,,results/grid_searches/grid_patchtst_raw_autoLargest_L30_h10_thr10/checkpoints/trial_081_3fb80a35e8.pt,results/grid_searches/grid_patchtst_raw_autoLargest_L30_h10_thr10/checkpoints/trial_081_3fb80a35e8.pt,results/grid_searches/grid_patchtst_raw_autoLargest_L30_h10_thr10,36.5530333481729,False,cuda:2,
trial_082_3e5fb36edd,complete,raw,4,2,32,4,1,0.0,0.001,0.0,22,1.4603534232862765,2.2458765065814967,,,results/grid_searches/grid_patchtst_raw_autoLargest_L30_h10_thr10/checkpoints/trial_082_3e5fb36edd.pt,results/grid_searches/grid_patchtst_raw_autoLargest_L30_h10_thr10/checkpoints/trial_082_3e5fb36edd.pt,results/grid_searches/grid_patchtst_raw_autoLargest_L30_h10_thr10,50.067088428884745,False,cuda:0,
trial_083_a24fdf9ebb,complete,raw,4,2,32,4,1,0.0,0.001,1e-05,10,1.4645685990937525,2.2406012688185464,,,results/grid_searches/grid_patchtst_raw_autoLargest_L30_h10_thr10/checkpoints/trial_083_a24fdf9ebb.pt,results/grid_searches/grid_patchtst_raw_autoLargest_L30_h10_thr10/checkpoints/trial_083_a24fdf9ebb.pt,results/grid_searches/grid_patchtst_raw_autoLargest_L30_h10_thr10,33.2800295650959,False,cuda:2,
trial_080_5a14f9bebd,complete,raw,4,2,32,4,1,0.0,0.0005,1e-05,44,1.4733082769160406,2.2562985828027093,,,results/grid_searches/grid_patchtst_raw_autoLargest_L30_h10_thr10/checkpoints/trial_080_5a14f9bebd.pt,results/grid_searches/grid_patchtst_raw_autoLargest_L30_h10_thr10/checkpoints/trial_080_5a14f9bebd.pt,results/grid_searches/grid_patchtst_raw_autoLargest_L30_h10_thr10,81.39051987230778,False,cuda:1,
trial_085_fe8eda296e,complete,raw,4,2,32,4,1,0.1,0.0001,0.0,2,1.8596293970274067,2.5876167244534347,,,results/grid_searches/grid_patchtst_raw_autoLargest_L30_h10_thr10/checkpoints/trial_085_fe8eda296e.pt,results/grid_searches/grid_patchtst_raw_autoLargest_L30_h10_thr10/checkpoints/trial_085_fe8eda296e.pt,results/grid_searches/grid_patchtst_raw_autoLargest_L30_h10_thr10,23.168253235518932,False,cuda:2,
trial_086_9bdb97bacc,complete,raw,4,2,32,4,1,0.1,0.0001,1e-05,2,1.8597325988335511,2.5877267773818087,,,results/grid_searches/grid_patchtst_raw_autoLargest_L30_h10_thr10/checkpoints/trial_086_9bdb97bacc.pt,results/grid_searches/grid_patchtst_raw_autoLargest_L30_h10_thr10/checkpoints/trial_086_9bdb97bacc.pt,results/grid_searches/grid_patchtst_raw_autoLargest_L30_h10_thr10,24.107588559389114,False,cuda:1,
trial_087_1060ba8c32,complete,raw,4,2,32,4,1,0.1,0.0001,0.0001,2,1.861023347892716,2.588416925680068,,,results/grid_searches/grid_patchtst_raw_autoLargest_L30_h10_thr10/checkpoints/trial_087_1060ba8c32.pt,results/grid_searches/grid_patchtst_raw_autoLargest_L30_h10_thr10/checkpoints/trial_087_1060ba8c32.pt,results/grid_searches/grid_patchtst_raw_autoLargest_L30_h10_thr10,22.891497567296028,False,cuda:2,
trial_088_adb23d1fef,complete,raw,4,2,32,4,1,0.1,0.0003,0.0,1,1.7705170692894843,2.704607882192422,,,results/grid_searches/grid_patchtst_raw_autoLargest_L30_h10_thr10/checkpoints/trial_088_adb23d1fef.pt,results/grid_searches/grid_patchtst_raw_autoLargest_L30_h10_thr10/checkpoints/trial_088_adb23d1fef.pt,results/grid_searches/grid_patchtst_raw_autoLargest_L30_h10_thr10,22.52552005648613,False,cuda:1,
trial_084_363579ed1b,complete,raw,4,2,32,4,1,0.0,0.001,0.0001,41,1.4799699588223727,2.199105716354826,,,results/grid_searches/grid_patchtst_raw_autoLargest_L30_h10_thr10/checkpoints/trial_084_363579ed1b.pt,results/grid_searches/grid_patchtst_raw_autoLargest_L30_h10_thr10/checkpoints/trial_084_363579ed1b.pt,results/grid_searches/grid_patchtst_raw_autoLargest_L30_h10_thr10,77.18860363587737,False,cuda:0,
trial_089_aac832be6b,complete,raw,4,2,32,4,1,0.1,0.0003,1e-05,1,1.7706360816118556,2.704024080880679,,,results/grid_searches/grid_patchtst_raw_autoLargest_L30_h10_thr10/checkpoints/trial_089_aac832be6b.pt,results/grid_searches/grid_patchtst_raw_autoLargest_L30_h10_thr10/checkpoints/trial_089_aac832be6b.pt,results/grid_searches/grid_patchtst_raw_autoLargest_L30_h10_thr10,22.096964050084352,False,cuda:2,
trial_090_16fe9c8811,complete,raw,4,2,32,4,1,0.1,0.0003,0.0001,1,1.771424432473988,2.704052829053953,,,results/grid_searches/grid_patchtst_raw_autoLargest_L30_h10_thr10/checkpoints/trial_090_16fe9c8811.pt,results/grid_searches/grid_patchtst_raw_autoLargest_L30_h10_thr10/checkpoints/trial_090_16fe9c8811.pt,results/grid_searches/grid_patchtst_raw_autoLargest_L30_h10_thr10,23.152546495199203,False,cuda:1,
trial_092_120000b676,complete,raw,4,2,32,4,1,0.1,0.0005,1e-05,29,1.4443756725110963,2.2441886559897877,,,results/grid_searches/grid_patchtst_raw_autoLargest_L30_h10_thr10/checkpoints/trial_092_120000b676.pt,results/grid_searches/grid_patchtst_raw_autoLargest_L30_h10_thr10/checkpoints/trial_092_120000b676.pt,results/grid_searches/grid_patchtst_raw_autoLargest_L30_h10_thr10,61.187341310083866,False,cuda:2,
trial_093_a7aee9e29b,complete,raw,4,2,32,4,1,0.1,0.0005,0.0001,38,1.4579575368507376,2.285648228974434,,,results/grid_searches/grid_patchtst_raw_autoLargest_L30_h10_thr10/checkpoints/trial_093_a7aee9e29b.pt,results/grid_searches/grid_patchtst_raw_autoLargest_L30_h10_thr10/checkpoints/trial_093_a7aee9e29b.pt,results/grid_searches/grid_patchtst_raw_autoLargest_L30_h10_thr10,76.07510752230883,False,cuda:1,
trial_094_be2f898107,complete,raw,4,2,32,4,1,0.1,0.001,0.0,5,1.7659010640097947,2.9248173033202005,,,results/grid_searches/grid_patchtst_raw_autoLargest_L30_h10_thr10/checkpoints/trial_094_be2f898107.pt,results/grid_searches/grid_patchtst_raw_autoLargest_L30_h10_thr10/checkpoints/trial_094_be2f898107.pt,results/grid_searches/grid_patchtst_raw_autoLargest_L30_h10_thr10,27.237319111824036,False,cuda:2,
trial_091_463c7045ad,complete,raw,4,2,32,4,1,0.1,0.0005,0.0,57,1.4989338201722955,2.2680241053217842,,,results/grid_searches/grid_patchtst_raw_autoLargest_L30_h10_thr10/checkpoints/trial_091_463c7045ad.pt,results/grid_searches/grid_patchtst_raw_autoLargest_L30_h10_thr10/checkpoints/trial_091_463c7045ad.pt,results/grid_searches/grid_patchtst_raw_autoLargest_L30_h10_thr10,101.96146065369248,False,cuda:0,
trial_096_34bc94e58f,complete,raw,4,2,32,4,1,0.1,0.001,0.0001,29,1.4687941998007554,2.290589961315632,,,results/grid_searches/grid_patchtst_raw_autoLargest_L30_h10_thr10/checkpoints/trial_096_34bc94e58f.pt,results/grid_searches/grid_patchtst_raw_autoLargest_L30_h10_thr10/checkpoints/trial_096_34bc94e58f.pt,results/grid_searches/grid_patchtst_raw_autoLargest_L30_h10_thr10,58.8067875392735,False,cuda:2,
trial_095_bc70af84e0,complete,raw,4,2,32,4,1,0.1,0.001,1e-05,44,1.5327913958810364,2.4311276447984764,,,results/grid_searches/grid_patchtst_raw_autoLargest_L30_h10_thr10/checkpoints/trial_095_bc70af84e0.pt,results/grid_searches/grid_patchtst_raw_autoLargest_L30_h10_thr10/checkpoints/trial_095_bc70af84e0.pt,results/grid_searches/grid_patchtst_raw_autoLargest_L30_h10_thr10,82.34054876863956,False,cuda:1,
trial_097_e17a59ec06,complete,raw,4,2,32,4,2,0.0,0.0001,0.0,29,1.491648470964047,2.3248946018727974,,,results/grid_searches/grid_patchtst_raw_autoLargest_L30_h10_thr10/checkpoints/trial_097_e17a59ec06.pt,results/grid_searches/grid_patchtst_raw_autoLargest_L30_h10_thr10/checkpoints/trial_097_e17a59ec06.pt,results/grid_searches/grid_patchtst_raw_autoLargest_L30_h10_thr10,87.23308638855815,False,cuda:0,
trial_098_52cc3075f9,complete,raw,4,2,32,4,2,0.0,0.0001,1e-05,29,1.4930289484664232,2.324838765902475,,,results/grid_searches/grid_patchtst_raw_autoLargest_L30_h10_thr10/checkpoints/trial_098_52cc3075f9.pt,results/grid_searches/grid_patchtst_raw_autoLargest_L30_h10_thr10/checkpoints/trial_098_52cc3075f9.pt,results/grid_searches/grid_patchtst_raw_autoLargest_L30_h10_thr10,87.93206385150552,False,cuda:2,
trial_100_0c6d9db948,complete,raw,4,2,32,4,2,0.0,0.0003,0.0,28,1.4445619143385298,2.214936098283733,,,results/grid_searches/grid_patchtst_raw_autoLargest_L30_h10_thr10/checkpoints/trial_100_0c6d9db948.pt,results/grid_searches/grid_patchtst_raw_autoLargest_L30_h10_thr10/checkpoints/trial_100_0c6d9db948.pt,results/grid_searches/grid_patchtst_raw_autoLargest_L30_h10_thr10,89.64670801535249,False,cuda:0,
trial_101_fbe8c3b3b0,complete,raw,4,2,32,4,2,0.0,0.0003,1e-05,21,1.5351878395195626,2.228869215352637,,,results/grid_searches/grid_patchtst_raw_autoLargest_L30_h10_thr10/checkpoints/trial_101_fbe8c3b3b0.pt,results/grid_searches/grid_patchtst_raw_autoLargest_L30_h10_thr10/checkpoints/trial_101_fbe8c3b3b0.pt,results/grid_searches/grid_patchtst_raw_autoLargest_L30_h10_thr10,68.3646166883409,False,cuda:2,
trial_099_34bac525b9,complete,raw,4,2,32,4,2,0.0,0.0001,0.0001,59,1.464684632059328,2.289438583612028,,,results/grid_searches/grid_patchtst_raw_autoLargest_L30_h10_thr10/checkpoints/trial_099_34bac525b9.pt,results/grid_searches/grid_patchtst_raw_autoLargest_L30_h10_thr10/checkpoints/trial_099_34bac525b9.pt,results/grid_searches/grid_patchtst_raw_autoLargest_L30_h10_thr10,152.4067711904645,False,cuda:1,
trial_102_1b75c13cf3,complete,raw,4,2,32,4,2,0.0,0.0003,0.0001,22,1.4435934044713084,2.1790914144210722,,,results/grid_searches/grid_patchtst_raw_autoLargest_L30_h10_thr10/checkpoints/trial_102_1b75c13cf3.pt,results/grid_searches/grid_patchtst_raw_autoLargest_L30_h10_thr10/checkpoints/trial_102_1b75c13cf3.pt,results/grid_searches/grid_patchtst_raw_autoLargest_L30_h10_thr10,75.20905060693622,False,cuda:0,
trial_105_4feb9085d2,complete,raw,4,2,32,4,2,0.0,0.0005,0.0001,1,1.8025380945129061,2.9102151992346137,,,results/grid_searches/grid_patchtst_raw_autoLargest_L30_h10_thr10/checkpoints/trial_105_4feb9085d2.pt,results/grid_searches/grid_patchtst_raw_autoLargest_L30_h10_thr10/checkpoints/trial_105_4feb9085d2.pt,results/grid_searches/grid_patchtst_raw_autoLargest_L30_h10_thr10,34.13318873941898,False,cuda:0,
trial_103_5518aad35f,complete,raw,4,2,32,4,2,0.0,0.0005,0.0,39,1.5019093947254027,2.2253413896945395,,,results/grid_searches/grid_patchtst_raw_autoLargest_L30_h10_thr10/checkpoints/trial_103_5518aad35f.pt,results/grid_searches/grid_patchtst_raw_autoLargest_L30_h10_thr10/checkpoints/trial_103_5518aad35f.pt,results/grid_searches/grid_patchtst_raw_autoLargest_L30_h10_thr10,109.37011352553964,False,cuda:2,
trial_104_77377aed7c,complete,raw,4,2,32,4,2,0.0,0.0005,1e-05,37,1.4724696690985297,2.322267664035734,,,results/grid_searches/grid_patchtst_raw_autoLargest_L30_h10_thr10/checkpoints/trial_104_77377aed7c.pt,results/grid_searches/grid_patchtst_raw_autoLargest_L30_h10_thr10/checkpoints/trial_104_77377aed7c.pt,results/grid_searches/grid_patchtst_raw_autoLargest_L30_h10_thr10,111.71403794363141,False,cuda:1,
trial_106_00b8af2747,complete,raw,4,2,32,4,2,0.0,0.001,0.0,22,1.4667439125223627,2.2038675391677676,,,results/grid_searches/grid_patchtst_raw_autoLargest_L30_h10_thr10/checkpoints/trial_106_00b8af2747.pt,results/grid_searches/grid_patchtst_raw_autoLargest_L30_h10_thr10/checkpoints/trial_106_00b8af2747.pt,results/grid_searches/grid_patchtst_raw_autoLargest_L30_h10_thr10,78.31519247591496,False,cuda:0,
trial_107_7ad0fce6b0,complete,raw,4,2,32,4,2,0.0,0.001,1e-05,22,1.4989597608592313,2.286717716962037,,,results/grid_searches/grid_patchtst_raw_autoLargest_L30_h10_thr10/checkpoints/trial_107_7ad0fce6b0.pt,results/grid_searches/grid_patchtst_raw_autoLargest_L30_h10_thr10/checkpoints/trial_107_7ad0fce6b0.pt,results/grid_searches/grid_patchtst_raw_autoLargest_L30_h10_thr10,75.40366142988205,False,cuda:2,
trial_109_52c69bc39f,complete,raw,4,2,32,4,2,0.1,0.0001,0.0,2,1.736140865534544,2.6391666338172115,,,results/grid_searches/grid_patchtst_raw_autoLargest_L30_h10_thr10/checkpoints/trial_109_52c69bc39f.pt,results/grid_searches/grid_patchtst_raw_autoLargest_L30_h10_thr10/checkpoints/trial_109_52c69bc39f.pt,results/grid_searches/grid_patchtst_raw_autoLargest_L30_h10_thr10,37.63861769065261,False,cuda:0,
trial_108_ada4758028,complete,raw,4,2,32,4,2,0.0,0.001,0.0001,18,1.5639820853601905,2.2183662373773725,,,results/grid_searches/grid_patchtst_raw_autoLargest_L30_h10_thr10/checkpoints/trial_108_ada4758028.pt,results/grid_searches/grid_patchtst_raw_autoLargest_L30_h10_thr10/checkpoints/trial_108_ada4758028.pt,results/grid_searches/grid_patchtst_raw_autoLargest_L30_h10_thr10,70.01498781144619,False,cuda:1,
trial_110_23626f5c61,complete,raw,4,2,32,4,2,0.1,0.0001,1e-05,2,1.736184892055661,2.639229469706347,,,results/grid_searches/grid_patchtst_raw_autoLargest_L30_h10_thr10/checkpoints/trial_110_23626f5c61.pt,results/grid_searches/grid_patchtst_raw_autoLargest_L30_h10_thr10/checkpoints/trial_110_23626f5c61.pt,results/grid_searches/grid_patchtst_raw_autoLargest_L30_h10_thr10,37.325015489012,False,cuda:2,
trial_111_da4591b5ed,complete,raw,4,2,32,4,2,0.1,0.0001,0.0001,2,1.7369824972094472,2.639441750414486,,,results/grid_searches/grid_patchtst_raw_autoLargest_L30_h10_thr10/checkpoints/trial_111_da4591b5ed.pt,results/grid_searches/grid_patchtst_raw_autoLargest_L30_h10_thr10/checkpoints/trial_111_da4591b5ed.pt,results/grid_searches/grid_patchtst_raw_autoLargest_L30_h10_thr10,37.332798551768064,False,cuda:0,
trial_114_a7a562f5d0,complete,raw,4,2,32,4,2,0.1,0.0003,0.0001,30,1.4585156803049997,2.2459141889027383,,,results/grid_searches/grid_patchtst_raw_autoLargest_L30_h10_thr10/checkpoints/trial_114_a7a562f5d0.pt,results/grid_searches/grid_patchtst_raw_autoLargest_L30_h10_thr10/checkpoints/trial_114_a7a562f5d0.pt,results/grid_searches/grid_patchtst_raw_autoLargest_L30_h10_thr10,102.34032442048192,False,cuda:0,
trial_112_3ef89b5821,complete,raw,4,2,32,4,2,0.1,0.0003,0.0,59,1.4809485904485742,2.220566846812468,,,results/grid_searches/grid_patchtst_raw_autoLargest_L30_h10_thr10/checkpoints/trial_112_3ef89b5821.pt,results/grid_searches/grid_patchtst_raw_autoLargest_L30_h10_thr10/checkpoints/trial_112_3ef89b5821.pt,results/grid_searches/grid_patchtst_raw_autoLargest_L30_h10_thr10,170.75225099921227,False,cuda:1,
trial_113_4682ced0eb,complete,raw,4,2,32,4,2,0.1,0.0003,1e-05,59,1.4709471346013532,2.2306541086540386,,,results/grid_searches/grid_patchtst_raw_autoLargest_L30_h10_thr10/checkpoints/trial_113_4682ced0eb.pt,results/grid_searches/grid_patchtst_raw_autoLargest_L30_h10_thr10/checkpoints/trial_113_4682ced0eb.pt,results/grid_searches/grid_patchtst_raw_autoLargest_L30_h10_thr10,164.68221873790026,False,cuda:2,
trial_115_7f18d4ba08,complete,raw,4,2,32,4,2,0.1,0.0005,0.0,38,1.4745227750466217,2.1795768182782025,,,results/grid_searches/grid_patchtst_raw_autoLargest_L30_h10_thr10/checkpoints/trial_115_7f18d4ba08.pt,results/grid_searches/grid_patchtst_raw_autoLargest_L30_h10_thr10/checkpoints/trial_115_7f18d4ba08.pt,results/grid_searches/grid_patchtst_raw_autoLargest_L30_h10_thr10,117.64713198691607,False,cuda:0,
trial_117_f9c46a50d3,complete,raw,4,2,32,4,2,0.1,0.0005,0.0001,31,1.4396491448269992,2.231272418635047,,,results/grid_searches/grid_patchtst_raw_autoLargest_L30_h10_thr10/checkpoints/trial_117_f9c46a50d3.pt,results/grid_searches/grid_patchtst_raw_autoLargest_L30_h10_thr10/checkpoints/trial_117_f9c46a50d3.pt,results/grid_searches/grid_patchtst_raw_autoLargest_L30_h10_thr10,100.56751051917672,False,cuda:2,
trial_116_0aa2181693,complete,raw,4,2,32,4,2,0.1,0.0005,1e-05,48,1.4555197525109294,2.1771417693669526,,,results/grid_searches/grid_patchtst_raw_autoLargest_L30_h10_thr10/checkpoints/trial_116_0aa2181693.pt,results/grid_searches/grid_patchtst_raw_autoLargest_L30_h10_thr10/checkpoints/trial_116_0aa2181693.pt,results/grid_searches/grid_patchtst_raw_autoLargest_L30_h10_thr10,143.48920452594757,False,cuda:1,
trial_118_5644291926,complete,raw,4,2,32,4,2,0.1,0.001,0.0,29,1.4885850105604417,2.2412573685084025,,,results/grid_searches/grid_patchtst_raw_autoLargest_L30_h10_thr10/checkpoints/trial_118_5644291926.pt,results/grid_searches/grid_patchtst_raw_autoLargest_L30_h10_thr10/checkpoints/trial_118_5644291926.pt,results/grid_searches/grid_patchtst_raw_autoLargest_L30_h10_thr10,99.92237277701497,False,cuda:0,
trial_119_8dd185dbae,complete,raw,4,2,32,4,2,0.1,0.001,1e-05,22,1.4525468344260244,2.263460613325072,,,results/grid_searches/grid_patchtst_raw_autoLargest_L30_h10_thr10/checkpoints/trial_119_8dd185dbae.pt,results/grid_searches/grid_patchtst_raw_autoLargest_L30_h10_thr10/checkpoints/trial_119_8dd185dbae.pt,results/grid_searches/grid_patchtst_raw_autoLargest_L30_h10_thr10,80.67602204531431,False,cuda:2,
trial_121_0343b21ba9,complete,raw,4,2,32,4,3,0.0,0.0001,0.0,12,1.6653353666476434,2.539655871066158,,,results/grid_searches/grid_patchtst_raw_autoLargest_L30_h10_thr10/checkpoints/trial_121_0343b21ba9.pt,results/grid_searches/grid_patchtst_raw_autoLargest_L30_h10_thr10/checkpoints/trial_121_0343b21ba9.pt,results/grid_searches/grid_patchtst_raw_autoLargest_L30_h10_thr10,77.40958472341299,False,cuda:0,
trial_122_de050c2cce,complete,raw,4,2,32,4,3,0.0,0.0001,1e-05,12,1.6359168062113885,2.5072332288658044,,,results/grid_searches/grid_patchtst_raw_autoLargest_L30_h10_thr10/checkpoints/trial_122_de050c2cce.pt,results/grid_searches/grid_patchtst_raw_autoLargest_L30_h10_thr10/checkpoints/trial_122_de050c2cce.pt,results/grid_searches/grid_patchtst_raw_autoLargest_L30_h10_thr10,74.70116858929396,False,cuda:2,
trial_120_040082f17c,complete,raw,4,2,32,4,2,0.1,0.001,0.0001,48,1.52050176042639,2.224759484216802,,,results/grid_searches/grid_patchtst_raw_autoLargest_L30_h10_thr10/checkpoints/trial_120_040082f17c.pt,results/grid_searches/grid_patchtst_raw_autoLargest_L30_h10_thr10/checkpoints/trial_120_040082f17c.pt,results/grid_searches/grid_patchtst_raw_autoLargest_L30_h10_thr10,144.29865854233503,False,cuda:1,
trial_124_3935ecd318,complete,raw,4,2,32,4,3,0.0,0.0003,0.0,1,1.7153994881754293,2.7271326494919776,,,results/grid_searches/grid_patchtst_raw_autoLargest_L30_h10_thr10/checkpoints/trial_124_3935ecd318.pt,results/grid_searches/grid_patchtst_raw_autoLargest_L30_h10_thr10/checkpoints/trial_124_3935ecd318.pt,results/grid_searches/grid_patchtst_raw_autoLargest_L30_h10_thr10,44.49881111085415,False,cuda:2,
trial_123_013785d49f,complete,raw,4,2,32,4,3,0.0,0.0001,0.0001,12,1.6310275363365683,2.5174174667015072,,,results/grid_searches/grid_patchtst_raw_autoLargest_L30_h10_thr10/checkpoints/trial_123_013785d49f.pt,results/grid_searches/grid_patchtst_raw_autoLargest_L30_h10_thr10/checkpoints/trial_123_013785d49f.pt,results/grid_searches/grid_patchtst_raw_autoLargest_L30_h10_thr10,80.52643139660358,False,cuda:0,
trial_126_3b2dac6870,complete,raw,4,2,32,4,3,0.0,0.0003,0.0001,1,1.7019955882070514,2.6989912103968923,,,results/grid_searches/grid_patchtst_raw_autoLargest_L30_h10_thr10/checkpoints/trial_126_3b2dac6870.pt,results/grid_searches/grid_patchtst_raw_autoLargest_L30_h10_thr10/checkpoints/trial_126_3b2dac6870.pt,results/grid_searches/grid_patchtst_raw_autoLargest_L30_h10_thr10,45.676283337175846,False,cuda:2,
trial_125_c496e1a42d,complete,raw,4,2,32,4,3,0.0,0.0003,1e-05,22,1.4718144484383018,2.2981767580797676,,,results/grid_searches/grid_patchtst_raw_autoLargest_L30_h10_thr10/checkpoints/trial_125_c496e1a42d.pt,results/grid_searches/grid_patchtst_raw_autoLargest_L30_h10_thr10/checkpoints/trial_125_c496e1a42d.pt,results/grid_searches/grid_patchtst_raw_autoLargest_L30_h10_thr10,108.06109304353595,False,cuda:1,
trial_129_d1b2fe6113,complete,raw,4,2,32,4,3,0.0,0.0005,0.0001,5,1.6448123672878063,2.5358836947205567,,,results/grid_searches/grid_patchtst_raw_autoLargest_L30_h10_thr10/checkpoints/trial_129_d1b2fe6113.pt,results/grid_searches/grid_patchtst_raw_autoLargest_L30_h10_thr10/checkpoints/trial_129_d1b2fe6113.pt,results/grid_searches/grid_patchtst_raw_autoLargest_L30_h10_thr10,58.14755808189511,False,cuda:1,
trial_128_f041aed97f,complete,raw,4,2,32,4,3,0.0,0.0005,1e-05,23,1.4804036082053864,2.279522233332068,,,results/grid_searches/grid_patchtst_raw_autoLargest_L30_h10_thr10/checkpoints/trial_128_f041aed97f.pt,results/grid_searches/grid_patchtst_raw_autoLargest_L30_h10_thr10/checkpoints/trial_128_f041aed97f.pt,results/grid_searches/grid_patchtst_raw_autoLargest_L30_h10_thr10,105.45804261416197,False,cuda:2,
trial_127_998746789f,complete,raw,4,2,32,4,3,0.0,0.0005,0.0,35,1.4553210035239972,2.2272417322612235,,,results/grid_searches/grid_patchtst_raw_autoLargest_L30_h10_thr10/checkpoints/trial_127_998746789f.pt,results/grid_searches/grid_patchtst_raw_autoLargest_L30_h10_thr10/checkpoints/trial_127_998746789f.pt,results/grid_searches/grid_patchtst_raw_autoLargest_L30_h10_thr10,142.76165663450956,False,cuda:0,
trial_130_a31e7faa0c,complete,raw,4,2,32,4,3,0.0,0.001,0.0,19,1.5015475010277728,2.3307334806360345,,,results/grid_searches/grid_patchtst_raw_autoLargest_L30_h10_thr10/checkpoints/trial_130_a31e7faa0c.pt,results/grid_searches/grid_patchtst_raw_autoLargest_L30_h10_thr10/checkpoints/trial_130_a31e7faa0c.pt,results/grid_searches/grid_patchtst_raw_autoLargest_L30_h10_thr10,86.42565273866057,False,cuda:1,
trial_131_9cc248a65e,complete,raw,4,2,32,4,3,0.0,0.001,1e-05,19,1.4636651012386326,2.234485141602574,,,results/grid_searches/grid_patchtst_raw_autoLargest_L30_h10_thr10/checkpoints/trial_131_9cc248a65e.pt,results/grid_searches/grid_patchtst_raw_autoLargest_L30_h10_thr10/checkpoints/trial_131_9cc248a65e.pt,results/grid_searches/grid_patchtst_raw_autoLargest_L30_h10_thr10,81.42905068024993,False,cuda:2,
trial_133_73ed13306b,complete,raw,4,2,32,4,3,0.1,0.0001,0.0,2,1.6801618805841272,2.5782327745255187,,,results/grid_searches/grid_patchtst_raw_autoLargest_L30_h10_thr10/checkpoints/trial_133_73ed13306b.pt,results/grid_searches/grid_patchtst_raw_autoLargest_L30_h10_thr10/checkpoints/trial_133_73ed13306b.pt,results/grid_searches/grid_patchtst_raw_autoLargest_L30_h10_thr10,39.91328999400139,False,cuda:1,
trial_134_0cb272fb44,complete,raw,4,2,32,4,3,0.1,0.0001,1e-05,2,1.680244739710153,2.578397432632565,,,results/grid_searches/grid_patchtst_raw_autoLargest_L30_h10_thr10/checkpoints/trial_134_0cb272fb44.pt,results/grid_searches/grid_patchtst_raw_autoLargest_L30_h10_thr10/checkpoints/trial_134_0cb272fb44.pt,results/grid_searches/grid_patchtst_raw_autoLargest_L30_h10_thr10,38.264546163380146,False,cuda:2,
trial_132_7e0149fc62,complete,raw,4,2,32,4,3,0.0,0.001,0.0001,35,1.5483984290676405,2.537627609191669,,,results/grid_searches/grid_patchtst_raw_autoLargest_L30_h10_thr10/checkpoints/trial_132_7e0149fc62.pt,results/grid_searches/grid_patchtst_raw_autoLargest_L30_h10_thr10/checkpoints/trial_132_7e0149fc62.pt,results/grid_searches/grid_patchtst_raw_autoLargest_L30_h10_thr10,118.5496214069426,False,cuda:0,
trial_135_76bb9f5ca5,complete,raw,4,2,32,4,3,0.1,0.0001,0.0001,2,1.6809284718714277,2.5796898671620023,,,results/grid_searches/grid_patchtst_raw_autoLargest_L30_h10_thr10/checkpoints/trial_135_76bb9f5ca5.pt,results/grid_searches/grid_patchtst_raw_autoLargest_L30_h10_thr10/checkpoints/trial_135_76bb9f5ca5.pt,results/grid_searches/grid_patchtst_raw_autoLargest_L30_h10_thr10,40.92271750047803,False,cuda:1,
trial_136_a6a2bebe32,complete,raw,4,2,32,4,3,0.1,0.0003,0.0,1,1.7513649993669242,2.7931649562442202,,,results/grid_searches/grid_patchtst_raw_autoLargest_L30_h10_thr10/checkpoints/trial_136_a6a2bebe32.pt,results/grid_searches/grid_patchtst_raw_autoLargest_L30_h10_thr10/checkpoints/trial_136_a6a2bebe32.pt,results/grid_searches/grid_patchtst_raw_autoLargest_L30_h10_thr10,37.41105695068836,False,cuda:2,
trial_137_a5eee9e781,complete,raw,4,2,32,4,3,0.1,0.0003,1e-05,1,1.7514471005728538,2.7935593465422888,,,results/grid_searches/grid_patchtst_raw_autoLargest_L30_h10_thr10/checkpoints/trial_137_a5eee9e781.pt,results/grid_searches/grid_patchtst_raw_autoLargest_L30_h10_thr10/checkpoints/trial_137_a5eee9e781.pt,results/grid_searches/grid_patchtst_raw_autoLargest_L30_h10_thr10,40.005108423531055,False,cuda:0,
trial_138_ac3dc8a131,complete,raw,4,2,32,4,3,0.1,0.0003,0.0001,1,1.7522288043287737,2.795927170537379,,,results/grid_searches/grid_patchtst_raw_autoLargest_L30_h10_thr10/checkpoints/trial_138_ac3dc8a131.pt,results/grid_searches/grid_patchtst_raw_autoLargest_L30_h10_thr10/checkpoints/trial_138_ac3dc8a131.pt,results/grid_searches/grid_patchtst_raw_autoLargest_L30_h10_thr10,44.06977208331227,False,cuda:1,
trial_139_2416e86086,complete,raw,4,2,32,4,3,0.1,0.0005,0.0,28,1.476224143340052,2.2709377655308236,,,results/grid_searches/grid_patchtst_raw_autoLargest_L30_h10_thr10/checkpoints/trial_139_2416e86086.pt,results/grid_searches/grid_patchtst_raw_autoLargest_L30_h10_thr10/checkpoints/trial_139_2416e86086.pt,results/grid_searches/grid_patchtst_raw_autoLargest_L30_h10_thr10,118.15535088256001,False,cuda:2,
trial_140_6f6a1c9afe,complete,raw,4,2,32,4,3,0.1,0.0005,1e-05,29,1.4598963841465833,2.2623687397042174,,,results/grid_searches/grid_patchtst_raw_autoLargest_L30_h10_thr10/checkpoints/trial_140_6f6a1c9afe.pt,results/grid_searches/grid_patchtst_raw_autoLargest_L30_h10_thr10/checkpoints/trial_140_6f6a1c9afe.pt,results/grid_searches/grid_patchtst_raw_autoLargest_L30_h10_thr10,131.023307479918,False,cuda:0,
trial_141_6b29d83a88,complete,raw,4,2,32,4,3,0.1,0.0005,0.0001,40,1.4889878136872114,2.3362745861583014,,,results/grid_searches/grid_patchtst_raw_autoLargest_L30_h10_thr10/checkpoints/trial_141_6b29d83a88.pt,results/grid_searches/grid_patchtst_raw_autoLargest_L30_h10_thr10/checkpoints/trial_141_6b29d83a88.pt,results/grid_searches/grid_patchtst_raw_autoLargest_L30_h10_thr10,165.2991535924375,False,cuda:1,
trial_143_a8312dc8a3,complete,raw,4,2,32,4,3,0.1,0.001,1e-05,6,1.7032695593722635,2.9986689916508595,,,results/grid_searches/grid_patchtst_raw_autoLargest_L30_h10_thr10/checkpoints/trial_143_a8312dc8a3.pt,results/grid_searches/grid_patchtst_raw_autoLargest_L30_h10_thr10/checkpoints/trial_143_a8312dc8a3.pt,results/grid_searches/grid_patchtst_raw_autoLargest_L30_h10_thr10,64.5277562327683,False,cuda:0,
trial_142_9a82d5cc0c,complete,raw,4,2,32,4,3,0.1,0.001,0.0,28,1.4666082324644056,2.3223595532120394,,,results/grid_searches/grid_patchtst_raw_autoLargest_L30_h10_thr10/checkpoints/trial_142_9a82d5cc0c.pt,results/grid_searches/grid_patchtst_raw_autoLargest_L30_h10_thr10/checkpoints/trial_142_9a82d5cc0c.pt,results/grid_searches/grid_patchtst_raw_autoLargest_L30_h10_thr10,125.97958519309759,False,cuda:2,
trial_145_f6ebeb3398,complete,raw,4,2,64,2,1,0.0,0.0001,0.0,52,1.4766704235923818,2.214791979027676,,,results/grid_searches/grid_patchtst_raw_autoLargest_L30_h10_thr10/checkpoints/trial_145_f6ebeb3398.pt,results/grid_searches/grid_patchtst_raw_autoLargest_L30_h10_thr10/checkpoints/trial_145_f6ebeb3398.pt,results/grid_searches/grid_patchtst_raw_autoLargest_L30_h10_thr10,93.13048380985856,False,cuda:0,
trial_146_f02079091f,complete,raw,4,2,64,2,1,0.0,0.0001,1e-05,31,1.4817030111719158,2.232770513523224,,,results/grid_searches/grid_patchtst_raw_autoLargest_L30_h10_thr10/checkpoints/trial_146_f02079091f.pt,results/grid_searches/grid_patchtst_raw_autoLargest_L30_h10_thr10/checkpoints/trial_146_f02079091f.pt,results/grid_searches/grid_patchtst_raw_autoLargest_L30_h10_thr10,59.92363363131881,False,cuda:2,
trial_144_50999a3943,complete,raw,4,2,32,4,3,0.1,0.001,0.0001,24,1.5096421147458539,2.3663764218485026,,,results/grid_searches/grid_patchtst_raw_autoLargest_L30_h10_thr10/checkpoints/trial_144_50999a3943.pt,results/grid_searches/grid_patchtst_raw_autoLargest_L30_h10_thr10/checkpoints/trial_144_50999a3943.pt,results/grid_searches/grid_patchtst_raw_autoLargest_L30_h10_thr10,113.23612993583083,False,cuda:1,
trial_148_2e729cfa7d,complete,raw,4,2,64,2,1,0.0,0.0003,0.0,5,1.572418391313168,2.5048878242192916,,,results/grid_searches/grid_patchtst_raw_autoLargest_L30_h10_thr10/checkpoints/trial_148_2e729cfa7d.pt,results/grid_searches/grid_patchtst_raw_autoLargest_L30_h10_thr10/checkpoints/trial_148_2e729cfa7d.pt,results/grid_searches/grid_patchtst_raw_autoLargest_L30_h10_thr10,21.203933279961348,False,cuda:2,
trial_149_16fae4457e,complete,raw,4,2,64,2,1,0.0,0.0003,1e-05,15,1.517083135708412,2.304362882427204,,,results/grid_searches/grid_patchtst_raw_autoLargest_L30_h10_thr10/checkpoints/trial_149_16fae4457e.pt,results/grid_searches/grid_patchtst_raw_autoLargest_L30_h10_thr10/checkpoints/trial_149_16fae4457e.pt,results/grid_searches/grid_patchtst_raw_autoLargest_L30_h10_thr10,37.6271616704762,False,cuda:1,
trial_150_68d6209a4c,complete,raw,4,2,64,2,1,0.0,0.0003,0.0001,22,1.5471957014642561,2.5192136856248273,,,results/grid_searches/grid_patchtst_raw_autoLargest_L30_h10_thr10/checkpoints/trial_150_68d6209a4c.pt,results/grid_searches/grid_patchtst_raw_autoLargest_L30_h10_thr10/checkpoints/trial_150_68d6209a4c.pt,results/grid_searches/grid_patchtst_raw_autoLargest_L30_h10_thr10,38.11308468133211,False,cuda:2,
trial_147_7f6cde1986,complete,raw,4,2,64,2,1,0.0,0.0001,0.0001,80,1.494871805171612,2.1925970460235455,,,results/grid_searches/grid_patchtst_raw_autoLargest_L30_h10_thr10/checkpoints/trial_147_7f6cde1986.pt,results/grid_searches/grid_patchtst_raw_autoLargest_L30_h10_thr10/checkpoints/trial_147_7f6cde1986.pt,results/grid_searches/grid_patchtst_raw_autoLargest_L30_h10_thr10,101.65304956585169,False,cuda:0,
trial_152_b04957fb66,complete,raw,4,2,64,2,1,0.0,0.0005,1e-05,29,1.490410884457487,2.3886946275643752,,,results/grid_searches/grid_patchtst_raw_autoLargest_L30_h10_thr10/checkpoints/trial_152_b04957fb66.pt,results/grid_searches/grid_patchtst_raw_autoLargest_L30_h10_thr10/checkpoints/trial_152_b04957fb66.pt,results/grid_searches/grid_patchtst_raw_autoLargest_L30_h10_thr10,43.46383588388562,False,cuda:2,
trial_151_1ac42a61f3,complete,raw,4,2,64,2,1,0.0,0.0005,0.0,29,1.4759335700158454,2.368398314872736,,,results/grid_searches/grid_patchtst_raw_autoLargest_L30_h10_thr10/checkpoints/trial_151_1ac42a61f3.pt,results/grid_searches/grid_patchtst_raw_autoLargest_L30_h10_thr10/checkpoints/trial_151_1ac42a61f3.pt,results/grid_searches/grid_patchtst_raw_autoLargest_L30_h10_thr10,54.114786364138126,False,cuda:1,
trial_154_d70858a28b,complete,raw,4,2,64,2,1,0.0,0.001,0.0,15,1.5054064187758802,2.256555775738667,,,results/grid_searches/grid_patchtst_raw_autoLargest_L30_h10_thr10/checkpoints/trial_154_d70858a28b.pt,results/grid_searches/grid_patchtst_raw_autoLargest_L30_h10_thr10/checkpoints/trial_154_d70858a28b.pt,results/grid_searches/grid_patchtst_raw_autoLargest_L30_h10_thr10,29.582684859633446,False,cuda:2,
trial_153_74b29ec720,complete,raw,4,2,64,2,1,0.0,0.0005,0.0001,22,1.4579324065705266,2.3625296881498614,,,results/grid_searches/grid_patchtst_raw_autoLargest_L30_h10_thr10/checkpoints/trial_153_74b29ec720.pt,results/grid_searches/grid_patchtst_raw_autoLargest_L30_h10_thr10/checkpoints/trial_153_74b29ec720.pt,results/grid_searches/grid_patchtst_raw_autoLargest_L30_h10_thr10,39.893397748470306,False,cuda:0,
trial_156_847be59d56,complete,raw,4,2,64,2,1,0.0,0.001,0.0001,5,1.758096186044284,2.758229632956062,,,results/grid_searches/grid_patchtst_raw_autoLargest_L30_h10_thr10/checkpoints/trial_156_847be59d56.pt,results/grid_searches/grid_patchtst_raw_autoLargest_L30_h10_thr10/checkpoints/trial_156_847be59d56.pt,results/grid_searches/grid_patchtst_raw_autoLargest_L30_h10_thr10,18.78285039961338,False,cuda:2,
trial_157_23d121d702,complete,raw,4,2,64,2,1,0.1,0.0001,0.0,1,1.8943138004113225,2.545340184898935,,,results/grid_searches/grid_patchtst_raw_autoLargest_L30_h10_thr10/checkpoints/trial_157_23d121d702.pt,results/grid_searches/grid_patchtst_raw_autoLargest_L30_h10_thr10/checkpoints/trial_157_23d121d702.pt,results/grid_searches/grid_patchtst_raw_autoLargest_L30_h10_thr10,22.774258319288492,False,cuda:0,
trial_155_ef10217784,complete,raw,4,2,64,2,1,0.0,0.001,1e-05,28,1.5027947703324542,2.188092280799094,,,results/grid_searches/grid_patchtst_raw_autoLargest_L30_h10_thr10/checkpoints/trial_155_ef10217784.pt,results/grid_searches/grid_patchtst_raw_autoLargest_L30_h10_thr10/checkpoints/trial_155_ef10217784.pt,results/grid_searches/grid_patchtst_raw_autoLargest_L30_h10_thr10,61.389429576694965,False,cuda:1,
trial_158_501b132255,complete,raw,4,2,64,2,1,0.1,0.0001,1e-05,1,1.8990739805496568,2.5393259250893037,,,results/grid_searches/grid_patchtst_raw_autoLargest_L30_h10_thr10/checkpoints/trial_158_501b132255.pt,results/grid_searches/grid_patchtst_raw_autoLargest_L30_h10_thr10/checkpoints/trial_158_501b132255.pt,results/grid_searches/grid_patchtst_raw_autoLargest_L30_h10_thr10,17.53846887871623,False,cuda:2,
trial_159_72d134b373,complete,raw,4,2,64,2,1,0.1,0.0001,0.0001,1,1.894841221202212,2.546452346834155,,,results/grid_searches/grid_patchtst_raw_autoLargest_L30_h10_thr10/checkpoints/trial_159_72d134b373.pt,results/grid_searches/grid_patchtst_raw_autoLargest_L30_h10_thr10/checkpoints/trial_159_72d134b373.pt,results/grid_searches/grid_patchtst_raw_autoLargest_L30_h10_thr10,22.25488944724202,False,cuda:0,
trial_160_bed64341a0,complete,raw,4,2,64,2,1,0.1,0.0003,0.0,1,1.9507487069030256,3.109060414474558,,,results/grid_searches/grid_patchtst_raw_autoLargest_L30_h10_thr10/checkpoints/trial_160_bed64341a0.pt,results/grid_searches/grid_patchtst_raw_autoLargest_L30_h10_thr10/checkpoints/trial_160_bed64341a0.pt,results/grid_searches/grid_patchtst_raw_autoLargest_L30_h10_thr10,22.87285489216447,False,cuda:1,
trial_163_b0f2f721ae,complete,raw,4,2,64,2,1,0.1,0.0005,0.0,1,2.088321880963793,3.4313388964783083,,,results/grid_searches/grid_patchtst_raw_autoLargest_L30_h10_thr10/checkpoints/trial_163_b0f2f721ae.pt,results/grid_searches/grid_patchtst_raw_autoLargest_L30_h10_thr10/checkpoints/trial_163_b0f2f721ae.pt,results/grid_searches/grid_patchtst_raw_autoLargest_L30_h10_thr10,22.77782892808318,False,cuda:1,
trial_161_c8713c021e,complete,raw,4,2,64,2,1,0.1,0.0003,1e-05,31,1.468733957002906,2.489815497111756,,,results/grid_searches/grid_patchtst_raw_autoLargest_L30_h10_thr10/checkpoints/trial_161_c8713c021e.pt,results/grid_searches/grid_patchtst_raw_autoLargest_L30_h10_thr10/checkpoints/trial_161_c8713c021e.pt,results/grid_searches/grid_patchtst_raw_autoLargest_L30_h10_thr10,47.90695522725582,False,cuda:2,
trial_162_0efdcadc0a,complete,raw,4,2,64,2,1,0.1,0.0003,0.0001,10,1.628061914505272,2.7021589288162793,,,results/grid_searches/grid_patchtst_raw_autoLargest_L30_h10_thr10/checkpoints/trial_162_0efdcadc0a.pt,results/grid_searches/grid_patchtst_raw_autoLargest_L30_h10_thr10/checkpoints/trial_162_0efdcadc0a.pt,results/grid_searches/grid_patchtst_raw_autoLargest_L30_h10_thr10,35.12382132187486,False,cuda:0,
trial_166_007d32d814,complete,raw,4,2,64,2,1,0.1,0.001,0.0,9,1.5823395499483317,2.4899569807174595,,,results/grid_searches/grid_patchtst_raw_autoLargest_L30_h10_thr10/checkpoints/trial_166_007d32d814.pt,results/grid_searches/grid_patchtst_raw_autoLargest_L30_h10_thr10/checkpoints/trial_166_007d32d814.pt,results/grid_searches/grid_patchtst_raw_autoLargest_L30_h10_thr10,34.69702722504735,False,cuda:0,
trial_164_a64fa32d32,complete,raw,4,2,64,2,1,0.1,0.0005,1e-05,22,1.8173640751678355,3.1747308920512327,,,results/grid_searches/grid_patchtst_raw_autoLargest_L30_h10_thr10/checkpoints/trial_164_a64fa32d32.pt,results/grid_searches/grid_patchtst_raw_autoLargest_L30_h10_thr10/checkpoints/trial_164_a64fa32d32.pt,results/grid_searches/grid_patchtst_raw_autoLargest_L30_h10_thr10,52.4348306953907,False,cuda:1,
trial_165_ce5de8cf52,complete,raw,4,2,64,2,1,0.1,0.0005,0.0001,59,1.665244787399056,2.9597071993892166,,,results/grid_searches/grid_patchtst_raw_autoLargest_L30_h10_thr10/checkpoints/trial_165_ce5de8cf52.pt,results/grid_searches/grid_patchtst_raw_autoLargest_L30_h10_thr10/checkpoints/trial_165_ce5de8cf52.pt,results/grid_searches/grid_patchtst_raw_autoLargest_L30_h10_thr10,80.01110296323895,False,cuda:2,
trial_167_88fd448a8a,complete,raw,4,2,64,2,1,0.1,0.001,1e-05,22,1.4607180529078352,2.3051800115920384,,,results/grid_searches/grid_patchtst_raw_autoLargest_L30_h10_thr10/checkpoints/trial_167_88fd448a8a.pt,results/grid_searches/grid_patchtst_raw_autoLargest_L30_h10_thr10/checkpoints/trial_167_88fd448a8a.pt,results/grid_searches/grid_patchtst_raw_autoLargest_L30_h10_thr10,50.20676924660802,False,cuda:0,
trial_168_94737473fb,complete,raw,4,2,64,2,1,0.1,0.001,0.0001,37,1.4506738829659886,2.325887409349971,,,results/grid_searches/grid_patchtst_raw_autoLargest_L30_h10_thr10/checkpoints/trial_168_94737473fb.pt,results/grid_searches/grid_patchtst_raw_autoLargest_L30_h10_thr10/checkpoints/trial_168_94737473fb.pt,results/grid_searches/grid_patchtst_raw_autoLargest_L30_h10_thr10,75.97425384819508,False,cuda:1,
trial_169_bcce2ec6ff,complete,raw,4,2,64,2,2,0.0,0.0001,0.0,29,1.4756393988156997,2.2836287194314995,,,results/grid_searches/grid_patchtst_raw_autoLargest_L30_h10_thr10/checkpoints/trial_169_bcce2ec6ff.pt,results/grid_searches/grid_patchtst_raw_autoLargest_L30_h10_thr10/checkpoints/trial_169_bcce2ec6ff.pt,results/grid_searches/grid_patchtst_raw_autoLargest_L30_h10_thr10,87.9401959553361,False,cuda:2,
trial_170_a9be7eea17,complete,raw,4,2,64,2,2,0.0,0.0001,1e-05,29,1.4931527995054104,2.2666020877194217,,,results/grid_searches/grid_patchtst_raw_autoLargest_L30_h10_thr10/checkpoints/trial_170_a9be7eea17.pt,results/grid_searches/grid_patchtst_raw_autoLargest_L30_h10_thr10/checkpoints/trial_170_a9be7eea17.pt,results/grid_searches/grid_patchtst_raw_autoLargest_L30_h10_thr10,93.24224754050374,False,cuda:0,
trial_171_611bb0eef3,complete,raw,4,2,64,2,2,0.0,0.0001,0.0001,27,1.4526677431986679,2.2644883797380766,,,results/grid_searches/grid_patchtst_raw_autoLargest_L30_h10_thr10/checkpoints/trial_171_611bb0eef3.pt,results/grid_searches/grid_patchtst_raw_autoLargest_L30_h10_thr10/checkpoints/trial_171_611bb0eef3.pt,results/grid_searches/grid_patchtst_raw_autoLargest_L30_h10_thr10,82.72270720079541,False,cuda:1,
trial_172_47cc8f9558,complete,raw,4,2,64,2,2,0.0,0.0003,0.0,29,1.475270445377955,2.1838288141322324,,,results/grid_searches/grid_patchtst_raw_autoLargest_L30_h10_thr10/checkpoints/trial_172_47cc8f9558.pt,results/grid_searches/grid_patchtst_raw_autoLargest_L30_h10_thr10/checkpoints/trial_172_47cc8f9558.pt,results/grid_searches/grid_patchtst_raw_autoLargest_L30_h10_thr10,85.79279485344887,False,cuda:2,
trial_174_9b6f0fd4b3,complete,raw,4,2,64,2,2,0.0,0.0003,0.0001,20,1.4780563060854432,2.257082323215535,,,results/grid_searches/grid_patchtst_raw_autoLargest_L30_h10_thr10/checkpoints/trial_174_9b6f0fd4b3.pt,results/grid_searches/grid_patchtst_raw_autoLargest_L30_h10_thr10/checkpoints/trial_174_9b6f0fd4b3.pt,results/grid_searches/grid_patchtst_raw_autoLargest_L30_h10_thr10,52.101985055953264,False,cuda:1,
trial_173_8b6e6436c1,complete,raw,4,2,64,2,2,0.0,0.0003,1e-05,28,1.4640521591314692,2.202127517058225,,,results/grid_searches/grid_patchtst_raw_autoLargest_L30_h10_thr10/checkpoints/trial_173_8b6e6436c1.pt,results/grid_searches/grid_patchtst_raw_autoLargest_L30_h10_thr10/checkpoints/trial_173_8b6e6436c1.pt,results/grid_searches/grid_patchtst_raw_autoLargest_L30_h10_thr10,87.36046542972326,False,cuda:0,
trial_175_c4d79bbb08,complete,raw,4,2,64,2,2,0.0,0.0005,0.0,22,1.4627787083623154,2.343507482007356,,,results/grid_searches/grid_patchtst_raw_autoLargest_L30_h10_thr10/checkpoints/trial_175_c4d79bbb08.pt,results/grid_searches/grid_patchtst_raw_autoLargest_L30_h10_thr10/checkpoints/trial_175_c4d79bbb08.pt,results/grid_searches/grid_patchtst_raw_autoLargest_L30_h10_thr10,60.774481892585754,False,cuda:2,
trial_176_56d11bf16e,complete,raw,4,2,64,2,2,0.0,0.0005,1e-05,33,1.5319185654837875,2.435665872231538,,,results/grid_searches/grid_patchtst_raw_autoLargest_L30_h10_thr10/checkpoints/trial_176_56d11bf16e.pt,results/grid_searches/grid_patchtst_raw_autoLargest_L30_h10_thr10/checkpoints/trial_176_56d11bf16e.pt,results/grid_searches/grid_patchtst_raw_autoLargest_L30_h10_thr10,76.78817727789283,False,cuda:1,
trial_177_0758949c5e,complete,raw,4,2,64,2,2,0.0,0.0005,0.0001,27,1.5322370174094515,2.4546323891936024,,,results/grid_searches/grid_patchtst_raw_autoLargest_L30_h10_thr10/checkpoints/trial_177_0758949c5e.pt,results/grid_searches/grid_patchtst_raw_autoLargest_L30_h10_thr10/checkpoints/trial_177_0758949c5e.pt,results/grid_searches/grid_patchtst_raw_autoLargest_L30_h10_thr10,78.68573839589953,False,cuda:0,
trial_178_458b6a9856,complete,raw,4,2,64,2,2,0.0,0.001,0.0,22,1.5972431235911349,2.7016371489863054,,,results/grid_searches/grid_patchtst_raw_autoLargest_L30_h10_thr10/checkpoints/trial_178_458b6a9856.pt,results/grid_searches/grid_patchtst_raw_autoLargest_L30_h10_thr10/checkpoints/trial_178_458b6a9856.pt,results/grid_searches/grid_patchtst_raw_autoLargest_L30_h10_thr10,72.80318949744105,False,cuda:2,
trial_179_44915d9f82,complete,raw,4,2,64,2,2,0.0,0.001,1e-05,27,1.4204335793833944,2.1615233500608086,,,results/grid_searches/grid_patchtst_raw_autoLargest_L30_h10_thr10/checkpoints/trial_179_44915d9f82.pt,results/grid_searches/grid_patchtst_raw_autoLargest_L30_h10_thr10/checkpoints/trial_179_44915d9f82.pt,results/grid_searches/grid_patchtst_raw_autoLargest_L30_h10_thr10,61.223482731729746,False,cuda:1,
trial_182_893a333ffe,complete,raw,4,2,64,2,2,0.1,0.0001,1e-05,1,1.7477719014435653,2.638547647245434,,,results/grid_searches/grid_patchtst_raw_autoLargest_L30_h10_thr10/checkpoints/trial_182_893a333ffe.pt,results/grid_searches/grid_patchtst_raw_autoLargest_L30_h10_thr10/checkpoints/trial_182_893a333ffe.pt,results/grid_searches/grid_patchtst_raw_autoLargest_L30_h10_thr10,24.37953933700919,False,cuda:1,
trial_181_c095198827,complete,raw,4,2,64,2,2,0.1,0.0001,0.0,1,1.7395362287368095,2.6300350063345905,,,results/grid_searches/grid_patchtst_raw_autoLargest_L30_h10_thr10/checkpoints/trial_181_c095198827.pt,results/grid_searches/grid_patchtst_raw_autoLargest_L30_h10_thr10/checkpoints/trial_181_c095198827.pt,results/grid_searches/grid_patchtst_raw_autoLargest_L30_h10_thr10,32.96321778744459,False,cuda:2,
trial_180_a007cb7504,complete,raw,4,2,64,2,2,0.0,0.001,0.0001,28,1.5105601710165981,2.2938599562144995,,,results/grid_searches/grid_patchtst_raw_autoLargest_L30_h10_thr10/checkpoints/trial_180_a007cb7504.pt,results/grid_searches/grid_patchtst_raw_autoLargest_L30_h10_thr10/checkpoints/trial_180_a007cb7504.pt,results/grid_searches/grid_patchtst_raw_autoLargest_L30_h10_thr10,90.89590919390321,False,cuda:0,
trial_183_0bc2650bea,complete,raw,4,2,64,2,2,0.1,0.0001,0.0001,1,1.7473734153685738,2.638946897042816,,,results/grid_searches/grid_patchtst_raw_autoLargest_L30_h10_thr10/checkpoints/trial_183_0bc2650bea.pt,results/grid_searches/grid_patchtst_raw_autoLargest_L30_h10_thr10/checkpoints/trial_183_0bc2650bea.pt,results/grid_searches/grid_patchtst_raw_autoLargest_L30_h10_thr10,26.02879946678877,False,cuda:1,
trial_185_a2a97aa032,complete,raw,4,2,64,2,2,0.1,0.0003,1e-05,1,1.8893600544153089,3.1495005372946574,,,results/grid_searches/grid_patchtst_raw_autoLargest_L30_h10_thr10/checkpoints/trial_185_a2a97aa032.pt,results/grid_searches/grid_patchtst_raw_autoLargest_L30_h10_thr10/checkpoints/trial_185_a2a97aa032.pt,results/grid_searches/grid_patchtst_raw_autoLargest_L30_h10_thr10,26.582332219928503,False,cuda:0,
trial_186_c5cc643a01,complete,raw,4,2,64,2,2,0.1,0.0003,0.0001,1,1.8665831380637503,3.096190867508108,,,results/grid_searches/grid_patchtst_raw_autoLargest_L30_h10_thr10/checkpoints/trial_186_c5cc643a01.pt,results/grid_searches/grid_patchtst_raw_autoLargest_L30_h10_thr10/checkpoints/trial_186_c5cc643a01.pt,results/grid_searches/grid_patchtst_raw_autoLargest_L30_h10_thr10,30.365164939314127,False,cuda:1,
trial_184_99a07e9ca8,complete,raw,4,2,64,2,2,0.1,0.0003,0.0,37,1.4503840888951776,2.277538774049424,,,results/grid_searches/grid_patchtst_raw_autoLargest_L30_h10_thr10/checkpoints/trial_184_99a07e9ca8.pt,results/grid_searches/grid_patchtst_raw_autoLargest_L30_h10_thr10/checkpoints/trial_184_99a07e9ca8.pt,results/grid_searches/grid_patchtst_raw_autoLargest_L30_h10_thr10,97.0342157818377,False,cuda:2,
trial_189_009ce64fee,complete,raw,4,2,64,2,2,0.1,0.0005,0.0001,1,2.1169515956576346,3.6864996355937074,,,results/grid_searches/grid_patchtst_raw_autoLargest_L30_h10_thr10/checkpoints/trial_189_009ce64fee.pt,results/grid_searches/grid_patchtst_raw_autoLargest_L30_h10_thr10/checkpoints/trial_189_009ce64fee.pt,results/grid_searches/grid_patchtst_raw_autoLargest_L30_h10_thr10,35.14160269498825,False,cuda:2,
trial_188_b9f3c2e620,complete,raw,4,2,64,2,2,0.1,0.0005,1e-05,28,1.6928649095200663,2.839003889906607,,,results/grid_searches/grid_patchtst_raw_autoLargest_L30_h10_thr10/checkpoints/trial_188_b9f3c2e620.pt,results/grid_searches/grid_patchtst_raw_autoLargest_L30_h10_thr10/checkpoints/trial_188_b9f3c2e620.pt,results/grid_searches/grid_patchtst_raw_autoLargest_L30_h10_thr10,76.83234341070056,False,cuda:1,
trial_187_b810913f97,complete,raw,4,2,64,2,2,0.1,0.0005,0.0,27,1.5912513823081045,2.669900131996937,,,results/grid_searches/grid_patchtst_raw_autoLargest_L30_h10_thr10/checkpoints/trial_187_b810913f97.pt,results/grid_searches/grid_patchtst_raw_autoLargest_L30_h10_thr10/checkpoints/trial_187_b810913f97.pt,results/grid_searches/grid_patchtst_raw_autoLargest_L30_h10_thr10,89.90608996152878,False,cuda:0,
trial_190_7b4386016f,complete,raw,4,2,64,2,2,0.1,0.001,0.0,26,1.434989816383282,2.314473500612268,,,results/grid_searches/grid_patchtst_raw_autoLargest_L30_h10_thr10/checkpoints/trial_190_7b4386016f.pt,results/grid_searches/grid_patchtst_raw_autoLargest_L30_h10_thr10/checkpoints/trial_190_7b4386016f.pt,results/grid_searches/grid_patchtst_raw_autoLargest_L30_h10_thr10,77.68986230716109,False,cuda:2,
trial_192_4f8a28ba3e,complete,raw,4,2,64,2,2,0.1,0.001,0.0001,28,1.6465851776594225,2.651982309805424,,,results/grid_searches/grid_patchtst_raw_autoLargest_L30_h10_thr10/checkpoints/trial_192_4f8a28ba3e.pt,results/grid_searches/grid_patchtst_raw_autoLargest_L30_h10_thr10/checkpoints/trial_192_4f8a28ba3e.pt,results/grid_searches/grid_patchtst_raw_autoLargest_L30_h10_thr10,84.54644371196628,False,cuda:0,
trial_191_6b0bce1ef5,complete,raw,4,2,64,2,2,0.1,0.001,1e-05,35,1.6026752095146082,2.6473992766750403,,,results/grid_searches/grid_patchtst_raw_autoLargest_L30_h10_thr10/checkpoints/trial_191_6b0bce1ef5.pt,results/grid_searches/grid_patchtst_raw_autoLargest_L30_h10_thr10/checkpoints/trial_191_6b0bce1ef5.pt,results/grid_searches/grid_patchtst_raw_autoLargest_L30_h10_thr10,106.44064517319202,False,cuda:1,
trial_194_d94be584d8,complete,raw,4,2,64,2,3,0.0,0.0001,1e-05,1,1.7467304979519376,2.5107725426840988,,,results/grid_searches/grid_patchtst_raw_autoLargest_L30_h10_thr10/checkpoints/trial_194_d94be584d8.pt,results/grid_searches/grid_patchtst_raw_autoLargest_L30_h10_thr10/checkpoints/trial_194_d94be584d8.pt,results/grid_searches/grid_patchtst_raw_autoLargest_L30_h10_thr10,33.705544516444206,False,cuda:0,
trial_195_63a7c4d09a,complete,raw,4,2,64,2,3,0.0,0.0001,0.0001,1,1.7483667437156922,2.511749178614605,,,results/grid_searches/grid_patchtst_raw_autoLargest_L30_h10_thr10/checkpoints/trial_195_63a7c4d09a.pt,results/grid_searches/grid_patchtst_raw_autoLargest_L30_h10_thr10/checkpoints/trial_195_63a7c4d09a.pt,results/grid_searches/grid_patchtst_raw_autoLargest_L30_h10_thr10,41.537444572895765,False,cuda:1,
trial_196_9ce440e0c9,complete,raw,4,2,64,2,3,0.0,0.0003,0.0,1,1.861227559398011,3.021155649839994,,,results/grid_searches/grid_patchtst_raw_autoLargest_L30_h10_thr10/checkpoints/trial_196_9ce440e0c9.pt,results/grid_searches/grid_patchtst_raw_autoLargest_L30_h10_thr10/checkpoints/trial_196_9ce440e0c9.pt,results/grid_searches/grid_patchtst_raw_autoLargest_L30_h10_thr10,32.59010732918978,False,cuda:0,
trial_193_b78f6433c6,complete,raw,4,2,64,2,3,0.0,0.0001,0.0,27,1.4352284961118351,2.1218729483631984,,,results/grid_searches/grid_patchtst_raw_autoLargest_L30_h10_thr10/checkpoints/trial_193_b78f6433c6.pt,results/grid_searches/grid_patchtst_raw_autoLargest_L30_h10_thr10/checkpoints/trial_193_b78f6433c6.pt,results/grid_searches/grid_patchtst_raw_autoLargest_L30_h10_thr10,83.32485948503017,False,cuda:2,
trial_199_99391e29f5,complete,raw,4,2,64,2,3,0.0,0.0005,0.0,24,1.4415799248605212,2.2148311996530947,,,results/grid_searches/grid_patchtst_raw_autoLargest_L30_h10_thr10/checkpoints/trial_199_99391e29f5.pt,results/grid_searches/grid_patchtst_raw_autoLargest_L30_h10_thr10/checkpoints/trial_199_99391e29f5.pt,results/grid_searches/grid_patchtst_raw_autoLargest_L30_h10_thr10,76.26005331426859,False,cuda:2,
trial_198_da2f96e352,complete,raw,4,2,64,2,3,0.0,0.0003,0.0001,29,1.5207871927500147,2.5519364372868383,,,results/grid_searches/grid_patchtst_raw_autoLargest_L30_h10_thr10/checkpoints/trial_198_da2f96e352.pt,results/grid_searches/grid_patchtst_raw_autoLargest_L30_h10_thr10/checkpoints/trial_198_da2f96e352.pt,results/grid_searches/grid_patchtst_raw_autoLargest_L30_h10_thr10,93.48639703169465,False,cuda:0,
trial_197_6bfae7e56a,complete,raw,4,2,64,2,3,0.0,0.0003,1e-05,28,1.4910264840278822,2.385318191161239,,,results/grid_searches/grid_patchtst_raw_autoLargest_L30_h10_thr10/checkpoints/trial_197_6bfae7e56a.pt,results/grid_searches/grid_patchtst_raw_autoLargest_L30_h10_thr10/checkpoints/trial_197_6bfae7e56a.pt,results/grid_searches/grid_patchtst_raw_autoLargest_L30_h10_thr10,116.17820101231337,False,cuda:1,
trial_200_b423812dac,complete,raw,4,2,64,2,3,0.0,0.0005,1e-05,28,1.5014601352178976,2.2463732339634035,,,results/grid_searches/grid_patchtst_raw_autoLargest_L30_h10_thr10/checkpoints/trial_200_b423812dac.pt,results/grid_searches/grid_patchtst_raw_autoLargest_L30_h10_thr10/checkpoints/trial_200_b423812dac.pt,results/grid_searches/grid_patchtst_raw_autoLargest_L30_h10_thr10,87.07799830660224,False,cuda:2,
trial_202_dcee48820f,complete,raw,4,2,64,2,3,0.0,0.001,0.0,29,1.5502295332548173,2.3367022313562567,,,results/grid_searches/grid_patchtst_raw_autoLargest_L30_h10_thr10/checkpoints/trial_202_dcee48820f.pt,results/grid_searches/grid_patchtst_raw_autoLargest_L30_h10_thr10/checkpoints/trial_202_dcee48820f.pt,results/grid_searches/grid_patchtst_raw_autoLargest_L30_h10_thr10,95.37309664487839,False,cuda:1,
trial_201_427247d245,complete,raw,4,2,64,2,3,0.0,0.0005,0.0001,41,1.445051057935704,2.2007550125810824,,,results/grid_searches/grid_patchtst_raw_autoLargest_L30_h10_thr10/checkpoints/trial_201_427247d245.pt,results/grid_searches/grid_patchtst_raw_autoLargest_L30_h10_thr10/checkpoints/trial_201_427247d245.pt,results/grid_searches/grid_patchtst_raw_autoLargest_L30_h10_thr10,117.10089133307338,False,cuda:0,
trial_205_05935699dc,complete,raw,4,2,64,2,3,0.1,0.0001,0.0,1,1.7624741870853342,2.5175708554709315,,,results/grid_searches/grid_patchtst_raw_autoLargest_L30_h10_thr10/checkpoints/trial_205_05935699dc.pt,results/grid_searches/grid_patchtst_raw_autoLargest_L30_h10_thr10/checkpoints/trial_205_05935699dc.pt,results/grid_searches/grid_patchtst_raw_autoLargest_L30_h10_thr10,47.685960572212934,False,cuda:0,
trial_203_bbf9f69a4e,complete,raw,4,2,64,2,3,0.0,0.001,1e-05,28,1.4826195124291544,2.228106934296094,,,results/grid_searches/grid_patchtst_raw_autoLargest_L30_h10_thr10/checkpoints/trial_203_bbf9f69a4e.pt,results/grid_searches/grid_patchtst_raw_autoLargest_L30_h10_thr10/checkpoints/trial_203_bbf9f69a4e.pt,results/grid_searches/grid_patchtst_raw_autoLargest_L30_h10_thr10,112.3807613812387,False,cuda:2,
trial_206_433930cc8d,complete,raw,4,2,64,2,3,0.1,0.0001,1e-05,1,1.748107116962724,2.510241896811803,,,results/grid_searches/grid_patchtst_raw_autoLargest_L30_h10_thr10/checkpoints/trial_206_433930cc8d.pt,results/grid_searches/grid_patchtst_raw_autoLargest_L30_h10_thr10/checkpoints/trial_206_433930cc8d.pt,results/grid_searches/grid_patchtst_raw_autoLargest_L30_h10_thr10,41.23382571339607,False,cuda:0,
trial_204_ad4073fcef,complete,raw,4,2,64,2,3,0.0,0.001,0.0001,19,1.7382754406531022,3.097686054983121,,,results/grid_searches/grid_patchtst_raw_autoLargest_L30_h10_thr10/checkpoints/trial_204_ad4073fcef.pt,results/grid_searches/grid_patchtst_raw_autoLargest_L30_h10_thr10/checkpoints/trial_204_ad4073fcef.pt,results/grid_searches/grid_patchtst_raw_autoLargest_L30_h10_thr10,91.83972015976906,False,cuda:1,
trial_207_55687f6fdb,complete,raw,4,2,64,2,3,0.1,0.0001,0.0001,1,1.7680652351139845,2.535699490269554,,,results/grid_searches/grid_patchtst_raw_autoLargest_L30_h10_thr10/checkpoints/trial_207_55687f6fdb.pt,results/grid_searches/grid_patchtst_raw_autoLargest_L30_h10_thr10/checkpoints/trial_207_55687f6fdb.pt,results/grid_searches/grid_patchtst_raw_autoLargest_L30_h10_thr10,45.161307375878096,False,cuda:2,
trial_208_c2b8b2a2c7,complete,raw,4,2,64,2,3,0.1,0.0003,0.0,28,1.4671387279269439,2.145956430277379,,,results/grid_searches/grid_patchtst_raw_autoLargest_L30_h10_thr10/checkpoints/trial_208_c2b8b2a2c7.pt,results/grid_searches/grid_patchtst_raw_autoLargest_L30_h10_thr10/checkpoints/trial_208_c2b8b2a2c7.pt,results/grid_searches/grid_patchtst_raw_autoLargest_L30_h10_thr10,94.82874745503068,False,cuda:0,
trial_209_28429f7e7a,complete,raw,4,2,64,2,3,0.1,0.0003,1e-05,29,1.4921427571179369,2.3596170117349633,,,results/grid_searches/grid_patchtst_raw_autoLargest_L30_h10_thr10/checkpoints/trial_209_28429f7e7a.pt,results/grid_searches/grid_patchtst_raw_autoLargest_L30_h10_thr10/checkpoints/trial_209_28429f7e7a.pt,results/grid_searches/grid_patchtst_raw_autoLargest_L30_h10_thr10,98.77033500000834,False,cuda:1,
trial_211_62cd790092,complete,raw,4,2,64,2,3,0.1,0.0005,0.0,28,1.445668381830748,2.279604685564565,,,results/grid_searches/grid_patchtst_raw_autoLargest_L30_h10_thr10/checkpoints/trial_211_62cd790092.pt,results/grid_searches/grid_patchtst_raw_autoLargest_L30_h10_thr10/checkpoints/trial_211_62cd790092.pt,results/grid_searches/grid_patchtst_raw_autoLargest_L30_h10_thr10,97.88602843135595,False,cuda:0,
trial_212_8442651ad8,complete,raw,4,2,64,2,3,0.1,0.0005,1e-05,28,1.4895135381004383,2.151890137878701,,,results/grid_searches/grid_patchtst_raw_autoLargest_L30_h10_thr10/checkpoints/trial_212_8442651ad8.pt,results/grid_searches/grid_patchtst_raw_autoLargest_L30_h10_thr10/checkpoints/trial_212_8442651ad8.pt,results/grid_searches/grid_patchtst_raw_autoLargest_L30_h10_thr10,100.7044433541596,False,cuda:1,
trial_210_6f2d336867,complete,raw,4,2,64,2,3,0.1,0.0003,0.0001,50,1.5412673718878362,2.4933383405186538,,,results/grid_searches/grid_patchtst_raw_autoLargest_L30_h10_thr10/checkpoints/trial_210_6f2d336867.pt,results/grid_searches/grid_patchtst_raw_autoLargest_L30_h10_thr10/checkpoints/trial_210_6f2d336867.pt,results/grid_searches/grid_patchtst_raw_autoLargest_L30_h10_thr10,172.63813023269176,False,cuda:2,
trial_215_e4ce2ad7bf,complete,raw,4,2,64,2,3,0.1,0.001,1e-05,3,2.0821537023226293,3.441165926998321,,,results/grid_searches/grid_patchtst_raw_autoLargest_L30_h10_thr10/checkpoints/trial_215_e4ce2ad7bf.pt,results/grid_searches/grid_patchtst_raw_autoLargest_L30_h10_thr10/checkpoints/trial_215_e4ce2ad7bf.pt,results/grid_searches/grid_patchtst_raw_autoLargest_L30_h10_thr10,43.163719214499,False,cuda:2,
trial_213_fe74c10cf4,complete,raw,4,2,64,2,3,0.1,0.0005,0.0001,10,1.8787086074271158,3.4240070819097306,,,results/grid_searches/grid_patchtst_raw_autoLargest_L30_h10_thr10/checkpoints/trial_213_fe74c10cf4.pt,results/grid_searches/grid_patchtst_raw_autoLargest_L30_h10_thr10/checkpoints/trial_213_fe74c10cf4.pt,results/grid_searches/grid_patchtst_raw_autoLargest_L30_h10_thr10,62.8942222930491,False,cuda:0,
trial_214_4bd9f4eb2d,complete,raw,4,2,64,2,3,0.1,0.001,0.0,10,1.4888243664301273,2.4208641452751682,,,results/grid_searches/grid_patchtst_raw_autoLargest_L30_h10_thr10/checkpoints/trial_214_4bd9f4eb2d.pt,results/grid_searches/grid_patchtst_raw_autoLargest_L30_h10_thr10/checkpoints/trial_214_4bd9f4eb2d.pt,results/grid_searches/grid_patchtst_raw_autoLargest_L30_h10_thr10,61.82441088557243,False,cuda:1,
trial_217_9de7819f5a,complete,raw,4,2,64,4,1,0.0,0.0001,0.0,13,1.4793206084519626,2.2745101433993984,,,results/grid_searches/grid_patchtst_raw_autoLargest_L30_h10_thr10/checkpoints/trial_217_9de7819f5a.pt,results/grid_searches/grid_patchtst_raw_autoLargest_L30_h10_thr10/checkpoints/trial_217_9de7819f5a.pt,results/grid_searches/grid_patchtst_raw_autoLargest_L30_h10_thr10,31.668778095394373,False,cuda:0,
trial_216_49d5346cdf,complete,raw,4,2,64,2,3,0.1,0.001,0.0001,3,1.902018075582536,2.8977516051852437,,,results/grid_searches/grid_patchtst_raw_autoLargest_L30_h10_thr10/checkpoints/trial_216_49d5346cdf.pt,results/grid_searches/grid_patchtst_raw_autoLargest_L30_h10_thr10/checkpoints/trial_216_49d5346cdf.pt,results/grid_searches/grid_patchtst_raw_autoLargest_L30_h10_thr10,43.11021710932255,False,cuda:2,
trial_218_0995d59ea3,complete,raw,4,2,64,4,1,0.0,0.0001,1e-05,13,1.4744208564477252,2.276846467759951,,,results/grid_searches/grid_patchtst_raw_autoLargest_L30_h10_thr10/checkpoints/trial_218_0995d59ea3.pt,results/grid_searches/grid_patchtst_raw_autoLargest_L30_h10_thr10/checkpoints/trial_218_0995d59ea3.pt,results/grid_searches/grid_patchtst_raw_autoLargest_L30_h10_thr10,32.63852884247899,False,cuda:1,
trial_219_f8681ae2d0,complete,raw,4,2,64,4,1,0.0,0.0001,0.0001,13,1.4863304265725272,2.2622630782775075,,,results/grid_searches/grid_patchtst_raw_autoLargest_L30_h10_thr10/checkpoints/trial_219_f8681ae2d0.pt,results/grid_searches/grid_patchtst_raw_autoLargest_L30_h10_thr10/checkpoints/trial_219_f8681ae2d0.pt,results/grid_searches/grid_patchtst_raw_autoLargest_L30_h10_thr10,30.963760647922754,False,cuda:0,
trial_220_1cc49a18a3,complete,raw,4,2,64,4,1,0.0,0.0003,0.0,22,1.434617551139827,2.127323233592372,,,results/grid_searches/grid_patchtst_raw_autoLargest_L30_h10_thr10/checkpoints/trial_220_1cc49a18a3.pt,results/grid_searches/grid_patchtst_raw_autoLargest_L30_h10_thr10/checkpoints/trial_220_1cc49a18a3.pt,results/grid_searches/grid_patchtst_raw_autoLargest_L30_h10_thr10,41.17217471078038,False,cuda:2,
trial_221_7f0f9aafea,complete,raw,4,2,64,4,1,0.0,0.0003,1e-05,22,1.4492174547844672,2.147742834944245,,,results/grid_searches/grid_patchtst_raw_autoLargest_L30_h10_thr10/checkpoints/trial_221_7f0f9aafea.pt,results/grid_searches/grid_patchtst_raw_autoLargest_L30_h10_thr10/checkpoints/trial_221_7f0f9aafea.pt,results/grid_searches/grid_patchtst_raw_autoLargest_L30_h10_thr10,41.5279825553298,False,cuda:1,
trial_222_79819441e4,complete,raw,4,2,64,4,1,0.0,0.0003,0.0001,24,1.4887174775470284,2.2161656579321543,,,results/grid_searches/grid_patchtst_raw_autoLargest_L30_h10_thr10/checkpoints/trial_222_79819441e4.pt,results/grid_searches/grid_patchtst_raw_autoLargest_L30_h10_thr10/checkpoints/trial_222_79819441e4.pt,results/grid_searches/grid_patchtst_raw_autoLargest_L30_h10_thr10,41.93243424221873,False,cuda:0,
trial_224_e9aa34dc41,complete,raw,4,2,64,4,1,0.0,0.0005,1e-05,14,1.5604106451486108,2.4363457316152557,,,results/grid_searches/grid_patchtst_raw_autoLargest_L30_h10_thr10/checkpoints/trial_224_e9aa34dc41.pt,results/grid_searches/grid_patchtst_raw_autoLargest_L30_h10_thr10/checkpoints/trial_224_e9aa34dc41.pt,results/grid_searches/grid_patchtst_raw_autoLargest_L30_h10_thr10,30.72136176750064,False,cuda:1,
trial_223_fb8e580330,complete,raw,4,2,64,4,1,0.0,0.0005,0.0,35,1.480641493752033,2.176335329612069,,,results/grid_searches/grid_patchtst_raw_autoLargest_L30_h10_thr10/checkpoints/trial_223_fb8e580330.pt,results/grid_searches/grid_patchtst_raw_autoLargest_L30_h10_thr10/checkpoints/trial_223_fb8e580330.pt,results/grid_searches/grid_patchtst_raw_autoLargest_L30_h10_thr10,53.58753503486514,False,cuda:2,
trial_226_3a2eba9b81,complete,raw,4,2,64,4,1,0.0,0.001,0.0,18,1.5820760989809244,2.2325711960796286,,,results/grid_searches/grid_patchtst_raw_autoLargest_L30_h10_thr10/checkpoints/trial_226_3a2eba9b81.pt,results/grid_searches/grid_patchtst_raw_autoLargest_L30_h10_thr10/checkpoints/trial_226_3a2eba9b81.pt,results/grid_searches/grid_patchtst_raw_autoLargest_L30_h10_thr10,32.92409370094538,False,cuda:1,
trial_225_d677ddddac,complete,raw,4,2,64,4,1,0.0,0.0005,0.0001,29,1.4626593399799983,2.1844598686496215,,,results/grid_searches/grid_patchtst_raw_autoLargest_L30_h10_thr10/checkpoints/trial_225_d677ddddac.pt,results/grid_searches/grid_patchtst_raw_autoLargest_L30_h10_thr10/checkpoints/trial_225_d677ddddac.pt,results/grid_searches/grid_patchtst_raw_autoLargest_L30_h10_thr10,45.4898836016655,False,cuda:0,
trial_229_b81573f7e4,complete,raw,4,2,64,4,1,0.1,0.0001,0.0,1,1.886121598618883,2.5618411035731317,,,results/grid_searches/grid_patchtst_raw_autoLargest_L30_h10_thr10/checkpoints/trial_229_b81573f7e4.pt,results/grid_searches/grid_patchtst_raw_autoLargest_L30_h10_thr10/checkpoints/trial_229_b81573f7e4.pt,results/grid_searches/grid_patchtst_raw_autoLargest_L30_h10_thr10,16.029264494776726,False,cuda:0,
trial_227_2d3543be5a,complete,raw,4,2,64,4,1,0.0,0.001,1e-05,28,1.4757243725115174,2.2092040422426256,,,results/grid_searches/grid_patchtst_raw_autoLargest_L30_h10_thr10/checkpoints/trial_227_2d3543be5a.pt,results/grid_searches/grid_patchtst_raw_autoLargest_L30_h10_thr10/checkpoints/trial_227_2d3543be5a.pt,results/grid_searches/grid_patchtst_raw_autoLargest_L30_h10_thr10,47.890479911118746,False,cuda:2,
trial_230_517b78dab5,complete,raw,4,2,64,4,1,0.1,0.0001,1e-05,1,1.8862780585743582,2.5618213296068317,,,results/grid_searches/grid_patchtst_raw_autoLargest_L30_h10_thr10/checkpoints/trial_230_517b78dab5.pt,results/grid_searches/grid_patchtst_raw_autoLargest_L30_h10_thr10/checkpoints/trial_230_517b78dab5.pt,results/grid_searches/grid_patchtst_raw_autoLargest_L30_h10_thr10,16.950286235660315,False,cuda:0,
trial_228_6c6d2e7f8d,complete,raw,4,2,64,4,1,0.0,0.001,0.0001,24,1.5307639622815614,2.2539009233535348,,,results/grid_searches/grid_patchtst_raw_autoLargest_L30_h10_thr10/checkpoints/trial_228_6c6d2e7f8d.pt,results/grid_searches/grid_patchtst_raw_autoLargest_L30_h10_thr10/checkpoints/trial_228_6c6d2e7f8d.pt,results/grid_searches/grid_patchtst_raw_autoLargest_L30_h10_thr10,39.303212363272905,False,cuda:1,
trial_231_5533ee1f2f,complete,raw,4,2,64,4,1,0.1,0.0001,0.0001,1,1.8839556841769174,2.559161077968274,,,results/grid_searches/grid_patchtst_raw_autoLargest_L30_h10_thr10/checkpoints/trial_231_5533ee1f2f.pt,results/grid_searches/grid_patchtst_raw_autoLargest_L30_h10_thr10/checkpoints/trial_231_5533ee1f2f.pt,results/grid_searches/grid_patchtst_raw_autoLargest_L30_h10_thr10,18.60831345245242,False,cuda:2,
trial_233_0f42a7f845,complete,raw,4,2,64,4,1,0.1,0.0003,1e-05,29,1.4870517465382627,2.245167849492439,,,results/grid_searches/grid_patchtst_raw_autoLargest_L30_h10_thr10/checkpoints/trial_233_0f42a7f845.pt,results/grid_searches/grid_patchtst_raw_autoLargest_L30_h10_thr10/checkpoints/trial_233_0f42a7f845.pt,results/grid_searches/grid_patchtst_raw_autoLargest_L30_h10_thr10,47.466585744172335,False,cuda:1,
trial_232_f4c4272bed,complete,raw,4,2,64,4,1,0.1,0.0003,0.0,35,1.4578173014927136,2.2492522121233653,,,results/grid_searches/grid_patchtst_raw_autoLargest_L30_h10_thr10/checkpoints/trial_232_f4c4272bed.pt,results/grid_searches/grid_patchtst_raw_autoLargest_L30_h10_thr10/checkpoints/trial_232_f4c4272bed.pt,results/grid_searches/grid_patchtst_raw_autoLargest_L30_h10_thr10,52.962101209908724,False,cuda:0,
trial_235_ebac6087fb,complete,raw,4,2,64,4,1,0.1,0.0005,0.0,3,2.077814921601852,3.253453535498362,,,results/grid_searches/grid_patchtst_raw_autoLargest_L30_h10_thr10/checkpoints/trial_235_ebac6087fb.pt,results/grid_searches/grid_patchtst_raw_autoLargest_L30_h10_thr10/checkpoints/trial_235_ebac6087fb.pt,results/grid_searches/grid_patchtst_raw_autoLargest_L30_h10_thr10,19.272869057953358,False,cuda:1,
trial_234_97e144f691,complete,raw,4,2,64,4,1,0.1,0.0003,0.0001,38,1.4855374865224467,2.304850940487174,,,results/grid_searches/grid_patchtst_raw_autoLargest_L30_h10_thr10/checkpoints/trial_234_97e144f691.pt,results/grid_searches/grid_patchtst_raw_autoLargest_L30_h10_thr10/checkpoints/trial_234_97e144f691.pt,results/grid_searches/grid_patchtst_raw_autoLargest_L30_h10_thr10,60.311983954161406,False,cuda:2,
trial_236_3c28f8f117,complete,raw,4,2,64,4,1,0.1,0.0005,1e-05,12,1.711450073402375,2.8217544192116617,,,results/grid_searches/grid_patchtst_raw_autoLargest_L30_h10_thr10/checkpoints/trial_236_3c28f8f117.pt,results/grid_searches/grid_patchtst_raw_autoLargest_L30_h10_thr10/checkpoints/trial_236_3c28f8f117.pt,results/grid_searches/grid_patchtst_raw_autoLargest_L30_h10_thr10,28.016376357525587,False,cuda:0,
trial_238_5c8ad42b80,complete,raw,4,2,64,4,1,0.1,0.001,0.0,5,1.6893360418166163,2.8734792828151074,,,results/grid_searches/grid_patchtst_raw_autoLargest_L30_h10_thr10/checkpoints/trial_238_5c8ad42b80.pt,results/grid_searches/grid_patchtst_raw_autoLargest_L30_h10_thr10/checkpoints/trial_238_5c8ad42b80.pt,results/grid_searches/grid_patchtst_raw_autoLargest_L30_h10_thr10,23.116930466145277,False,cuda:2,
trial_237_33a874fd48,complete,raw,4,2,64,4,1,0.1,0.0005,0.0001,29,1.6628250213542695,2.767710424476668,,,results/grid_searches/grid_patchtst_raw_autoLargest_L30_h10_thr10/checkpoints/trial_237_33a874fd48.pt,results/grid_searches/grid_patchtst_raw_autoLargest_L30_h10_thr10/checkpoints/trial_237_33a874fd48.pt,results/grid_searches/grid_patchtst_raw_autoLargest_L30_h10_thr10,47.129100762307644,False,cuda:1,
trial_239_fee94e59d2,complete,raw,4,2,64,4,1,0.1,0.001,1e-05,35,1.4577319536075184,2.200311212196805,,,results/grid_searches/grid_patchtst_raw_autoLargest_L30_h10_thr10/checkpoints/trial_239_fee94e59d2.pt,results/grid_searches/grid_patchtst_raw_autoLargest_L30_h10_thr10/checkpoints/trial_239_fee94e59d2.pt,results/grid_searches/grid_patchtst_raw_autoLargest_L30_h10_thr10,53.730147551745176,False,cuda:0,
trial_241_b2bc9ad7d0,complete,raw,4,2,64,4,2,0.0,0.0001,0.0,1,1.7484920874004595,2.658554024662344,,,results/grid_searches/grid_patchtst_raw_autoLargest_L30_h10_thr10/checkpoints/trial_241_b2bc9ad7d0.pt,results/grid_searches/grid_patchtst_raw_autoLargest_L30_h10_thr10/checkpoints/trial_241_b2bc9ad7d0.pt,results/grid_searches/grid_patchtst_raw_autoLargest_L30_h10_thr10,25.856929399073124,False,cuda:1,
trial_240_ba8304a7bc,complete,raw,4,2,64,4,1,0.1,0.001,0.0001,24,1.6010796367097055,2.5389234504618003,,,results/grid_searches/grid_patchtst_raw_autoLargest_L30_h10_thr10/checkpoints/trial_240_ba8304a7bc.pt,results/grid_searches/grid_patchtst_raw_autoLargest_L30_h10_thr10/checkpoints/trial_240_ba8304a7bc.pt,results/grid_searches/grid_patchtst_raw_autoLargest_L30_h10_thr10,44.88270150870085,False,cuda:2,
trial_242_309c633aa4,complete,raw,4,2,64,4,2,0.0,0.0001,1e-05,1,1.7484493893177449,2.6581047597057776,,,results/grid_searches/grid_patchtst_raw_autoLargest_L30_h10_thr10/checkpoints/trial_242_309c633aa4.pt,results/grid_searches/grid_patchtst_raw_autoLargest_L30_h10_thr10/checkpoints/trial_242_309c633aa4.pt,results/grid_searches/grid_patchtst_raw_autoLargest_L30_h10_thr10,24.085193388164043,False,cuda:0,
trial_243_8a0f941052,complete,raw,4,2,64,4,2,0.0,0.0001,0.0001,1,1.748935750238951,2.6584927204825353,,,results/grid_searches/grid_patchtst_raw_autoLargest_L30_h10_thr10/checkpoints/trial_243_8a0f941052.pt,results/grid_searches/grid_patchtst_raw_autoLargest_L30_h10_thr10/checkpoints/trial_243_8a0f941052.pt,results/grid_searches/grid_patchtst_raw_autoLargest_L30_h10_thr10,23.719894856214523,False,cuda:1,
trial_244_5a813a7757,complete,raw,4,2,64,4,2,0.0,0.0003,0.0,35,1.4632268476813937,2.253189300561632,,,results/grid_searches/grid_patchtst_raw_autoLargest_L30_h10_thr10/checkpoints/trial_244_5a813a7757.pt,results/grid_searches/grid_patchtst_raw_autoLargest_L30_h10_thr10/checkpoints/trial_244_5a813a7757.pt,results/grid_searches/grid_patchtst_raw_autoLargest_L30_h10_thr10,79.72883403673768,False,cuda:2,
trial_245_d02de2f044,complete,raw,4,2,64,4,2,0.0,0.0003,1e-05,28,1.4770123783072244,2.212684124890123,,,results/grid_searches/grid_patchtst_raw_autoLargest_L30_h10_thr10/checkpoints/trial_245_d02de2f044.pt,results/grid_searches/grid_patchtst_raw_autoLargest_L30_h10_thr10/checkpoints/trial_245_d02de2f044.pt,results/grid_searches/grid_patchtst_raw_autoLargest_L30_h10_thr10,67.83541414141655,False,cuda:0,
trial_246_739fb8bb0e,complete,raw,4,2,64,4,2,0.0,0.0003,0.0001,48,1.4755507165898534,2.1968060844200763,,,results/grid_searches/grid_patchtst_raw_autoLargest_L30_h10_thr10/checkpoints/trial_246_739fb8bb0e.pt,results/grid_searches/grid_patchtst_raw_autoLargest_L30_h10_thr10/checkpoints/trial_246_739fb8bb0e.pt,results/grid_searches/grid_patchtst_raw_autoLargest_L30_h10_thr10,99.7245983555913,False,cuda:1,
trial_247_cff9c9e3c3,complete,raw,4,2,64,4,2,0.0,0.0005,0.0,24,1.4683731314141444,2.24745383122966,,,results/grid_searches/grid_patchtst_raw_autoLargest_L30_h10_thr10/checkpoints/trial_247_cff9c9e3c3.pt,results/grid_searches/grid_patchtst_raw_autoLargest_L30_h10_thr10/checkpoints/trial_247_cff9c9e3c3.pt,results/grid_searches/grid_patchtst_raw_autoLargest_L30_h10_thr10,62.18602238222957,False,cuda:2,
trial_248_decba667d1,complete,raw,4,2,64,4,2,0.0,0.0005,1e-05,45,1.6389349867537901,2.423136364375317,,,results/grid_searches/grid_patchtst_raw_autoLargest_L30_h10_thr10/checkpoints/trial_248_decba667d1.pt,results/grid_searches/grid_patchtst_raw_autoLargest_L30_h10_thr10/checkpoints/trial_248_decba667d1.pt,results/grid_searches/grid_patchtst_raw_autoLargest_L30_h10_thr10,92.75964105129242,False,cuda:0,
trial_249_3c8733ef7f,complete,raw,4,2,64,4,2,0.0,0.0005,0.0001,29,1.4297006844276492,2.1780926211692364,,,results/grid_searches/grid_patchtst_raw_autoLargest_L30_h10_thr10/checkpoints/trial_249_3c8733ef7f.pt,results/grid_searches/grid_patchtst_raw_autoLargest_L30_h10_thr10/checkpoints/trial_249_3c8733ef7f.pt,results/grid_searches/grid_patchtst_raw_autoLargest_L30_h10_thr10,67.7325395271182,False,cuda:1,
trial_250_0f4eae51ce,complete,raw,4,2,64,4,2,0.0,0.001,0.0,22,1.4614588944378155,2.4270320110944805,,,results/grid_searches/grid_patchtst_raw_autoLargest_L30_h10_thr10/checkpoints/trial_250_0f4eae51ce.pt,results/grid_searches/grid_patchtst_raw_autoLargest_L30_h10_thr10/checkpoints/trial_250_0f4eae51ce.pt,results/grid_searches/grid_patchtst_raw_autoLargest_L30_h10_thr10,62.14511842280626,False,cuda:2,
trial_253_2d1cf929d6,complete,raw,4,2,64,4,2,0.1,0.0001,0.0,1,1.766061481213598,2.683593783690352,,,results/grid_searches/grid_patchtst_raw_autoLargest_L30_h10_thr10/checkpoints/trial_253_2d1cf929d6.pt,results/grid_searches/grid_patchtst_raw_autoLargest_L30_h10_thr10/checkpoints/trial_253_2d1cf929d6.pt,results/grid_searches/grid_patchtst_raw_autoLargest_L30_h10_thr10,26.699307944625616,False,cuda:2,
trial_251_dcec464ac6,complete,raw,4,2,64,4,2,0.0,0.001,1e-05,19,1.5128176050600184,2.2343288154096155,,,results/grid_searches/grid_patchtst_raw_autoLargest_L30_h10_thr10/checkpoints/trial_251_dcec464ac6.pt,results/grid_searches/grid_patchtst_raw_autoLargest_L30_h10_thr10/checkpoints/trial_251_dcec464ac6.pt,results/grid_searches/grid_patchtst_raw_autoLargest_L30_h10_thr10,52.501199051737785,False,cuda:0,
trial_254_809f8af9ac,complete,raw,4,2,64,4,2,0.1,0.0001,1e-05,1,1.7661598151055742,2.683607985380704,,,results/grid_searches/grid_patchtst_raw_autoLargest_L30_h10_thr10/checkpoints/trial_254_809f8af9ac.pt,results/grid_searches/grid_patchtst_raw_autoLargest_L30_h10_thr10/checkpoints/trial_254_809f8af9ac.pt,results/grid_searches/grid_patchtst_raw_autoLargest_L30_h10_thr10,25.319188632071018,False,cuda:2,
trial_255_7069ba2c90,complete,raw,4,2,64,4,2,0.1,0.0001,0.0001,1,1.7687284722414658,2.6750961615805218,,,results/grid_searches/grid_patchtst_raw_autoLargest_L30_h10_thr10/checkpoints/trial_255_7069ba2c90.pt,results/grid_searches/grid_patchtst_raw_autoLargest_L30_h10_thr10/checkpoints/trial_255_7069ba2c90.pt,results/grid_searches/grid_patchtst_raw_autoLargest_L30_h10_thr10,27.20965224504471,False,cuda:0,
trial_252_35593b988f,complete,raw,4,2,64,4,2,0.0,0.001,0.0001,33,1.4813745861850631,2.378988360871638,,,results/grid_searches/grid_patchtst_raw_autoLargest_L30_h10_thr10/checkpoints/trial_252_35593b988f.pt,results/grid_searches/grid_patchtst_raw_autoLargest_L30_h10_thr10/checkpoints/trial_252_35593b988f.pt,results/grid_searches/grid_patchtst_raw_autoLargest_L30_h10_thr10,75.8298852443695,False,cuda:1,
trial_256_f686c06617,complete,raw,4,2,64,4,2,0.1,0.0003,0.0,1,2.1905191514155344,3.598331492030181,,,results/grid_searches/grid_patchtst_raw_autoLargest_L30_h10_thr10/checkpoints/trial_256_f686c06617.pt,results/grid_searches/grid_patchtst_raw_autoLargest_L30_h10_thr10/checkpoints/trial_256_f686c06617.pt,results/grid_searches/grid_patchtst_raw_autoLargest_L30_h10_thr10,27.202376268804073,False,cuda:2,
trial_257_18eb93fb31,complete,raw,4,2,64,4,2,0.1,0.0003,1e-05,1,2.2727055129961737,3.504274402673469,,,results/grid_searches/grid_patchtst_raw_autoLargest_L30_h10_thr10/checkpoints/trial_257_18eb93fb31.pt,results/grid_searches/grid_patchtst_raw_autoLargest_L30_h10_thr10/checkpoints/trial_257_18eb93fb31.pt,results/grid_searches/grid_patchtst_raw_autoLargest_L30_h10_thr10,24.844954196363688,False,cuda:0,
trial_260_6b912d3917,complete,raw,4,2,64,4,2,0.1,0.0005,1e-05,1,2.221322562535274,3.702115698869558,,,results/grid_searches/grid_patchtst_raw_autoLargest_L30_h10_thr10/checkpoints/trial_260_6b912d3917.pt,results/grid_searches/grid_patchtst_raw_autoLargest_L30_h10_thr10/checkpoints/trial_260_6b912d3917.pt,results/grid_searches/grid_patchtst_raw_autoLargest_L30_h10_thr10,27.721294421702623,False,cuda:0,
trial_259_0dc94fb011,complete,raw,4,2,64,4,2,0.1,0.0005,0.0,1,2.1934464142999546,3.7049883144152784,,,results/grid_searches/grid_patchtst_raw_autoLargest_L30_h10_thr10/checkpoints/trial_259_0dc94fb011.pt,results/grid_searches/grid_patchtst_raw_autoLargest_L30_h10_thr10/checkpoints/trial_259_0dc94fb011.pt,results/grid_searches/grid_patchtst_raw_autoLargest_L30_h10_thr10,28.294315434992313,False,cuda:2,
trial_261_ed879abfd7,complete,raw,4,2,64,4,2,0.1,0.0005,0.0001,12,2.0681571597775705,3.4590767072177733,,,results/grid_searches/grid_patchtst_raw_autoLargest_L30_h10_thr10/checkpoints/trial_261_ed879abfd7.pt,results/grid_searches/grid_patchtst_raw_autoLargest_L30_h10_thr10/checkpoints/trial_261_ed879abfd7.pt,results/grid_searches/grid_patchtst_raw_autoLargest_L30_h10_thr10,46.195626612752676,False,cuda:0,
trial_258_ae502efdac,complete,raw,4,2,64,4,2,0.1,0.0003,0.0001,44,1.4983564399097917,2.2873962909263437,,,results/grid_searches/grid_patchtst_raw_autoLargest_L30_h10_thr10/checkpoints/trial_258_ae502efdac.pt,results/grid_searches/grid_patchtst_raw_autoLargest_L30_h10_thr10/checkpoints/trial_258_ae502efdac.pt,results/grid_searches/grid_patchtst_raw_autoLargest_L30_h10_thr10,103.17210346460342,False,cuda:1,
trial_262_0646236890,complete,raw,4,2,64,4,2,0.1,0.001,0.0,39,1.521665954313512,2.5757481995478817,,,results/grid_searches/grid_patchtst_raw_autoLargest_L30_h10_thr10/checkpoints/trial_262_0646236890.pt,results/grid_searches/grid_patchtst_raw_autoLargest_L30_h10_thr10/checkpoints/trial_262_0646236890.pt,results/grid_searches/grid_patchtst_raw_autoLargest_L30_h10_thr10,101.31256398931146,False,cuda:2,
trial_264_48ee75e602,complete,raw,4,2,64,4,2,0.1,0.001,0.0001,14,1.7718523904275667,3.258079242107642,,,results/grid_searches/grid_patchtst_raw_autoLargest_L30_h10_thr10/checkpoints/trial_264_48ee75e602.pt,results/grid_searches/grid_patchtst_raw_autoLargest_L30_h10_thr10/checkpoints/trial_264_48ee75e602.pt,results/grid_searches/grid_patchtst_raw_autoLargest_L30_h10_thr10,65.11163986474276,False,cuda:1,
trial_265_10377b7ac8,complete,raw,4,2,64,4,3,0.0,0.0001,0.0,1,1.7127991403394107,2.539043858005595,,,results/grid_searches/grid_patchtst_raw_autoLargest_L30_h10_thr10/checkpoints/trial_265_10377b7ac8.pt,results/grid_searches/grid_patchtst_raw_autoLargest_L30_h10_thr10/checkpoints/trial_265_10377b7ac8.pt,results/grid_searches/grid_patchtst_raw_autoLargest_L30_h10_thr10,36.40497102960944,False,cuda:2,
trial_263_645bbf3049,complete,raw,4,2,64,4,2,0.1,0.001,1e-05,38,1.5269252183759892,2.239987147572428,,,results/grid_searches/grid_patchtst_raw_autoLargest_L30_h10_thr10/checkpoints/trial_263_645bbf3049.pt,results/grid_searches/grid_patchtst_raw_autoLargest_L30_h10_thr10/checkpoints/trial_263_645bbf3049.pt,results/grid_searches/grid_patchtst_raw_autoLargest_L30_h10_thr10,113.12915279716253,False,cuda:0,
trial_266_2c348f3476,complete,raw,4,2,64,4,3,0.0,0.0001,1e-05,1,1.707068557115861,2.536808152783109,,,results/grid_searches/grid_patchtst_raw_autoLargest_L30_h10_thr10/checkpoints/trial_266_2c348f3476.pt,results/grid_searches/grid_patchtst_raw_autoLargest_L30_h10_thr10/checkpoints/trial_266_2c348f3476.pt,results/grid_searches/grid_patchtst_raw_autoLargest_L30_h10_thr10,41.71495121344924,False,cuda:1,
trial_267_1b2c5fe73f,complete,raw,4,2,64,4,3,0.0,0.0001,0.0001,1,1.7228659382877471,2.5464986297433696,,,results/grid_searches/grid_patchtst_raw_autoLargest_L30_h10_thr10/checkpoints/trial_267_1b2c5fe73f.pt,results/grid_searches/grid_patchtst_raw_autoLargest_L30_h10_thr10/checkpoints/trial_267_1b2c5fe73f.pt,results/grid_searches/grid_patchtst_raw_autoLargest_L30_h10_thr10,38.746810242533684,False,cuda:2,
trial_269_6e350ad858,complete,raw,4,2,64,4,3,0.0,0.0003,1e-05,15,1.52729407180808,2.3447738120569364,,,results/grid_searches/grid_patchtst_raw_autoLargest_L30_h10_thr10/checkpoints/trial_269_6e350ad858.pt,results/grid_searches/grid_patchtst_raw_autoLargest_L30_h10_thr10/checkpoints/trial_269_6e350ad858.pt,results/grid_searches/grid_patchtst_raw_autoLargest_L30_h10_thr10,76.97959605976939,False,cuda:1,
trial_268_32a780e9b1,complete,raw,4,2,64,4,3,0.0,0.0003,0.0,28,1.4619590426179805,2.1489589012330845,,,results/grid_searches/grid_patchtst_raw_autoLargest_L30_h10_thr10/checkpoints/trial_268_32a780e9b1.pt,results/grid_searches/grid_patchtst_raw_autoLargest_L30_h10_thr10/checkpoints/trial_268_32a780e9b1.pt,results/grid_searches/grid_patchtst_raw_autoLargest_L30_h10_thr10,109.5632678233087,False,cuda:0,
trial_270_d5180d782b,complete,raw,4,2,64,4,3,0.0,0.0003,0.0001,28,1.4669500996200722,2.233243692636402,,,results/grid_searches/grid_patchtst_raw_autoLargest_L30_h10_thr10/checkpoints/trial_270_d5180d782b.pt,results/grid_searches/grid_patchtst_raw_autoLargest_L30_h10_thr10/checkpoints/trial_270_d5180d782b.pt,results/grid_searches/grid_patchtst_raw_autoLargest_L30_h10_thr10,104.49598629772663,False,cuda:2,
trial_273_5418e6818f,complete,raw,4,2,64,4,3,0.0,0.0005,0.0001,5,1.6825010917392336,2.641133195014575,,,results/grid_searches/grid_patchtst_raw_autoLargest_L30_h10_thr10/checkpoints/trial_273_5418e6818f.pt,results/grid_searches/grid_patchtst_raw_autoLargest_L30_h10_thr10/checkpoints/trial_273_5418e6818f.pt,results/grid_searches/grid_patchtst_raw_autoLargest_L30_h10_thr10,56.426015228033066,False,cuda:2,
trial_272_b5b28a90f5,complete,raw,4,2,64,4,3,0.0,0.0005,1e-05,15,1.492957871877883,2.4185766618720246,,,results/grid_searches/grid_patchtst_raw_autoLargest_L30_h10_thr10/checkpoints/trial_272_b5b28a90f5.pt,results/grid_searches/grid_patchtst_raw_autoLargest_L30_h10_thr10/checkpoints/trial_272_b5b28a90f5.pt,results/grid_searches/grid_patchtst_raw_autoLargest_L30_h10_thr10,87.49301489815116,False,cuda:0,
trial_271_bdae8532ed,complete,raw,4,2,64,4,3,0.0,0.0005,0.0,28,1.4721598394469748,2.1019328757670714,,,results/grid_searches/grid_patchtst_raw_autoLargest_L30_h10_thr10/checkpoints/trial_271_bdae8532ed.pt,results/grid_searches/grid_patchtst_raw_autoLargest_L30_h10_thr10/checkpoints/trial_271_bdae8532ed.pt,results/grid_searches/grid_patchtst_raw_autoLargest_L30_h10_thr10,120.39722412452102,False,cuda:1,
trial_275_a305fdf688,complete,raw,4,2,64,4,3,0.0,0.001,1e-05,10,1.5367201960341463,2.5495621253447953,,,results/grid_searches/grid_patchtst_raw_autoLargest_L30_h10_thr10/checkpoints/trial_275_a305fdf688.pt,results/grid_searches/grid_patchtst_raw_autoLargest_L30_h10_thr10/checkpoints/trial_275_a305fdf688.pt,results/grid_searches/grid_patchtst_raw_autoLargest_L30_h10_thr10,73.46767816692591,False,cuda:0,
trial_274_0d05a165fd,complete,raw,4,2,64,4,3,0.0,0.001,0.0,22,1.4603453697518836,2.2990876599315704,,,results/grid_searches/grid_patchtst_raw_autoLargest_L30_h10_thr10/checkpoints/trial_274_0d05a165fd.pt,results/grid_searches/grid_patchtst_raw_autoLargest_L30_h10_thr10/checkpoints/trial_274_0d05a165fd.pt,results/grid_searches/grid_patchtst_raw_autoLargest_L30_h10_thr10,100.67800329253078,False,cuda:2,
trial_277_13a2d5b96c,complete,raw,4,2,64,4,3,0.1,0.0001,0.0,1,1.778070817075764,2.5788342359482304,,,results/grid_searches/grid_patchtst_raw_autoLargest_L30_h10_thr10/checkpoints/trial_277_13a2d5b96c.pt,results/grid_searches/grid_patchtst_raw_autoLargest_L30_h10_thr10/checkpoints/trial_277_13a2d5b96c.pt,results/grid_searches/grid_patchtst_raw_autoLargest_L30_h10_thr10,47.94403179734945,False,cuda:0,
trial_278_e46abac6f2,complete,raw,4,2,64,4,3,0.1,0.0001,1e-05,1,1.7798040886892925,2.582323158460462,,,results/grid_searches/grid_patchtst_raw_autoLargest_L30_h10_thr10/checkpoints/trial_278_e46abac6f2.pt,results/grid_searches/grid_patchtst_raw_autoLargest_L30_h10_thr10/checkpoints/trial_278_e46abac6f2.pt,results/grid_searches/grid_patchtst_raw_autoLargest_L30_h10_thr10,45.823289044201374,False,cuda:2,
trial_276_f26c3b0efc,complete,raw,4,2,64,4,3,0.0,0.001,0.0001,33,1.4378644052647713,2.2185970131742847,,,results/grid_searches/grid_patchtst_raw_autoLargest_L30_h10_thr10/checkpoints/trial_276_f26c3b0efc.pt,results/grid_searches/grid_patchtst_raw_autoLargest_L30_h10_thr10/checkpoints/trial_276_f26c3b0efc.pt,results/grid_searches/grid_patchtst_raw_autoLargest_L30_h10_thr10,138.46995748579502,False,cuda:1,
trial_279_aabe54aca1,complete,raw,4,2,64,4,3,0.1,0.0001,0.0001,1,1.771016881746016,2.575977030321746,,,results/grid_searches/grid_patchtst_raw_autoLargest_L30_h10_thr10/checkpoints/trial_279_aabe54aca1.pt,results/grid_searches/grid_patchtst_raw_autoLargest_L30_h10_thr10/checkpoints/trial_279_aabe54aca1.pt,results/grid_searches/grid_patchtst_raw_autoLargest_L30_h10_thr10,48.12042095512152,False,cuda:0,
trial_281_d058873f5d,complete,raw,4,2,64,4,3,0.1,0.0003,1e-05,22,1.426793346292799,2.2073581732798857,,,results/grid_searches/grid_patchtst_raw_autoLargest_L30_h10_thr10/checkpoints/trial_281_d058873f5d.pt,results/grid_searches/grid_patchtst_raw_autoLargest_L30_h10_thr10/checkpoints/trial_281_d058873f5d.pt,results/grid_searches/grid_patchtst_raw_autoLargest_L30_h10_thr10,113.48928116261959,False,cuda:1,
trial_280_7578948354,complete,raw,4,2,64,4,3,0.1,0.0003,0.0,36,1.4400214489172154,2.182300539681064,,,results/grid_searches/grid_patchtst_raw_autoLargest_L30_h10_thr10/checkpoints/trial_280_7578948354.pt,results/grid_searches/grid_patchtst_raw_autoLargest_L30_h10_thr10/checkpoints/trial_280_7578948354.pt,results/grid_searches/grid_patchtst_raw_autoLargest_L30_h10_thr10,148.10376566275954,False,cuda:2,
trial_282_bf84016d66,complete,raw,4,2,64,4,3,0.1,0.0003,0.0001,22,1.4638523605588494,2.1685724522089678,,,results/grid_searches/grid_patchtst_raw_autoLargest_L30_h10_thr10/checkpoints/trial_282_bf84016d66.pt,results/grid_searches/grid_patchtst_raw_autoLargest_L30_h10_thr10/checkpoints/trial_282_bf84016d66.pt,results/grid_searches/grid_patchtst_raw_autoLargest_L30_h10_thr10,112.8080934472382,False,cuda:0,
trial_284_8d33d5d861,complete,raw,4,2,64,4,3,0.1,0.0005,1e-05,10,1.7852703258970493,2.881622082505888,,,results/grid_searches/grid_patchtst_raw_autoLargest_L30_h10_thr10/checkpoints/trial_284_8d33d5d861.pt,results/grid_searches/grid_patchtst_raw_autoLargest_L30_h10_thr10/checkpoints/trial_284_8d33d5d861.pt,results/grid_searches/grid_patchtst_raw_autoLargest_L30_h10_thr10,71.86596562713385,False,cuda:2,
trial_285_81155fd7b6,complete,raw,4,2,64,4,3,0.1,0.0005,0.0001,9,1.8083313346144896,2.726495320315494,,,results/grid_searches/grid_patchtst_raw_autoLargest_L30_h10_thr10/checkpoints/trial_285_81155fd7b6.pt,results/grid_searches/grid_patchtst_raw_autoLargest_L30_h10_thr10/checkpoints/trial_285_81155fd7b6.pt,results/grid_searches/grid_patchtst_raw_autoLargest_L30_h10_thr10,74.62441778555512,False,cuda:0,
trial_283_5306d43633,complete,raw,4,2,64,4,3,0.1,0.0005,0.0,28,1.618664963110527,2.4435572932310516,,,results/grid_searches/grid_patchtst_raw_autoLargest_L30_h10_thr10/checkpoints/trial_283_5306d43633.pt,results/grid_searches/grid_patchtst_raw_autoLargest_L30_h10_thr10/checkpoints/trial_283_5306d43633.pt,results/grid_searches/grid_patchtst_raw_autoLargest_L30_h10_thr10,131.11339858546853,False,cuda:1,
trial_287_b6a830c023,complete,raw,4,2,64,4,3,0.1,0.001,1e-05,5,1.9234490417085495,3.152433651984652,,,results/grid_searches/grid_patchtst_raw_autoLargest_L30_h10_thr10/checkpoints/trial_287_b6a830c023.pt,results/grid_searches/grid_patchtst_raw_autoLargest_L30_h10_thr10/checkpoints/trial_287_b6a830c023.pt,results/grid_searches/grid_patchtst_raw_autoLargest_L30_h10_thr10,60.928164694458246,False,cuda:0,
trial_289_23206e617e,complete,raw,4,2,128,2,1,0.0,0.0001,0.0,19,1.4566466406487588,2.140334381574308,,,results/grid_searches/grid_patchtst_raw_autoLargest_L30_h10_thr10/checkpoints/trial_289_23206e617e.pt,results/grid_searches/grid_patchtst_raw_autoLargest_L30_h10_thr10/checkpoints/trial_289_23206e617e.pt,results/grid_searches/grid_patchtst_raw_autoLargest_L30_h10_thr10,48.32528863102198,False,cuda:0,
trial_286_d7fe4afc80,complete,raw,4,2,64,4,3,0.1,0.001,0.0,27,1.4223107906808203,2.2841221601574433,,,results/grid_searches/grid_patchtst_raw_autoLargest_L30_h10_thr10/checkpoints/trial_286_d7fe4afc80.pt,results/grid_searches/grid_patchtst_raw_autoLargest_L30_h10_thr10/checkpoints/trial_286_d7fe4afc80.pt,results/grid_searches/grid_patchtst_raw_autoLargest_L30_h10_thr10,121.60241000726819,False,cuda:2,
trial_288_1e28adc49d,complete,raw,4,2,64,4,3,0.1,0.001,0.0001,22,1.499646992356151,2.406664710765723,,,results/grid_searches/grid_patchtst_raw_autoLargest_L30_h10_thr10/checkpoints/trial_288_1e28adc49d.pt,results/grid_searches/grid_patchtst_raw_autoLargest_L30_h10_thr10/checkpoints/trial_288_1e28adc49d.pt,results/grid_searches/grid_patchtst_raw_autoLargest_L30_h10_thr10,114.83422239124775,False,cuda:1,
trial_290_6f5e66277d,complete,raw,4,2,128,2,1,0.0,0.0001,1e-05,19,1.4370807800724914,2.105785584914436,,,results/grid_searches/grid_patchtst_raw_autoLargest_L30_h10_thr10/checkpoints/trial_290_6f5e66277d.pt,results/grid_searches/grid_patchtst_raw_autoLargest_L30_h10_thr10/checkpoints/trial_290_6f5e66277d.pt,results/grid_searches/grid_patchtst_raw_autoLargest_L30_h10_thr10,47.48985942825675,False,cuda:0,
trial_291_8f41fcfe2f,complete,raw,4,2,128,2,1,0.0,0.0001,0.0001,29,1.454219425208395,2.1322663351282114,,,results/grid_searches/grid_patchtst_raw_autoLargest_L30_h10_thr10/checkpoints/trial_291_8f41fcfe2f.pt,results/grid_searches/grid_patchtst_raw_autoLargest_L30_h10_thr10/checkpoints/trial_291_8f41fcfe2f.pt,results/grid_searches/grid_patchtst_raw_autoLargest_L30_h10_thr10,59.341044794768095,False,cuda:2,
trial_292_ffd510ccf7,complete,raw,4,2,128,2,1,0.0,0.0003,0.0,6,1.6513300928746975,2.443204206531103,,,results/grid_searches/grid_patchtst_raw_autoLargest_L30_h10_thr10/checkpoints/trial_292_ffd510ccf7.pt,results/grid_searches/grid_patchtst_raw_autoLargest_L30_h10_thr10/checkpoints/trial_292_ffd510ccf7.pt,results/grid_searches/grid_patchtst_raw_autoLargest_L30_h10_thr10,29.040827576071024,False,cuda:1,
trial_293_08b4bc950f,complete,raw,4,2,128,2,1,0.0,0.0003,1e-05,31,1.4699107192673637,2.1460585247936192,,,results/grid_searches/grid_patchtst_raw_autoLargest_L30_h10_thr10/checkpoints/trial_293_08b4bc950f.pt,results/grid_searches/grid_patchtst_raw_autoLargest_L30_h10_thr10/checkpoints/trial_293_08b4bc950f.pt,results/grid_searches/grid_patchtst_raw_autoLargest_L30_h10_thr10,63.89044529944658,False,cuda:0,
trial_295_eb350716bc,complete,raw,4,2,128,2,1,0.0,0.0005,0.0,31,1.4322169053936495,2.149803931412446,,,results/grid_searches/grid_patchtst_raw_autoLargest_L30_h10_thr10/checkpoints/trial_295_eb350716bc.pt,results/grid_searches/grid_patchtst_raw_autoLargest_L30_h10_thr10/checkpoints/trial_295_eb350716bc.pt,results/grid_searches/grid_patchtst_raw_autoLargest_L30_h10_thr10,65.21648233011365,False,cuda:1,
trial_296_224095fc70,complete,raw,4,2,128,2,1,0.0,0.0005,1e-05,22,1.4591787913451089,2.15428117593017,,,results/grid_searches/grid_patchtst_raw_autoLargest_L30_h10_thr10/checkpoints/trial_296_224095fc70.pt,results/grid_searches/grid_patchtst_raw_autoLargest_L30_h10_thr10/checkpoints/trial_296_224095fc70.pt,results/grid_searches/grid_patchtst_raw_autoLargest_L30_h10_thr10,51.030632857233286,False,cuda:0,
trial_294_678142e373,complete,raw,4,2,128,2,1,0.0,0.0003,0.0001,62,1.45154518460737,2.144187923760762,,,results/grid_searches/grid_patchtst_raw_autoLargest_L30_h10_thr10/checkpoints/trial_294_678142e373.pt,results/grid_searches/grid_patchtst_raw_autoLargest_L30_h10_thr10/checkpoints/trial_294_678142e373.pt,results/grid_searches/grid_patchtst_raw_autoLargest_L30_h10_thr10,101.83110646158457,False,cuda:2,
trial_297_aafb3eaa1f,complete,raw,4,2,128,2,1,0.0,0.0005,0.0001,28,1.481048931406127,2.182932594926434,,,results/grid_searches/grid_patchtst_raw_autoLargest_L30_h10_thr10/checkpoints/trial_297_aafb3eaa1f.pt,results/grid_searches/grid_patchtst_raw_autoLargest_L30_h10_thr10/checkpoints/trial_297_aafb3eaa1f.pt,results/grid_searches/grid_patchtst_raw_autoLargest_L30_h10_thr10,59.48205602541566,False,cuda:1,
trial_299_efe8086d0b,complete,raw,4,2,128,2,1,0.0,0.001,1e-05,10,1.5038765118780393,2.266633693214862,,,results/grid_searches/grid_patchtst_raw_autoLargest_L30_h10_thr10/checkpoints/trial_299_efe8086d0b.pt,results/grid_searches/grid_patchtst_raw_autoLargest_L30_h10_thr10/checkpoints/trial_299_efe8086d0b.pt,results/grid_searches/grid_patchtst_raw_autoLargest_L30_h10_thr10,32.456272549927235,False,cuda:2,
trial_301_8fdb417ec8,complete,raw,4,2,128,2,1,0.1,0.0001,0.0,1,1.8543354230163371,2.6775272006280235,,,results/grid_searches/grid_patchtst_raw_autoLargest_L30_h10_thr10/checkpoints/trial_301_8fdb417ec8.pt,results/grid_searches/grid_patchtst_raw_autoLargest_L30_h10_thr10/checkpoints/trial_301_8fdb417ec8.pt,results/grid_searches/grid_patchtst_raw_autoLargest_L30_h10_thr10,21.57478692010045,False,cuda:2,
trial_298_e313c4beba,complete,raw,4,2,128,2,1,0.0,0.001,0.0,31,1.4702429567796143,2.099749474531161,,,results/grid_searches/grid_patchtst_raw_autoLargest_L30_h10_thr10/checkpoints/trial_298_e313c4beba.pt,results/grid_searches/grid_patchtst_raw_autoLargest_L30_h10_thr10/checkpoints/trial_298_e313c4beba.pt,results/grid_searches/grid_patchtst_raw_autoLargest_L30_h10_thr10,62.29604525491595,False,cuda:0,
trial_300_a4cd3b2a3a,complete,raw,4,2,128,2,1,0.0,0.001,0.0001,17,1.4774829697769276,2.1262527778663305,,,results/grid_searches/grid_patchtst_raw_autoLargest_L30_h10_thr10/checkpoints/trial_300_a4cd3b2a3a.pt,results/grid_searches/grid_patchtst_raw_autoLargest_L30_h10_thr10/checkpoints/trial_300_a4cd3b2a3a.pt,results/grid_searches/grid_patchtst_raw_autoLargest_L30_h10_thr10,44.04780540987849,False,cuda:1,
trial_304_61f6f3e439,complete,raw,4,2,128,2,1,0.1,0.0003,0.0,22,1.4374860145950903,2.2588620139523607,,,results/grid_searches/grid_patchtst_raw_autoLargest_L30_h10_thr10/checkpoints/trial_304_61f6f3e439.pt,results/grid_searches/grid_patchtst_raw_autoLargest_L30_h10_thr10/checkpoints/trial_304_61f6f3e439.pt,results/grid_searches/grid_patchtst_raw_autoLargest_L30_h10_thr10,52.544870138168335,False,cuda:1,
trial_302_f63f480c47,complete,raw,4,2,128,2,1,0.1,0.0001,1e-05,38,1.43896380830509,2.088728836640393,,,results/grid_searches/grid_patchtst_raw_autoLargest_L30_h10_thr10/checkpoints/trial_302_f63f480c47.pt,results/grid_searches/grid_patchtst_raw_autoLargest_L30_h10_thr10/checkpoints/trial_302_f63f480c47.pt,results/grid_searches/grid_patchtst_raw_autoLargest_L30_h10_thr10,74.72623682022095,False,cuda:2,
trial_303_f2c1138e1d,complete,raw,4,2,128,2,1,0.1,0.0001,0.0001,44,1.4620600216043524,2.1335994381309393,,,results/grid_searches/grid_patchtst_raw_autoLargest_L30_h10_thr10/checkpoints/trial_303_f2c1138e1d.pt,results/grid_searches/grid_patchtst_raw_autoLargest_L30_h10_thr10/checkpoints/trial_303_f2c1138e1d.pt,results/grid_searches/grid_patchtst_raw_autoLargest_L30_h10_thr10,85.58177249878645,False,cuda:0,
trial_306_b794e9f37d,complete,raw,4,2,128,2,1,0.1,0.0003,0.0001,1,1.7941040679964508,2.8009687878567124,,,results/grid_searches/grid_patchtst_raw_autoLargest_L30_h10_thr10/checkpoints/trial_306_b794e9f37d.pt,results/grid_searches/grid_patchtst_raw_autoLargest_L30_h10_thr10/checkpoints/trial_306_b794e9f37d.pt,results/grid_searches/grid_patchtst_raw_autoLargest_L30_h10_thr10,23.84383398666978,False,cuda:2,
trial_305_b0eece3874,complete,raw,4,2,128,2,1,0.1,0.0003,1e-05,29,1.4283746436474067,2.1781870870772906,,,results/grid_searches/grid_patchtst_raw_autoLargest_L30_h10_thr10/checkpoints/trial_305_b0eece3874.pt,results/grid_searches/grid_patchtst_raw_autoLargest_L30_h10_thr10/checkpoints/trial_305_b0eece3874.pt,results/grid_searches/grid_patchtst_raw_autoLargest_L30_h10_thr10,65.5554836653173,False,cuda:1,
trial_308_13720f1d60,complete,raw,4,2,128,2,1,0.1,0.0005,1e-05,17,1.5717740361835761,2.4989965808260846,,,results/grid_searches/grid_patchtst_raw_autoLargest_L30_h10_thr10/checkpoints/trial_308_13720f1d60.pt,results/grid_searches/grid_patchtst_raw_autoLargest_L30_h10_thr10/checkpoints/trial_308_13720f1d60.pt,results/grid_searches/grid_patchtst_raw_autoLargest_L30_h10_thr10,44.72034065797925,False,cuda:2,
trial_307_0b9164be2c,complete,raw,4,2,128,2,1,0.1,0.0005,0.0,33,1.4477422726144897,2.174574450863853,,,results/grid_searches/grid_patchtst_raw_autoLargest_L30_h10_thr10/checkpoints/trial_307_0b9164be2c.pt,results/grid_searches/grid_patchtst_raw_autoLargest_L30_h10_thr10/checkpoints/trial_307_0b9164be2c.pt,results/grid_searches/grid_patchtst_raw_autoLargest_L30_h10_thr10,69.37347354367375,False,cuda:0,
trial_310_9538a0cc21,complete,raw,4,2,128,2,1,0.1,0.001,0.0,19,1.4898832147865544,2.1947079380101915,,,results/grid_searches/grid_patchtst_raw_autoLargest_L30_h10_thr10/checkpoints/trial_310_9538a0cc21.pt,results/grid_searches/grid_patchtst_raw_autoLargest_L30_h10_thr10/checkpoints/trial_310_9538a0cc21.pt,results/grid_searches/grid_patchtst_raw_autoLargest_L30_h10_thr10,47.00821604579687,False,cuda:2,
trial_309_aba3f2eef2,complete,raw,4,2,128,2,1,0.1,0.0005,0.0001,41,1.463273527656175,2.295736631089169,,,results/grid_searches/grid_patchtst_raw_autoLargest_L30_h10_thr10/checkpoints/trial_309_aba3f2eef2.pt,results/grid_searches/grid_patchtst_raw_autoLargest_L30_h10_thr10/checkpoints/trial_309_aba3f2eef2.pt,results/grid_searches/grid_patchtst_raw_autoLargest_L30_h10_thr10,83.10328157246113,False,cuda:1,
trial_312_6427249b58,complete,raw,4,2,128,2,1,0.1,0.001,0.0001,6,1.7249056313449187,2.640743853020211,,,results/grid_searches/grid_patchtst_raw_autoLargest_L30_h10_thr10/checkpoints/trial_312_6427249b58.pt,results/grid_searches/grid_patchtst_raw_autoLargest_L30_h10_thr10/checkpoints/trial_312_6427249b58.pt,results/grid_searches/grid_patchtst_raw_autoLargest_L30_h10_thr10,29.758549585938454,False,cuda:2,
trial_311_edff339684,complete,raw,4,2,128,2,1,0.1,0.001,1e-05,28,1.4788623285321874,2.2616285088236547,,,results/grid_searches/grid_patchtst_raw_autoLargest_L30_h10_thr10/checkpoints/trial_311_edff339684.pt,results/grid_searches/grid_patchtst_raw_autoLargest_L30_h10_thr10/checkpoints/trial_311_edff339684.pt,results/grid_searches/grid_patchtst_raw_autoLargest_L30_h10_thr10,63.84704225510359,False,cuda:0,
trial_314_758f9f9e78,complete,raw,4,2,128,2,2,0.0,0.0001,1e-05,17,1.4692879011519724,2.1664477948398795,,,results/grid_searches/grid_patchtst_raw_autoLargest_L30_h10_thr10/checkpoints/trial_314_758f9f9e78.pt,results/grid_searches/grid_patchtst_raw_autoLargest_L30_h10_thr10/checkpoints/trial_314_758f9f9e78.pt,results/grid_searches/grid_patchtst_raw_autoLargest_L30_h10_thr10,67.21188268065453,False,cuda:2,
trial_313_040b6de778,complete,raw,4,2,128,2,2,0.0,0.0001,0.0,17,1.4509720616561326,2.17455681775837,,,results/grid_searches/grid_patchtst_raw_autoLargest_L30_h10_thr10/checkpoints/trial_313_040b6de778.pt,results/grid_searches/grid_patchtst_raw_autoLargest_L30_h10_thr10/checkpoints/trial_313_040b6de778.pt,results/grid_searches/grid_patchtst_raw_autoLargest_L30_h10_thr10,68.87106594070792,False,cuda:1,
trial_315_7d7f1fcf1b,complete,raw,4,2,128,2,2,0.0,0.0001,0.0001,27,1.4485185926407576,2.1287287146538194,,,results/grid_searches/grid_patchtst_raw_autoLargest_L30_h10_thr10/checkpoints/trial_315_7d7f1fcf1b.pt,results/grid_searches/grid_patchtst_raw_autoLargest_L30_h10_thr10/checkpoints/trial_315_7d7f1fcf1b.pt,results/grid_searches/grid_patchtst_raw_autoLargest_L30_h10_thr10,91.05073716118932,False,cuda:0,
trial_316_f1cb171fb1,complete,raw,4,2,128,2,2,0.0,0.0003,0.0,6,1.47920232178384,2.255713302406813,,,results/grid_searches/grid_patchtst_raw_autoLargest_L30_h10_thr10/checkpoints/trial_316_f1cb171fb1.pt,results/grid_searches/grid_patchtst_raw_autoLargest_L30_h10_thr10/checkpoints/trial_316_f1cb171fb1.pt,results/grid_searches/grid_patchtst_raw_autoLargest_L30_h10_thr10,41.746035646647215,False,cuda:2,
trial_317_325fe99470,complete,raw,4,2,128,2,2,0.0,0.0003,1e-05,10,1.446701481015056,2.2824133154585087,,,results/grid_searches/grid_patchtst_raw_autoLargest_L30_h10_thr10/checkpoints/trial_317_325fe99470.pt,results/grid_searches/grid_patchtst_raw_autoLargest_L30_h10_thr10/checkpoints/trial_317_325fe99470.pt,results/grid_searches/grid_patchtst_raw_autoLargest_L30_h10_thr10,53.83587700128555,False,cuda:1,
trial_318_fa723a19f0,complete,raw,4,2,128,2,2,0.0,0.0003,0.0001,14,1.4479342534053552,2.155646433156885,,,results/grid_searches/grid_patchtst_raw_autoLargest_L30_h10_thr10/checkpoints/trial_318_fa723a19f0.pt,results/grid_searches/grid_patchtst_raw_autoLargest_L30_h10_thr10/checkpoints/trial_318_fa723a19f0.pt,results/grid_searches/grid_patchtst_raw_autoLargest_L30_h10_thr10,62.98811850324273,False,cuda:0,
trial_320_da10348b00,complete,raw,4,2,128,2,2,0.0,0.0005,1e-05,4,1.5333256544427405,2.4907018786683577,,,results/grid_searches/grid_patchtst_raw_autoLargest_L30_h10_thr10/checkpoints/trial_320_da10348b00.pt,results/grid_searches/grid_patchtst_raw_autoLargest_L30_h10_thr10/checkpoints/trial_320_da10348b00.pt,results/grid_searches/grid_patchtst_raw_autoLargest_L30_h10_thr10,42.65522472187877,False,cuda:1,
trial_319_ed78d6f405,complete,raw,4,2,128,2,2,0.0,0.0005,0.0,32,1.4587566777973,2.1281728270170146,,,results/grid_searches/grid_patchtst_raw_autoLargest_L30_h10_thr10/checkpoints/trial_319_ed78d6f405.pt,results/grid_searches/grid_patchtst_raw_autoLargest_L30_h10_thr10/checkpoints/trial_319_ed78d6f405.pt,results/grid_searches/grid_patchtst_raw_autoLargest_L30_h10_thr10,98.73838269710541,False,cuda:2,
trial_322_93518cf56a,complete,raw,4,2,128,2,2,0.0,0.001,0.0,25,1.4822882490265596,2.117905107834927,,,results/grid_searches/grid_patchtst_raw_autoLargest_L30_h10_thr10/checkpoints/trial_322_93518cf56a.pt,results/grid_searches/grid_patchtst_raw_autoLargest_L30_h10_thr10/checkpoints/trial_322_93518cf56a.pt,results/grid_searches/grid_patchtst_raw_autoLargest_L30_h10_thr10,86.10153722018003,False,cuda:1,
trial_321_78908fafa2,complete,raw,4,2,128,2,2,0.0,0.0005,0.0001,28,1.4746583275864773,2.1650116683324847,,,results/grid_searches/grid_patchtst_raw_autoLargest_L30_h10_thr10/checkpoints/trial_321_78908fafa2.pt,results/grid_searches/grid_patchtst_raw_autoLargest_L30_h10_thr10/checkpoints/trial_321_78908fafa2.pt,results/grid_searches/grid_patchtst_raw_autoLargest_L30_h10_thr10,94.27534987404943,False,cuda:0,
trial_325_aa890e9c3f,complete,raw,4,2,128,2,2,0.1,0.0001,0.0,1,1.877844519348273,2.5872011650216615,,,results/grid_searches/grid_patchtst_raw_autoLargest_L30_h10_thr10/checkpoints/trial_325_aa890e9c3f.pt,results/grid_searches/grid_patchtst_raw_autoLargest_L30_h10_thr10/checkpoints/trial_325_aa890e9c3f.pt,results/grid_searches/grid_patchtst_raw_autoLargest_L30_h10_thr10,35.050022296607494,False,cuda:0,
trial_323_43d39973a4,complete,raw,4,2,128,2,2,0.0,0.001,1e-05,35,1.4351092835562893,2.146278345192669,,,results/grid_searches/grid_patchtst_raw_autoLargest_L30_h10_thr10/checkpoints/trial_323_43d39973a4.pt,results/grid_searches/grid_patchtst_raw_autoLargest_L30_h10_thr10/checkpoints/trial_323_43d39973a4.pt,results/grid_searches/grid_patchtst_raw_autoLargest_L30_h10_thr10,102.92549685761333,False,cuda:2,
trial_326_ddf398f71f,complete,raw,4,2,128,2,2,0.1,0.0001,1e-05,1,1.8366407484127374,2.5489377383665306,,,results/grid_searches/grid_patchtst_raw_autoLargest_L30_h10_thr10/checkpoints/trial_326_ddf398f71f.pt,results/grid_searches/grid_patchtst_raw_autoLargest_L30_h10_thr10/checkpoints/trial_326_ddf398f71f.pt,results/grid_searches/grid_patchtst_raw_autoLargest_L30_h10_thr10,36.1485035084188,False,cuda:0,
trial_324_d83bac60e7,complete,raw,4,2,128,2,2,0.0,0.001,0.0001,22,1.4190817264637239,2.2246354097579237,,,results/grid_searches/grid_patchtst_raw_autoLargest_L30_h10_thr10/checkpoints/trial_324_d83bac60e7.pt,results/grid_searches/grid_patchtst_raw_autoLargest_L30_h10_thr10/checkpoints/trial_324_d83bac60e7.pt,results/grid_searches/grid_patchtst_raw_autoLargest_L30_h10_thr10,79.0275577455759,False,cuda:1,
trial_327_9c3d2e209f,complete,raw,4,2,128,2,2,0.1,0.0001,0.0001,1,1.659624113426367,2.480280182647618,,,results/grid_searches/grid_patchtst_raw_autoLargest_L30_h10_thr10/checkpoints/trial_327_9c3d2e209f.pt,results/grid_searches/grid_patchtst_raw_autoLargest_L30_h10_thr10/checkpoints/trial_327_9c3d2e209f.pt,results/grid_searches/grid_patchtst_raw_autoLargest_L30_h10_thr10,34.478177547454834,False,cuda:2,
trial_328_eced7f8465,complete,raw,4,2,128,2,2,0.1,0.0003,0.0,10,1.6617364110835369,2.809848992362978,,,results/grid_searches/grid_patchtst_raw_autoLargest_L30_h10_thr10/checkpoints/trial_328_eced7f8465.pt,results/grid_searches/grid_patchtst_raw_autoLargest_L30_h10_thr10/checkpoints/trial_328_eced7f8465.pt,results/grid_searches/grid_patchtst_raw_autoLargest_L30_h10_thr10,55.654873322695494,False,cuda:0,
trial_330_00a673cbfa,complete,raw,4,2,128,2,2,0.1,0.0003,0.0001,6,1.5799589418997115,2.493222970169727,,,results/grid_searches/grid_patchtst_raw_autoLargest_L30_h10_thr10/checkpoints/trial_330_00a673cbfa.pt,results/grid_searches/grid_patchtst_raw_autoLargest_L30_h10_thr10/checkpoints/trial_330_00a673cbfa.pt,results/grid_searches/grid_patchtst_raw_autoLargest_L30_h10_thr10,46.003376472741365,False,cuda:2,
trial_329_496c68aa4c,complete,raw,4,2,128,2,2,0.1,0.0003,1e-05,28,1.4365106373242562,2.118407828210213,,,results/grid_searches/grid_patchtst_raw_autoLargest_L30_h10_thr10/checkpoints/trial_329_496c68aa4c.pt,results/grid_searches/grid_patchtst_raw_autoLargest_L30_h10_thr10/checkpoints/trial_329_496c68aa4c.pt,results/grid_searches/grid_patchtst_raw_autoLargest_L30_h10_thr10,98.1619793958962,False,cuda:1,
trial_331_92f7e6165a,complete,raw,4,2,128,2,2,0.1,0.0005,0.0,31,1.5185613947331056,2.1789966620242227,,,results/grid_searches/grid_patchtst_raw_autoLargest_L30_h10_thr10/checkpoints/trial_331_92f7e6165a.pt,results/grid_searches/grid_patchtst_raw_autoLargest_L30_h10_thr10/checkpoints/trial_331_92f7e6165a.pt,results/grid_searches/grid_patchtst_raw_autoLargest_L30_h10_thr10,102.07876923680305,False,cuda:0,
trial_333_034d016d6a,complete,raw,4,2,128,2,2,0.1,0.0005,0.0001,14,1.5874844769143228,2.307150216192924,,,results/grid_searches/grid_patchtst_raw_autoLargest_L30_h10_thr10/checkpoints/trial_333_034d016d6a.pt,results/grid_searches/grid_patchtst_raw_autoLargest_L30_h10_thr10/checkpoints/trial_333_034d016d6a.pt,results/grid_searches/grid_patchtst_raw_autoLargest_L30_h10_thr10,66.66054784879088,False,cuda:1,
trial_332_a0e6293f96,complete,raw,4,2,128,2,2,0.1,0.0005,1e-05,41,1.4117424775847482,2.1481209379609156,,,results/grid_searches/grid_patchtst_raw_autoLargest_L30_h10_thr10/checkpoints/trial_332_a0e6293f96.pt,results/grid_searches/grid_patchtst_raw_autoLargest_L30_h10_thr10/checkpoints/trial_332_a0e6293f96.pt,results/grid_searches/grid_patchtst_raw_autoLargest_L30_h10_thr10,124.54393894225359,False,cuda:2,
trial_335_7d5b271e90,complete,raw,4,2,128,2,2,0.1,0.001,1e-05,14,1.5121827331232496,2.223912135050442,,,results/grid_searches/grid_patchtst_raw_autoLargest_L30_h10_thr10/checkpoints/trial_335_7d5b271e90.pt,results/grid_searches/grid_patchtst_raw_autoLargest_L30_h10_thr10/checkpoints/trial_335_7d5b271e90.pt,results/grid_searches/grid_patchtst_raw_autoLargest_L30_h10_thr10,67.0846050567925,False,cuda:1,
trial_334_81e531efab,complete,raw,4,2,128,2,2,0.1,0.001,0.0,28,1.497330872784074,2.174232425144816,,,results/grid_searches/grid_patchtst_raw_autoLargest_L30_h10_thr10/checkpoints/trial_334_81e531efab.pt,results/grid_searches/grid_patchtst_raw_autoLargest_L30_h10_thr10/checkpoints/trial_334_81e531efab.pt,results/grid_searches/grid_patchtst_raw_autoLargest_L30_h10_thr10,97.73540360108018,False,cuda:0,
trial_336_37931834a9,complete,raw,4,2,128,2,2,0.1,0.001,0.0001,34,1.5049194554253658,2.2441858859437556,,,results/grid_searches/grid_patchtst_raw_autoLargest_L30_h10_thr10/checkpoints/trial_336_37931834a9.pt,results/grid_searches/grid_patchtst_raw_autoLargest_L30_h10_thr10/checkpoints/trial_336_37931834a9.pt,results/grid_searches/grid_patchtst_raw_autoLargest_L30_h10_thr10,106.39038398489356,False,cuda:2,
trial_337_60ef2282d7,complete,raw,4,2,128,2,3,0.0,0.0001,0.0,14,1.4487192009681764,2.1438504966255785,,,results/grid_searches/grid_patchtst_raw_autoLargest_L30_h10_thr10/checkpoints/trial_337_60ef2282d7.pt,results/grid_searches/grid_patchtst_raw_autoLargest_L30_h10_thr10/checkpoints/trial_337_60ef2282d7.pt,results/grid_searches/grid_patchtst_raw_autoLargest_L30_h10_thr10,85.28398278728127,False,cuda:1,
trial_338_581464b623,complete,raw,4,2,128,2,3,0.0,0.0001,1e-05,14,1.439875464727041,2.162594447747598,,,results/grid_searches/grid_patchtst_raw_autoLargest_L30_h10_thr10/checkpoints/trial_338_581464b623.pt,results/grid_searches/grid_patchtst_raw_autoLargest_L30_h10_thr10/checkpoints/trial_338_581464b623.pt,results/grid_searches/grid_patchtst_raw_autoLargest_L30_h10_thr10,84.05836797133088,False,cuda:0,
trial_340_604f455dc1,complete,raw,4,2,128,2,3,0.0,0.0003,0.0,5,1.62082700551405,2.583282271545043,,,results/grid_searches/grid_patchtst_raw_autoLargest_L30_h10_thr10/checkpoints/trial_340_604f455dc1.pt,results/grid_searches/grid_patchtst_raw_autoLargest_L30_h10_thr10/checkpoints/trial_340_604f455dc1.pt,results/grid_searches/grid_patchtst_raw_autoLargest_L30_h10_thr10,57.552839290350676,False,cuda:1,
trial_341_b66e36e79c,complete,raw,4,2,128,2,3,0.0,0.0003,1e-05,3,1.7029625364053476,2.5966917585107314,,,results/grid_searches/grid_patchtst_raw_autoLargest_L30_h10_thr10/checkpoints/trial_341_b66e36e79c.pt,results/grid_searches/grid_patchtst_raw_autoLargest_L30_h10_thr10/checkpoints/trial_341_b66e36e79c.pt,results/grid_searches/grid_patchtst_raw_autoLargest_L30_h10_thr10,53.3716329485178,False,cuda:0,
trial_339_b56559483c,complete,raw,4,2,128,2,3,0.0,0.0001,0.0001,27,1.4342956937651468,2.151082141568777,,,results/grid_searches/grid_patchtst_raw_autoLargest_L30_h10_thr10/checkpoints/trial_339_b56559483c.pt,results/grid_searches/grid_patchtst_raw_autoLargest_L30_h10_thr10/checkpoints/trial_339_b56559483c.pt,results/grid_searches/grid_patchtst_raw_autoLargest_L30_h10_thr10,120.25784074515104,False,cuda:2,
trial_343_94d76e5959,complete,raw,4,2,128,2,3,0.0,0.0005,0.0,3,1.5857068944628103,2.496990309745185,,,results/grid_searches/grid_patchtst_raw_autoLargest_L30_h10_thr10/checkpoints/trial_343_94d76e5959.pt,results/grid_searches/grid_patchtst_raw_autoLargest_L30_h10_thr10/checkpoints/trial_343_94d76e5959.pt,results/grid_searches/grid_patchtst_raw_autoLargest_L30_h10_thr10,54.79957724362612,False,cuda:0,
trial_344_9b6b2c4742,complete,raw,4,2,128,2,3,0.0,0.0005,1e-05,4,1.4731607678051613,2.3090239731699427,,,results/grid_searches/grid_patchtst_raw_autoLargest_L30_h10_thr10/checkpoints/trial_344_9b6b2c4742.pt,results/grid_searches/grid_patchtst_raw_autoLargest_L30_h10_thr10/checkpoints/trial_344_9b6b2c4742.pt,results/grid_searches/grid_patchtst_raw_autoLargest_L30_h10_thr10,55.34339514002204,False,cuda:2,
trial_342_3cddf64fa9,complete,raw,4,2,128,2,3,0.0,0.0003,0.0001,28,1.496499547306684,2.1308459160971864,,,results/grid_searches/grid_patchtst_raw_autoLargest_L30_h10_thr10/checkpoints/trial_342_3cddf64fa9.pt,results/grid_searches/grid_patchtst_raw_autoLargest_L30_h10_thr10/checkpoints/trial_342_3cddf64fa9.pt,results/grid_searches/grid_patchtst_raw_autoLargest_L30_h10_thr10,126.74815822392702,False,cuda:1,
trial_345_2ba1752883,complete,raw,4,2,128,2,3,0.0,0.0005,0.0001,14,1.530672994385226,2.321399912852386,,,results/grid_searches/grid_patchtst_raw_autoLargest_L30_h10_thr10/checkpoints/trial_345_2ba1752883.pt,results/grid_searches/grid_patchtst_raw_autoLargest_L30_h10_thr10/checkpoints/trial_345_2ba1752883.pt,results/grid_searches/grid_patchtst_raw_autoLargest_L30_h10_thr10,83.34553591161966,False,cuda:0,
trial_347_49f16d5d6e,complete,raw,4,2,128,2,3,0.0,0.001,1e-05,17,1.4906500220685444,2.196962967982032,,,results/grid_searches/grid_patchtst_raw_autoLargest_L30_h10_thr10/checkpoints/trial_347_49f16d5d6e.pt,results/grid_searches/grid_patchtst_raw_autoLargest_L30_h10_thr10/checkpoints/trial_347_49f16d5d6e.pt,results/grid_searches/grid_patchtst_raw_autoLargest_L30_h10_thr10,95.25861458852887,False,cuda:1,
trial_348_aee7ba8c3f,complete,raw,4,2,128,2,3,0.0,0.001,0.0001,10,1.4653941653282205,2.208684837653702,,,results/grid_searches/grid_patchtst_raw_autoLargest_L30_h10_thr10/checkpoints/trial_348_aee7ba8c3f.pt,results/grid_searches/grid_patchtst_raw_autoLargest_L30_h10_thr10/checkpoints/trial_348_aee7ba8c3f.pt,results/grid_searches/grid_patchtst_raw_autoLargest_L30_h10_thr10,73.02559937164187,False,cuda:0,
trial_346_84d8cc9936,complete,raw,4,2,128,2,3,0.0,0.001,0.0,44,1.4533218053134183,2.120627314274225,,,results/grid_searches/grid_patchtst_raw_autoLargest_L30_h10_thr10/checkpoints/trial_346_84d8cc9936.pt,results/grid_searches/grid_patchtst_raw_autoLargest_L30_h10_thr10/checkpoints/trial_346_84d8cc9936.pt,results/grid_searches/grid_patchtst_raw_autoLargest_L30_h10_thr10,166.18629924952984,False,cuda:2,
trial_350_cc2d09dd46,complete,raw,4,2,128,2,3,0.1,0.0001,1e-05,1,1.705001782883383,2.657145798904409,,,results/grid_searches/grid_patchtst_raw_autoLargest_L30_h10_thr10/checkpoints/trial_350_cc2d09dd46.pt,results/grid_searches/grid_patchtst_raw_autoLargest_L30_h10_thr10/checkpoints/trial_350_cc2d09dd46.pt,results/grid_searches/grid_patchtst_raw_autoLargest_L30_h10_thr10,52.091659896075726,False,cuda:0,
trial_351_08eccdd7da,complete,raw,4,2,128,2,3,0.1,0.0001,0.0001,1,1.7499749812200853,2.6942808851978888,,,results/grid_searches/grid_patchtst_raw_autoLargest_L30_h10_thr10/checkpoints/trial_351_08eccdd7da.pt,results/grid_searches/grid_patchtst_raw_autoLargest_L30_h10_thr10/checkpoints/trial_351_08eccdd7da.pt,results/grid_searches/grid_patchtst_raw_autoLargest_L30_h10_thr10,47.68145277351141,False,cuda:2,
trial_352_45dab1b9a6,complete,raw,4,2,128,2,3,0.1,0.0003,0.0,5,1.6381067034272077,2.4359511114912475,,,results/grid_searches/grid_patchtst_raw_autoLargest_L30_h10_thr10/checkpoints/trial_352_45dab1b9a6.pt,results/grid_searches/grid_patchtst_raw_autoLargest_L30_h10_thr10/checkpoints/trial_352_45dab1b9a6.pt,results/grid_searches/grid_patchtst_raw_autoLargest_L30_h10_thr10,60.68106769025326,False,cuda:0,
trial_349_c4b8f18e42,complete,raw,4,2,128,2,3,0.1,0.0001,0.0,28,1.4496001859188457,2.204640336583572,,,results/grid_searches/grid_patchtst_raw_autoLargest_L30_h10_thr10/checkpoints/trial_349_c4b8f18e42.pt,results/grid_searches/grid_patchtst_raw_autoLargest_L30_h10_thr10/checkpoints/trial_349_c4b8f18e42.pt,results/grid_searches/grid_patchtst_raw_autoLargest_L30_h10_thr10,131.3017017878592,False,cuda:1,
trial_355_6658518c64,complete,raw,4,2,128,2,3,0.1,0.0005,0.0,5,1.8140412193244393,2.956737522333351,,,results/grid_searches/grid_patchtst_raw_autoLargest_L30_h10_thr10/checkpoints/trial_355_6658518c64.pt,results/grid_searches/grid_patchtst_raw_autoLargest_L30_h10_thr10/checkpoints/trial_355_6658518c64.pt,results/grid_searches/grid_patchtst_raw_autoLargest_L30_h10_thr10,60.421942830085754,False,cuda:1,
trial_353_2d656e8e74,complete,raw,4,2,128,2,3,0.1,0.0003,1e-05,28,1.5312388983670668,2.322880189935259,,,results/grid_searches/grid_patchtst_raw_autoLargest_L30_h10_thr10/checkpoints/trial_353_2d656e8e74.pt,results/grid_searches/grid_patchtst_raw_autoLargest_L30_h10_thr10/checkpoints/trial_353_2d656e8e74.pt,results/grid_searches/grid_patchtst_raw_autoLargest_L30_h10_thr10,127.73879657313228,False,cuda:2,
trial_354_5c0d88c0dc,complete,raw,4,2,128,2,3,0.1,0.0003,0.0001,33,1.478819149556228,2.442839986565884,,,results/grid_searches/grid_patchtst_raw_autoLargest_L30_h10_thr10/checkpoints/trial_354_5c0d88c0dc.pt,results/grid_searches/grid_patchtst_raw_autoLargest_L30_h10_thr10/checkpoints/trial_354_5c0d88c0dc.pt,results/grid_searches/grid_patchtst_raw_autoLargest_L30_h10_thr10,147.98929259181023,False,cuda:0,
trial_356_180d1fad41,complete,raw,4,2,128,2,3,0.1,0.0005,1e-05,10,1.5078337180548453,2.434314850346383,,,results/grid_searches/grid_patchtst_raw_autoLargest_L30_h10_thr10/checkpoints/trial_356_180d1fad41.pt,results/grid_searches/grid_patchtst_raw_autoLargest_L30_h10_thr10/checkpoints/trial_356_180d1fad41.pt,results/grid_searches/grid_patchtst_raw_autoLargest_L30_h10_thr10,76.31723076105118,False,cuda:1,
trial_357_adf8a9fbfa,complete,raw,4,2,128,2,3,0.1,0.0005,0.0001,5,1.8929722625856535,3.4650557459377516,,,results/grid_searches/grid_patchtst_raw_autoLargest_L30_h10_thr10/checkpoints/trial_357_adf8a9fbfa.pt,results/grid_searches/grid_patchtst_raw_autoLargest_L30_h10_thr10/checkpoints/trial_357_adf8a9fbfa.pt,results/grid_searches/grid_patchtst_raw_autoLargest_L30_h10_thr10,59.074955601245165,False,cuda:2,
trial_359_e38211446b,complete,raw,4,2,128,2,3,0.1,0.001,1e-05,14,1.589140724261539,2.391721778973336,,,results/grid_searches/grid_patchtst_raw_autoLargest_L30_h10_thr10/checkpoints/trial_359_e38211446b.pt,results/grid_searches/grid_patchtst_raw_autoLargest_L30_h10_thr10/checkpoints/trial_359_e38211446b.pt,results/grid_searches/grid_patchtst_raw_autoLargest_L30_h10_thr10,88.5099694095552,False,cuda:1,
trial_358_190ef3ef31,complete,raw,4,2,128,2,3,0.1,0.001,0.0,17,1.4997389276618067,2.2640473749382415,,,results/grid_searches/grid_patchtst_raw_autoLargest_L30_h10_thr10/checkpoints/trial_358_190ef3ef31.pt,results/grid_searches/grid_patchtst_raw_autoLargest_L30_h10_thr10/checkpoints/trial_358_190ef3ef31.pt,results/grid_searches/grid_patchtst_raw_autoLargest_L30_h10_thr10,97.31127282977104,False,cuda:0,
trial_361_c51c3cfa9e,complete,raw,4,2,128,4,1,0.0,0.0001,0.0,12,1.4592430714065139,2.171330475885406,,,results/grid_searches/grid_patchtst_raw_autoLargest_L30_h10_thr10/checkpoints/trial_361_c51c3cfa9e.pt,results/grid_searches/grid_patchtst_raw_autoLargest_L30_h10_thr10/checkpoints/trial_361_c51c3cfa9e.pt,results/grid_searches/grid_patchtst_raw_autoLargest_L30_h10_thr10,36.87229736149311,False,cuda:1,
trial_360_00c3274020,complete,raw,4,2,128,2,3,0.1,0.001,0.0001,35,1.4210360358268777,2.12313320212358,,,results/grid_searches/grid_patchtst_raw_autoLargest_L30_h10_thr10/checkpoints/trial_360_00c3274020.pt,results/grid_searches/grid_patchtst_raw_autoLargest_L30_h10_thr10/checkpoints/trial_360_00c3274020.pt,results/grid_searches/grid_patchtst_raw_autoLargest_L30_h10_thr10,144.16203080117702,False,cuda:2,
trial_362_3bf9926a61,complete,raw,4,2,128,4,1,0.0,0.0001,1e-05,27,1.4236317962342049,2.1291161322857333,,,results/grid_searches/grid_patchtst_raw_autoLargest_L30_h10_thr10/checkpoints/trial_362_3bf9926a61.pt,results/grid_searches/grid_patchtst_raw_autoLargest_L30_h10_thr10/checkpoints/trial_362_3bf9926a61.pt,results/grid_searches/grid_patchtst_raw_autoLargest_L30_h10_thr10,58.25966999307275,False,cuda:0,
trial_365_e77fadbaa9,complete,raw,4,2,128,4,1,0.0,0.0003,1e-05,9,1.4721147835037753,2.200226272086825,,,results/grid_searches/grid_patchtst_raw_autoLargest_L30_h10_thr10/checkpoints/trial_365_e77fadbaa9.pt,results/grid_searches/grid_patchtst_raw_autoLargest_L30_h10_thr10/checkpoints/trial_365_e77fadbaa9.pt,results/grid_searches/grid_patchtst_raw_autoLargest_L30_h10_thr10,32.871668577194214,False,cuda:0,
trial_363_ac0e0c7aaf,complete,raw,4,2,128,4,1,0.0,0.0001,0.0001,28,1.4324654363086329,2.125893587612525,,,results/grid_searches/grid_patchtst_raw_autoLargest_L30_h10_thr10/checkpoints/trial_363_ac0e0c7aaf.pt,results/grid_searches/grid_patchtst_raw_autoLargest_L30_h10_thr10/checkpoints/trial_363_ac0e0c7aaf.pt,results/grid_searches/grid_patchtst_raw_autoLargest_L30_h10_thr10,61.08123983070254,False,cuda:1,
trial_364_89848b5451,complete,raw,4,2,128,4,1,0.0,0.0003,0.0,30,1.4498347045217135,2.110770330058819,,,results/grid_searches/grid_patchtst_raw_autoLargest_L30_h10_thr10/checkpoints/trial_364_89848b5451.pt,results/grid_searches/grid_patchtst_raw_autoLargest_L30_h10_thr10/checkpoints/trial_364_89848b5451.pt,results/grid_searches/grid_patchtst_raw_autoLargest_L30_h10_thr10,59.80232744291425,False,cuda:2,
trial_366_caa8ac9e77,complete,raw,4,2,128,4,1,0.0,0.0003,0.0001,9,1.461224806686934,2.1439717401992273,,,results/grid_searches/grid_patchtst_raw_autoLargest_L30_h10_thr10/checkpoints/trial_366_caa8ac9e77.pt,results/grid_searches/grid_patchtst_raw_autoLargest_L30_h10_thr10/checkpoints/trial_366_caa8ac9e77.pt,results/grid_searches/grid_patchtst_raw_autoLargest_L30_h10_thr10,33.062561485916376,False,cuda:0,
trial_367_db23eebd2e,complete,raw,4,2,128,4,1,0.0,0.0005,0.0,33,1.4663627682467686,2.127476633969711,,,results/grid_searches/grid_patchtst_raw_autoLargest_L30_h10_thr10/checkpoints/trial_367_db23eebd2e.pt,results/grid_searches/grid_patchtst_raw_autoLargest_L30_h10_thr10/checkpoints/trial_367_db23eebd2e.pt,results/grid_searches/grid_patchtst_raw_autoLargest_L30_h10_thr10,65.56896364316344,False,cuda:1,
trial_369_7debe64da1,complete,raw,4,2,128,4,1,0.0,0.0005,0.0001,17,1.476001431002647,2.1359220642487475,,,results/grid_searches/grid_patchtst_raw_autoLargest_L30_h10_thr10/checkpoints/trial_369_7debe64da1.pt,results/grid_searches/grid_patchtst_raw_autoLargest_L30_h10_thr10/checkpoints/trial_369_7debe64da1.pt,results/grid_searches/grid_patchtst_raw_autoLargest_L30_h10_thr10,44.579442355781794,False,cuda:0,
trial_368_d25765dbea,complete,raw,4,2,128,4,1,0.0,0.0005,1e-05,27,1.4638693774944243,2.1360814268768937,,,results/grid_searches/grid_patchtst_raw_autoLargest_L30_h10_thr10/checkpoints/trial_368_d25765dbea.pt,results/grid_searches/grid_patchtst_raw_autoLargest_L30_h10_thr10/checkpoints/trial_368_d25765dbea.pt,results/grid_searches/grid_patchtst_raw_autoLargest_L30_h10_thr10,56.10426478087902,False,cuda:2,
trial_371_43c147b3a8,complete,raw,4,2,128,4,1,0.0,0.001,1e-05,5,1.507816139391529,2.139240331488764,,,results/grid_searches/grid_patchtst_raw_autoLargest_L30_h10_thr10/checkpoints/trial_371_43c147b3a8.pt,results/grid_searches/grid_patchtst_raw_autoLargest_L30_h10_thr10/checkpoints/trial_371_43c147b3a8.pt,results/grid_searches/grid_patchtst_raw_autoLargest_L30_h10_thr10,27.32512905076146,False,cuda:0,
trial_370_9b92df8360,complete,raw,4,2,128,4,1,0.0,0.001,0.0,17,1.5030804088796619,2.107284287853941,,,results/grid_searches/grid_patchtst_raw_autoLargest_L30_h10_thr10/checkpoints/trial_370_9b92df8360.pt,results/grid_searches/grid_patchtst_raw_autoLargest_L30_h10_thr10/checkpoints/trial_370_9b92df8360.pt,results/grid_searches/grid_patchtst_raw_autoLargest_L30_h10_thr10,43.30241767317057,False,cuda:1,
trial_372_ae5ed41a9e,complete,raw,4,2,128,4,1,0.0,0.001,0.0001,17,1.4699996664035546,2.120420630179147,,,results/grid_searches/grid_patchtst_raw_autoLargest_L30_h10_thr10/checkpoints/trial_372_ae5ed41a9e.pt,results/grid_searches/grid_patchtst_raw_autoLargest_L30_h10_thr10/checkpoints/trial_372_ae5ed41a9e.pt,results/grid_searches/grid_patchtst_raw_autoLargest_L30_h10_thr10,42.12566091865301,False,cuda:2,
trial_373_a53a32f6d9,complete,raw,4,2,128,4,1,0.1,0.0001,0.0,1,1.635368937625538,2.403622009966259,,,results/grid_searches/grid_patchtst_raw_autoLargest_L30_h10_thr10/checkpoints/trial_373_a53a32f6d9.pt,results/grid_searches/grid_patchtst_raw_autoLargest_L30_h10_thr10/checkpoints/trial_373_a53a32f6d9.pt,results/grid_searches/grid_patchtst_raw_autoLargest_L30_h10_thr10,22.38695164769888,False,cuda:0,
trial_374_6754658637,complete,raw,4,2,128,4,1,0.1,0.0001,1e-05,1,1.6386912763642172,2.406870989781755,,,results/grid_searches/grid_patchtst_raw_autoLargest_L30_h10_thr10/checkpoints/trial_374_6754658637.pt,results/grid_searches/grid_patchtst_raw_autoLargest_L30_h10_thr10/checkpoints/trial_374_6754658637.pt,results/grid_searches/grid_patchtst_raw_autoLargest_L30_h10_thr10,22.9374304972589,False,cuda:1,
trial_375_2ecd2c8a0f,complete,raw,4,2,128,4,1,0.1,0.0001,0.0001,22,1.526892123121438,2.2376655308644717,,,results/grid_searches/grid_patchtst_raw_autoLargest_L30_h10_thr10/checkpoints/trial_375_2ecd2c8a0f.pt,results/grid_searches/grid_patchtst_raw_autoLargest_L30_h10_thr10/checkpoints/trial_375_2ecd2c8a0f.pt,results/grid_searches/grid_patchtst_raw_autoLargest_L30_h10_thr10,50.80524469166994,False,cuda:2,
trial_377_60fc41ea28,complete,raw,4,2,128,4,1,0.1,0.0003,1e-05,28,1.4510123416677683,2.2458018036660587,,,results/grid_searches/grid_patchtst_raw_autoLargest_L30_h10_thr10/checkpoints/trial_377_60fc41ea28.pt,results/grid_searches/grid_patchtst_raw_autoLargest_L30_h10_thr10/checkpoints/trial_377_60fc41ea28.pt,results/grid_searches/grid_patchtst_raw_autoLargest_L30_h10_thr10,62.41136633977294,False,cuda:1,
trial_376_ca7bfa02d4,complete,raw,4,2,128,4,1,0.1,0.0003,0.0,44,1.443553838490544,2.249860972548093,,,results/grid_searches/grid_patchtst_raw_autoLargest_L30_h10_thr10/checkpoints/trial_376_ca7bfa02d4.pt,results/grid_searches/grid_patchtst_raw_autoLargest_L30_h10_thr10/checkpoints/trial_376_ca7bfa02d4.pt,results/grid_searches/grid_patchtst_raw_autoLargest_L30_h10_thr10,83.2965202331543,False,cuda:0,
trial_379_5332eb3557,complete,raw,4,2,128,4,1,0.1,0.0005,0.0,22,1.4253496640816896,2.1361499945804128,,,results/grid_searches/grid_patchtst_raw_autoLargest_L30_h10_thr10/checkpoints/trial_379_5332eb3557.pt,results/grid_searches/grid_patchtst_raw_autoLargest_L30_h10_thr10/checkpoints/trial_379_5332eb3557.pt,results/grid_searches/grid_patchtst_raw_autoLargest_L30_h10_thr10,54.22103503346443,False,cuda:1,
trial_378_d6ecb88885,complete,raw,4,2,128,4,1,0.1,0.0003,0.0001,44,1.4625750879622712,2.221872726750765,,,results/grid_searches/grid_patchtst_raw_autoLargest_L30_h10_thr10/checkpoints/trial_378_d6ecb88885.pt,results/grid_searches/grid_patchtst_raw_autoLargest_L30_h10_thr10/checkpoints/trial_378_d6ecb88885.pt,results/grid_searches/grid_patchtst_raw_autoLargest_L30_h10_thr10,81.67444917932153,False,cuda:2,
trial_380_e528447426,complete,raw,4,2,128,4,1,0.1,0.0005,1e-05,19,1.4822723615348716,2.1702766581803146,,,results/grid_searches/grid_patchtst_raw_autoLargest_L30_h10_thr10/checkpoints/trial_380_e528447426.pt,results/grid_searches/grid_patchtst_raw_autoLargest_L30_h10_thr10/checkpoints/trial_380_e528447426.pt,results/grid_searches/grid_patchtst_raw_autoLargest_L30_h10_thr10,49.609031066298485,False,cuda:0,
trial_382_13f44667ad,complete,raw,4,2,128,4,1,0.1,0.001,0.0,22,1.4774062919494095,2.258259796395213,,,results/grid_searches/grid_patchtst_raw_autoLargest_L30_h10_thr10/checkpoints/trial_382_13f44667ad.pt,results/grid_searches/grid_patchtst_raw_autoLargest_L30_h10_thr10/checkpoints/trial_382_13f44667ad.pt,results/grid_searches/grid_patchtst_raw_autoLargest_L30_h10_thr10,50.43274576961994,False,cuda:2,
trial_383_d0b1404270,complete,raw,4,2,128,4,1,0.1,0.001,1e-05,22,1.4316252785751338,2.101657371092558,,,results/grid_searches/grid_patchtst_raw_autoLargest_L30_h10_thr10/checkpoints/trial_383_d0b1404270.pt,results/grid_searches/grid_patchtst_raw_autoLargest_L30_h10_thr10/checkpoints/trial_383_d0b1404270.pt,results/grid_searches/grid_patchtst_raw_autoLargest_L30_h10_thr10,54.407137002795935,False,cuda:0,
trial_381_95feb22b7b,complete,raw,4,2,128,4,1,0.1,0.0005,0.0001,33,1.4438225764960428,2.1638121343356556,,,results/grid_searches/grid_patchtst_raw_autoLargest_L30_h10_thr10/checkpoints/trial_381_95feb22b7b.pt,results/grid_searches/grid_patchtst_raw_autoLargest_L30_h10_thr10/checkpoints/trial_381_95feb22b7b.pt,results/grid_searches/grid_patchtst_raw_autoLargest_L30_h10_thr10,70.02885372936726,False,cuda:1,
trial_384_48d2d54580,complete,raw,4,2,128,4,1,0.1,0.001,0.0001,33,1.4681428605539701,2.1826136265777203,,,results/grid_searches/grid_patchtst_raw_autoLargest_L30_h10_thr10/checkpoints/trial_384_48d2d54580.pt,results/grid_searches/grid_patchtst_raw_autoLargest_L30_h10_thr10/checkpoints/trial_384_48d2d54580.pt,results/grid_searches/grid_patchtst_raw_autoLargest_L30_h10_thr10,67.73960440978408,False,cuda:2,
trial_385_6c932fb153,complete,raw,4,2,128,4,2,0.0,0.0001,0.0,17,1.523634438376072,2.188646471808627,,,results/grid_searches/grid_patchtst_raw_autoLargest_L30_h10_thr10/checkpoints/trial_385_6c932fb153.pt,results/grid_searches/grid_patchtst_raw_autoLargest_L30_h10_thr10/checkpoints/trial_385_6c932fb153.pt,results/grid_searches/grid_patchtst_raw_autoLargest_L30_h10_thr10,67.10837776586413,False,cuda:0,
trial_386_089c55d244,complete,raw,4,2,128,4,2,0.0,0.0001,1e-05,22,1.4319035740715416,2.1909714094546597,,,results/grid_searches/grid_patchtst_raw_autoLargest_L30_h10_thr10/checkpoints/trial_386_089c55d244.pt,results/grid_searches/grid_patchtst_raw_autoLargest_L30_h10_thr10/checkpoints/trial_386_089c55d244.pt,results/grid_searches/grid_patchtst_raw_autoLargest_L30_h10_thr10,80.44209233671427,False,cuda:1,
trial_387_8708cd8afa,complete,raw,4,2,128,4,2,0.0,0.0001,0.0001,17,1.470654123335888,2.1612688828583746,,,results/grid_searches/grid_patchtst_raw_autoLargest_L30_h10_thr10/checkpoints/trial_387_8708cd8afa.pt,results/grid_searches/grid_patchtst_raw_autoLargest_L30_h10_thr10/checkpoints/trial_387_8708cd8afa.pt,results/grid_searches/grid_patchtst_raw_autoLargest_L30_h10_thr10,67.32963779941201,False,cuda:2,
trial_388_8dcb92557e,complete,raw,4,2,128,4,2,0.0,0.0003,0.0,14,1.4690862893765864,2.1045315690111797,,,results/grid_searches/grid_patchtst_raw_autoLargest_L30_h10_thr10/checkpoints/trial_388_8dcb92557e.pt,results/grid_searches/grid_patchtst_raw_autoLargest_L30_h10_thr10/checkpoints/trial_388_8dcb92557e.pt,results/grid_searches/grid_patchtst_raw_autoLargest_L30_h10_thr10,61.340977001935244,False,cuda:0,
trial_389_e5caabae9b,complete,raw,4,2,128,4,2,0.0,0.0003,1e-05,5,1.4934922056343358,2.1777110692825996,,,results/grid_searches/grid_patchtst_raw_autoLargest_L30_h10_thr10/checkpoints/trial_389_e5caabae9b.pt,results/grid_searches/grid_patchtst_raw_autoLargest_L30_h10_thr10/checkpoints/trial_389_e5caabae9b.pt,results/grid_searches/grid_patchtst_raw_autoLargest_L30_h10_thr10,43.39973221346736,False,cuda:1,
trial_392_cde8030452,complete,raw,4,2,128,4,2,0.0,0.0005,1e-05,19,1.453141569205666,2.148309784270187,,,results/grid_searches/grid_patchtst_raw_autoLargest_L30_h10_thr10/checkpoints/trial_392_cde8030452.pt,results/grid_searches/grid_patchtst_raw_autoLargest_L30_h10_thr10/checkpoints/trial_392_cde8030452.pt,results/grid_searches/grid_patchtst_raw_autoLargest_L30_h10_thr10,74.60200678929687,False,cuda:1,
trial_391_ae02274451,complete,raw,4,2,128,4,2,0.0,0.0005,0.0,22,1.4707660675284606,2.3571543691773473,,,results/grid_searches/grid_patchtst_raw_autoLargest_L30_h10_thr10/checkpoints/trial_391_ae02274451.pt,results/grid_searches/grid_patchtst_raw_autoLargest_L30_h10_thr10/checkpoints/trial_391_ae02274451.pt,results/grid_searches/grid_patchtst_raw_autoLargest_L30_h10_thr10,79.31263948976994,False,cuda:0,
trial_390_9302044302,complete,raw,4,2,128,4,2,0.0,0.0003,0.0001,27,1.4479408430911695,2.1369445046603186,,,results/grid_searches/grid_patchtst_raw_autoLargest_L30_h10_thr10/checkpoints/trial_390_9302044302.pt,results/grid_searches/grid_patchtst_raw_autoLargest_L30_h10_thr10/checkpoints/trial_390_9302044302.pt,results/grid_searches/grid_patchtst_raw_autoLargest_L30_h10_thr10,86.16666715219617,False,cuda:2,
trial_394_334dd1a31f,complete,raw,4,2,128,4,2,0.0,0.001,0.0,10,1.4509101354821197,2.109421916982321,,,results/grid_searches/grid_patchtst_raw_autoLargest_L30_h10_thr10/checkpoints/trial_394_334dd1a31f.pt,results/grid_searches/grid_patchtst_raw_autoLargest_L30_h10_thr10/checkpoints/trial_394_334dd1a31f.pt,results/grid_searches/grid_patchtst_raw_autoLargest_L30_h10_thr10,54.39618394896388,False,cuda:0,
trial_395_da29ff8182,complete,raw,4,2,128,4,2,0.0,0.001,1e-05,17,1.4995747266549475,2.1378590868997236,,,results/grid_searches/grid_patchtst_raw_autoLargest_L30_h10_thr10/checkpoints/trial_395_da29ff8182.pt,results/grid_searches/grid_patchtst_raw_autoLargest_L30_h10_thr10/checkpoints/trial_395_da29ff8182.pt,results/grid_searches/grid_patchtst_raw_autoLargest_L30_h10_thr10,66.04363599792123,False,cuda:2,
trial_393_fb426910fe,complete,raw,4,2,128,4,2,0.0,0.0005,0.0001,22,1.4253530635345208,2.185122547126748,,,results/grid_searches/grid_patchtst_raw_autoLargest_L30_h10_thr10/checkpoints/trial_393_fb426910fe.pt,results/grid_searches/grid_patchtst_raw_autoLargest_L30_h10_thr10/checkpoints/trial_393_fb426910fe.pt,results/grid_searches/grid_patchtst_raw_autoLargest_L30_h10_thr10,81.4963363930583,False,cuda:1,
trial_396_670f5e4006,complete,raw,4,2,128,4,2,0.0,0.001,0.0001,27,1.4313886723110947,2.109293043872823,,,results/grid_searches/grid_patchtst_raw_autoLargest_L30_h10_thr10/checkpoints/trial_396_670f5e4006.pt,results/grid_searches/grid_patchtst_raw_autoLargest_L30_h10_thr10/checkpoints/trial_396_670f5e4006.pt,results/grid_searches/grid_patchtst_raw_autoLargest_L30_h10_thr10,91.27398254722357,False,cuda:0,
trial_397_e74e5978a5,complete,raw,4,2,128,4,2,0.1,0.0001,0.0,22,1.4491494390226995,2.1801000021184858,,,results/grid_searches/grid_patchtst_raw_autoLargest_L30_h10_thr10/checkpoints/trial_397_e74e5978a5.pt,results/grid_searches/grid_patchtst_raw_autoLargest_L30_h10_thr10/checkpoints/trial_397_e74e5978a5.pt,results/grid_searches/grid_patchtst_raw_autoLargest_L30_h10_thr10,80.01679354906082,False,cuda:2,
trial_398_cd262971fa,complete,raw,4,2,128,4,2,0.1,0.0001,1e-05,22,1.4260131838776267,2.132613153975451,,,results/grid_searches/grid_patchtst_raw_autoLargest_L30_h10_thr10/checkpoints/trial_398_cd262971fa.pt,results/grid_searches/grid_patchtst_raw_autoLargest_L30_h10_thr10/checkpoints/trial_398_cd262971fa.pt,results/grid_searches/grid_patchtst_raw_autoLargest_L30_h10_thr10,85.8986782617867,False,cuda:1,
trial_399_b92805c17c,complete,raw,4,2,128,4,2,0.1,0.0001,0.0001,22,1.4684886895638856,2.145826664375872,,,results/grid_searches/grid_patchtst_raw_autoLargest_L30_h10_thr10/checkpoints/trial_399_b92805c17c.pt,results/grid_searches/grid_patchtst_raw_autoLargest_L30_h10_thr10/checkpoints/trial_399_b92805c17c.pt,results/grid_searches/grid_patchtst_raw_autoLargest_L30_h10_thr10,83.35175980627537,False,cuda:0,
trial_400_710d46262f,complete,raw,4,2,128,4,2,0.1,0.0003,0.0,31,1.4852584554421233,2.33647754385798,,,results/grid_searches/grid_patchtst_raw_autoLargest_L30_h10_thr10/checkpoints/trial_400_710d46262f.pt,results/grid_searches/grid_patchtst_raw_autoLargest_L30_h10_thr10/checkpoints/trial_400_710d46262f.pt,results/grid_searches/grid_patchtst_raw_autoLargest_L30_h10_thr10,101.47911252453923,False,cuda:2,
trial_401_4f608152c4,complete,raw,4,2,128,4,2,0.1,0.0003,1e-05,28,1.4690281485035261,2.1631483051817724,,,results/grid_searches/grid_patchtst_raw_autoLargest_L30_h10_thr10/checkpoints/trial_401_4f608152c4.pt,results/grid_searches/grid_patchtst_raw_autoLargest_L30_h10_thr10/checkpoints/trial_401_4f608152c4.pt,results/grid_searches/grid_patchtst_raw_autoLargest_L30_h10_thr10,100.29829120635986,False,cuda:1,
trial_402_575df9d8b6,complete,raw,4,2,128,4,2,0.1,0.0003,0.0001,5,1.6404195429337554,2.4454942452317923,,,results/grid_searches/grid_patchtst_raw_autoLargest_L30_h10_thr10/checkpoints/trial_402_575df9d8b6.pt,results/grid_searches/grid_patchtst_raw_autoLargest_L30_h10_thr10/checkpoints/trial_402_575df9d8b6.pt,results/grid_searches/grid_patchtst_raw_autoLargest_L30_h10_thr10,46.11045668274164,False,cuda:0,
trial_403_40d5b48fa2,complete,raw,4,2,128,4,2,0.1,0.0005,0.0,35,1.4351372776701574,2.1856969139572837,,,results/grid_searches/grid_patchtst_raw_autoLargest_L30_h10_thr10/checkpoints/trial_403_40d5b48fa2.pt,results/grid_searches/grid_patchtst_raw_autoLargest_L30_h10_thr10/checkpoints/trial_403_40d5b48fa2.pt,results/grid_searches/grid_patchtst_raw_autoLargest_L30_h10_thr10,109.11508838832378,False,cuda:2,
trial_404_6c9ec16b84,complete,raw,4,2,128,4,2,0.1,0.0005,1e-05,30,1.4699536472219454,2.3827686455188117,,,results/grid_searches/grid_patchtst_raw_autoLargest_L30_h10_thr10/checkpoints/trial_404_6c9ec16b84.pt,results/grid_searches/grid_patchtst_raw_autoLargest_L30_h10_thr10/checkpoints/trial_404_6c9ec16b84.pt,results/grid_searches/grid_patchtst_raw_autoLargest_L30_h10_thr10,105.62826097011566,False,cuda:1,
trial_405_de958818b5,complete,raw,4,2,128,4,2,0.1,0.0005,0.0001,30,1.4186919647648553,2.174854011616628,,,results/grid_searches/grid_patchtst_raw_autoLargest_L30_h10_thr10/checkpoints/trial_405_de958818b5.pt,results/grid_searches/grid_patchtst_raw_autoLargest_L30_h10_thr10/checkpoints/trial_405_de958818b5.pt,results/grid_searches/grid_patchtst_raw_autoLargest_L30_h10_thr10,102.64430747553706,False,cuda:0,
trial_406_0e963035ac,complete,raw,4,2,128,4,2,0.1,0.001,0.0,29,1.4578372004977134,2.294077280588803,,,results/grid_searches/grid_patchtst_raw_autoLargest_L30_h10_thr10/checkpoints/trial_406_0e963035ac.pt,results/grid_searches/grid_patchtst_raw_autoLargest_L30_h10_thr10/checkpoints/trial_406_0e963035ac.pt,results/grid_searches/grid_patchtst_raw_autoLargest_L30_h10_thr10,95.54212596267462,False,cuda:2,
trial_407_f10c0035b5,complete,raw,4,2,128,4,2,0.1,0.001,1e-05,27,1.4437605218315803,2.1320138492365173,,,results/grid_searches/grid_patchtst_raw_autoLargest_L30_h10_thr10/checkpoints/trial_407_f10c0035b5.pt,results/grid_searches/grid_patchtst_raw_autoLargest_L30_h10_thr10/checkpoints/trial_407_f10c0035b5.pt,results/grid_searches/grid_patchtst_raw_autoLargest_L30_h10_thr10,95.86050099134445,False,cuda:1,
trial_408_a44e8703e7,complete,raw,4,2,128,4,2,0.1,0.001,0.0001,27,1.4892928289009046,2.320317125681331,,,results/grid_searches/grid_patchtst_raw_autoLargest_L30_h10_thr10/checkpoints/trial_408_a44e8703e7.pt,results/grid_searches/grid_patchtst_raw_autoLargest_L30_h10_thr10/checkpoints/trial_408_a44e8703e7.pt,results/grid_searches/grid_patchtst_raw_autoLargest_L30_h10_thr10,96.12524629756808,False,cuda:0,
trial_410_27bc22222c,complete,raw,4,2,128,4,3,0.0,0.0001,1e-05,6,1.4909217555434267,2.1789387854780937,,,results/grid_searches/grid_patchtst_raw_autoLargest_L30_h10_thr10/checkpoints/trial_410_27bc22222c.pt,results/grid_searches/grid_patchtst_raw_autoLargest_L30_h10_thr10/checkpoints/trial_410_27bc22222c.pt,results/grid_searches/grid_patchtst_raw_autoLargest_L30_h10_thr10,62.14077711105347,False,cuda:1,
trial_409_e1744eb761,complete,raw,4,2,128,4,3,0.0,0.0001,0.0,22,1.4344913946459943,2.1759089759493784,,,results/grid_searches/grid_patchtst_raw_autoLargest_L30_h10_thr10/checkpoints/trial_409_e1744eb761.pt,results/grid_searches/grid_patchtst_raw_autoLargest_L30_h10_thr10/checkpoints/trial_409_e1744eb761.pt,results/grid_searches/grid_patchtst_raw_autoLargest_L30_h10_thr10,102.42696510255337,False,cuda:2,
trial_411_55bddda9db,complete,raw,4,2,128,4,3,0.0,0.0001,0.0001,28,1.4782469660505841,2.1537977085859734,,,results/grid_searches/grid_patchtst_raw_autoLargest_L30_h10_thr10/checkpoints/trial_411_55bddda9db.pt,results/grid_searches/grid_patchtst_raw_autoLargest_L30_h10_thr10/checkpoints/trial_411_55bddda9db.pt,results/grid_searches/grid_patchtst_raw_autoLargest_L30_h10_thr10,125.89676664024591,False,cuda:0,
trial_413_b8f72a883d,complete,raw,4,2,128,4,3,0.0,0.0003,1e-05,8,1.504828456905258,2.323620245128355,,,results/grid_searches/grid_patchtst_raw_autoLargest_L30_h10_thr10/checkpoints/trial_413_b8f72a883d.pt,results/grid_searches/grid_patchtst_raw_autoLargest_L30_h10_thr10/checkpoints/trial_413_b8f72a883d.pt,results/grid_searches/grid_patchtst_raw_autoLargest_L30_h10_thr10,64.66377267986536,False,cuda:2,
trial_412_83750281d0,complete,raw,4,2,128,4,3,0.0,0.0003,0.0,19,1.4335082102208576,2.1721135719384024,,,results/grid_searches/grid_patchtst_raw_autoLargest_L30_h10_thr10/checkpoints/trial_412_83750281d0.pt,results/grid_searches/grid_patchtst_raw_autoLargest_L30_h10_thr10/checkpoints/trial_412_83750281d0.pt,results/grid_searches/grid_patchtst_raw_autoLargest_L30_h10_thr10,98.23149828240275,False,cuda:1,
trial_414_4cfb9b89e4,complete,raw,4,2,128,4,3,0.0,0.0003,0.0001,6,1.4724635725166602,2.29130272335943,,,results/grid_searches/grid_patchtst_raw_autoLargest_L30_h10_thr10/checkpoints/trial_414_4cfb9b89e4.pt,results/grid_searches/grid_patchtst_raw_autoLargest_L30_h10_thr10/checkpoints/trial_414_4cfb9b89e4.pt,results/grid_searches/grid_patchtst_raw_autoLargest_L30_h10_thr10,62.155472882092,False,cuda:0,
trial_415_2813b2f166,complete,raw,4,2,128,4,3,0.0,0.0005,0.0,24,1.4719225432421965,2.193823269762632,,,results/grid_searches/grid_patchtst_raw_autoLargest_L30_h10_thr10/checkpoints/trial_415_2813b2f166.pt,results/grid_searches/grid_patchtst_raw_autoLargest_L30_h10_thr10/checkpoints/trial_415_2813b2f166.pt,results/grid_searches/grid_patchtst_raw_autoLargest_L30_h10_thr10,108.43328864127398,False,cuda:2,
trial_416_53783b1950,complete,raw,4,2,128,4,3,0.0,0.0005,1e-05,40,1.4713598367090843,2.1265941174297613,,,results/grid_searches/grid_patchtst_raw_autoLargest_L30_h10_thr10/checkpoints/trial_416_53783b1950.pt,results/grid_searches/grid_patchtst_raw_autoLargest_L30_h10_thr10/checkpoints/trial_416_53783b1950.pt,results/grid_searches/grid_patchtst_raw_autoLargest_L30_h10_thr10,161.29328513517976,False,cuda:1,
trial_417_e6dc4cebe6,complete,raw,4,2,128,4,3,0.0,0.0005,0.0001,43,1.4385704792960534,2.163168950053884,,,results/grid_searches/grid_patchtst_raw_autoLargest_L30_h10_thr10/checkpoints/trial_417_e6dc4cebe6.pt,results/grid_searches/grid_patchtst_raw_autoLargest_L30_h10_thr10/checkpoints/trial_417_e6dc4cebe6.pt,results/grid_searches/grid_patchtst_raw_autoLargest_L30_h10_thr10,170.01227274164557,False,cuda:0,
trial_418_ea73bb9d75,complete,raw,4,2,128,4,3,0.0,0.001,0.0,32,1.446384125692369,2.1704309357383664,,,results/grid_searches/grid_patchtst_raw_autoLargest_L30_h10_thr10/checkpoints/trial_418_ea73bb9d75.pt,results/grid_searches/grid_patchtst_raw_autoLargest_L30_h10_thr10/checkpoints/trial_418_ea73bb9d75.pt,results/grid_searches/grid_patchtst_raw_autoLargest_L30_h10_thr10,128.16245142742991,False,cuda:2,
trial_419_b2993e8e94,complete,raw,4,2,128,4,3,0.0,0.001,1e-05,27,1.4517179770263124,2.1506862865033174,,,results/grid_searches/grid_patchtst_raw_autoLargest_L30_h10_thr10/checkpoints/trial_419_b2993e8e94.pt,results/grid_searches/grid_patchtst_raw_autoLargest_L30_h10_thr10/checkpoints/trial_419_b2993e8e94.pt,results/grid_searches/grid_patchtst_raw_autoLargest_L30_h10_thr10,120.89599130302668,False,cuda:1,
trial_420_0d8023eb8b,complete,raw,4,2,128,4,3,0.0,0.001,0.0001,29,1.4428599722183582,2.1159155492290274,,,results/grid_searches/grid_patchtst_raw_autoLargest_L30_h10_thr10/checkpoints/trial_420_0d8023eb8b.pt,results/grid_searches/grid_patchtst_raw_autoLargest_L30_h10_thr10/checkpoints/trial_420_0d8023eb8b.pt,results/grid_searches/grid_patchtst_raw_autoLargest_L30_h10_thr10,129.0428387708962,False,cuda:0,
trial_421_2814116691,complete,raw,4,2,128,4,3,0.1,0.0001,0.0,22,1.4508702099068633,2.168594549338487,,,results/grid_searches/grid_patchtst_raw_autoLargest_L30_h10_thr10/checkpoints/trial_421_2814116691.pt,results/grid_searches/grid_patchtst_raw_autoLargest_L30_h10_thr10/checkpoints/trial_421_2814116691.pt,results/grid_searches/grid_patchtst_raw_autoLargest_L30_h10_thr10,106.94524395465851,False,cuda:2,
trial_422_1b5f4f9a91,complete,raw,4,2,128,4,3,0.1,0.0001,1e-05,14,1.48877903156737,2.2230082442879153,,,results/grid_searches/grid_patchtst_raw_autoLargest_L30_h10_thr10/checkpoints/trial_422_1b5f4f9a91.pt,results/grid_searches/grid_patchtst_raw_autoLargest_L30_h10_thr10/checkpoints/trial_422_1b5f4f9a91.pt,results/grid_searches/grid_patchtst_raw_autoLargest_L30_h10_thr10,89.4449372626841,False,cuda:1,
trial_424_ede980fe07,complete,raw,4,2,128,4,3,0.1,0.0003,0.0,5,1.6825974700581046,2.8555883925098224,,,results/grid_searches/grid_patchtst_raw_autoLargest_L30_h10_thr10/checkpoints/trial_424_ede980fe07.pt,results/grid_searches/grid_patchtst_raw_autoLargest_L30_h10_thr10/checkpoints/trial_424_ede980fe07.pt,results/grid_searches/grid_patchtst_raw_autoLargest_L30_h10_thr10,57.480085007846355,False,cuda:2,
trial_423_c5af912316,complete,raw,4,2,128,4,3,0.1,0.0001,0.0001,27,1.4656401270561958,2.149633128312975,,,results/grid_searches/grid_patchtst_raw_autoLargest_L30_h10_thr10/checkpoints/trial_423_c5af912316.pt,results/grid_searches/grid_patchtst_raw_autoLargest_L30_h10_thr10/checkpoints/trial_423_c5af912316.pt,results/grid_searches/grid_patchtst_raw_autoLargest_L30_h10_thr10,129.42388430982828,False,cuda:0,
trial_425_3eafb57195,complete,raw,4,2,128,4,3,0.1,0.0003,1e-05,17,1.5039659900538906,2.4697089470657523,,,results/grid_searches/grid_patchtst_raw_autoLargest_L30_h10_thr10/checkpoints/trial_425_3eafb57195.pt,results/grid_searches/grid_patchtst_raw_autoLargest_L30_h10_thr10/checkpoints/trial_425_3eafb57195.pt,results/grid_searches/grid_patchtst_raw_autoLargest_L30_h10_thr10,97.87446075305343,False,cuda:1,
trial_427_757e63e324,complete,raw,4,2,128,4,3,0.1,0.0005,0.0,1,2.394303538294721,4.0737640570383356,,,results/grid_searches/grid_patchtst_raw_autoLargest_L30_h10_thr10/checkpoints/trial_427_757e63e324.pt,results/grid_searches/grid_patchtst_raw_autoLargest_L30_h10_thr10/checkpoints/trial_427_757e63e324.pt,results/grid_searches/grid_patchtst_raw_autoLargest_L30_h10_thr10,48.105408020317554,False,cuda:0,
trial_426_c540326db9,complete,raw,4,2,128,4,3,0.1,0.0003,0.0001,28,1.4632714532758992,2.1839792627943138,,,results/grid_searches/grid_patchtst_raw_autoLargest_L30_h10_thr10/checkpoints/trial_426_c540326db9.pt,results/grid_searches/grid_patchtst_raw_autoLargest_L30_h10_thr10/checkpoints/trial_426_c540326db9.pt,results/grid_searches/grid_patchtst_raw_autoLargest_L30_h10_thr10,127.68267360329628,False,cuda:2,
trial_428_37324297fe,complete,raw,4,2,128,4,3,0.1,0.0005,1e-05,14,1.7558619408677274,3.1041145032988333,,,results/grid_searches/grid_patchtst_raw_autoLargest_L30_h10_thr10/checkpoints/trial_428_37324297fe.pt,results/grid_searches/grid_patchtst_raw_autoLargest_L30_h10_thr10/checkpoints/trial_428_37324297fe.pt,results/grid_searches/grid_patchtst_raw_autoLargest_L30_h10_thr10,90.02621102705598,False,cuda:1,
trial_429_2e70db49f2,complete,raw,4,2,128,4,3,0.1,0.0005,0.0001,3,1.652487893905255,2.71045057420138,,,results/grid_searches/grid_patchtst_raw_autoLargest_L30_h10_thr10/checkpoints/trial_429_2e70db49f2.pt,results/grid_searches/grid_patchtst_raw_autoLargest_L30_h10_thr10/checkpoints/trial_429_2e70db49f2.pt,results/grid_searches/grid_patchtst_raw_autoLargest_L30_h10_thr10,55.30840553715825,False,cuda:0,
trial_432_0b447bf590,complete,raw,4,2,128,4,3,0.1,0.001,0.0001,1,2.0401649362714136,3.2017414497743886,,,results/grid_searches/grid_patchtst_raw_autoLargest_L30_h10_thr10/checkpoints/trial_432_0b447bf590.pt,results/grid_searches/grid_patchtst_raw_autoLargest_L30_h10_thr10/checkpoints/trial_432_0b447bf590.pt,results/grid_searches/grid_patchtst_raw_autoLargest_L30_h10_thr10,49.97170336171985,False,cuda:0,
trial_433_23418f48de,complete,raw,4,5,32,2,1,0.0,0.0001,0.0,15,1.5709686184052047,2.182304235242454,,,results/grid_searches/grid_patchtst_raw_autoLargest_L30_h10_thr10/checkpoints/trial_433_23418f48de.pt,results/grid_searches/grid_patchtst_raw_autoLargest_L30_h10_thr10/checkpoints/trial_433_23418f48de.pt,results/grid_searches/grid_patchtst_raw_autoLargest_L30_h10_thr10,41.08366297185421,False,cuda:0,
trial_430_f883fcb34f,complete,raw,4,2,128,4,3,0.1,0.001,0.0,38,1.4121870063990354,2.135321391397488,,,results/grid_searches/grid_patchtst_raw_autoLargest_L30_h10_thr10/checkpoints/trial_430_f883fcb34f.pt,results/grid_searches/grid_patchtst_raw_autoLargest_L30_h10_thr10/checkpoints/trial_430_f883fcb34f.pt,results/grid_searches/grid_patchtst_raw_autoLargest_L30_h10_thr10,154.6756644435227,False,cuda:2,
trial_431_2969e3f675,complete,raw,4,2,128,4,3,0.1,0.001,1e-05,26,1.4408270872289999,2.2173482488610574,,,results/grid_searches/grid_patchtst_raw_autoLargest_L30_h10_thr10/checkpoints/trial_431_2969e3f675.pt,results/grid_searches/grid_patchtst_raw_autoLargest_L30_h10_thr10/checkpoints/trial_431_2969e3f675.pt,results/grid_searches/grid_patchtst_raw_autoLargest_L30_h10_thr10,124.40673758462071,False,cuda:1,
trial_434_44c449f8dd,complete,raw,4,5,32,2,1,0.0,0.0001,1e-05,15,1.5702099939954433,2.1846836580830358,,,results/grid_searches/grid_patchtst_raw_autoLargest_L30_h10_thr10/checkpoints/trial_434_44c449f8dd.pt,results/grid_searches/grid_patchtst_raw_autoLargest_L30_h10_thr10/checkpoints/trial_434_44c449f8dd.pt,results/grid_searches/grid_patchtst_raw_autoLargest_L30_h10_thr10,42.2356080673635,False,cuda:0,
trial_435_cd9b302045,complete,raw,4,5,32,2,1,0.0,0.0001,0.0001,15,1.5690790668554322,2.19160088229946,,,results/grid_searches/grid_patchtst_raw_autoLargest_L30_h10_thr10/checkpoints/trial_435_cd9b302045.pt,results/grid_searches/grid_patchtst_raw_autoLargest_L30_h10_thr10/checkpoints/trial_435_cd9b302045.pt,results/grid_searches/grid_patchtst_raw_autoLargest_L30_h10_thr10,40.224562864750624,False,cuda:2,
trial_436_051cf2df09,complete,raw,4,5,32,2,1,0.0,0.0003,0.0,19,1.516823998871672,2.1608139501305605,,,results/grid_searches/grid_patchtst_raw_autoLargest_L30_h10_thr10/checkpoints/trial_436_051cf2df09.pt,results/grid_searches/grid_patchtst_raw_autoLargest_L30_h10_thr10/checkpoints/trial_436_051cf2df09.pt,results/grid_searches/grid_patchtst_raw_autoLargest_L30_h10_thr10,46.607778802514076,False,cuda:1,
trial_438_4032f465b9,complete,raw,4,5,32,2,1,0.0,0.0003,0.0001,4,1.6132280572956499,2.1956128179746166,,,results/grid_searches/grid_patchtst_raw_autoLargest_L30_h10_thr10/checkpoints/trial_438_4032f465b9.pt,results/grid_searches/grid_patchtst_raw_autoLargest_L30_h10_thr10/checkpoints/trial_438_4032f465b9.pt,results/grid_searches/grid_patchtst_raw_autoLargest_L30_h10_thr10,25.260976262390614,False,cuda:2,
trial_439_eaea4b16f9,complete,raw,4,5,32,2,1,0.0,0.0005,0.0,2,1.622929813760934,2.2388081391572876,,,results/grid_searches/grid_patchtst_raw_autoLargest_L30_h10_thr10/checkpoints/trial_439_eaea4b16f9.pt,results/grid_searches/grid_patchtst_raw_autoLargest_L30_h10_thr10/checkpoints/trial_439_eaea4b16f9.pt,results/grid_searches/grid_patchtst_raw_autoLargest_L30_h10_thr10,23.243420761078596,False,cuda:1,
trial_437_d0eff12471,complete,raw,4,5,32,2,1,0.0,0.0003,1e-05,24,1.5260459494826537,2.2176595611761165,,,results/grid_searches/grid_patchtst_raw_autoLargest_L30_h10_thr10/checkpoints/trial_437_d0eff12471.pt,results/grid_searches/grid_patchtst_raw_autoLargest_L30_h10_thr10/checkpoints/trial_437_d0eff12471.pt,results/grid_searches/grid_patchtst_raw_autoLargest_L30_h10_thr10,53.97165744006634,False,cuda:0,
trial_440_8cf4cfadb5,complete,raw,4,5,32,2,1,0.0,0.0005,1e-05,6,1.5235386182546993,2.1498055445491495,,,results/grid_searches/grid_patchtst_raw_autoLargest_L30_h10_thr10/checkpoints/trial_440_8cf4cfadb5.pt,results/grid_searches/grid_patchtst_raw_autoLargest_L30_h10_thr10/checkpoints/trial_440_8cf4cfadb5.pt,results/grid_searches/grid_patchtst_raw_autoLargest_L30_h10_thr10,27.951176635921,False,cuda:2,
trial_442_abb336b7dd,complete,raw,4,5,32,2,1,0.0,0.001,0.0,2,1.5879856365853096,2.2118477528932856,,,results/grid_searches/grid_patchtst_raw_autoLargest_L30_h10_thr10/checkpoints/trial_442_abb336b7dd.pt,results/grid_searches/grid_patchtst_raw_autoLargest_L30_h10_thr10/checkpoints/trial_442_abb336b7dd.pt,results/grid_searches/grid_patchtst_raw_autoLargest_L30_h10_thr10,22.89733575284481,False,cuda:0,
trial_441_e0f77f1fdd,complete,raw,4,5,32,2,1,0.0,0.0005,0.0001,6,1.5268841782976177,2.1510954207324646,,,results/grid_searches/grid_patchtst_raw_autoLargest_L30_h10_thr10/checkpoints/trial_441_e0f77f1fdd.pt,results/grid_searches/grid_patchtst_raw_autoLargest_L30_h10_thr10/checkpoints/trial_441_e0f77f1fdd.pt,results/grid_searches/grid_patchtst_raw_autoLargest_L30_h10_thr10,29.635877441614866,False,cuda:1,
trial_443_3480eb5fd0,complete,raw,4,5,32,2,1,0.0,0.001,1e-05,19,1.4969494336437952,2.138572664757658,,,results/grid_searches/grid_patchtst_raw_autoLargest_L30_h10_thr10/checkpoints/trial_443_3480eb5fd0.pt,results/grid_searches/grid_patchtst_raw_autoLargest_L30_h10_thr10/checkpoints/trial_443_3480eb5fd0.pt,results/grid_searches/grid_patchtst_raw_autoLargest_L30_h10_thr10,45.72037289664149,False,cuda:2,
trial_445_53cf7dac6b,complete,raw,4,5,32,2,1,0.1,0.0001,0.0,17,1.6043792381665751,2.251921807887527,,,results/grid_searches/grid_patchtst_raw_autoLargest_L30_h10_thr10/checkpoints/trial_445_53cf7dac6b.pt,results/grid_searches/grid_patchtst_raw_autoLargest_L30_h10_thr10/checkpoints/trial_445_53cf7dac6b.pt,results/grid_searches/grid_patchtst_raw_autoLargest_L30_h10_thr10,45.584477331489325,False,cuda:1,
trial_444_5ac8f20487,complete,raw,4,5,32,2,1,0.0,0.001,0.0001,31,1.529843996345431,2.223914445348564,,,results/grid_searches/grid_patchtst_raw_autoLargest_L30_h10_thr10/checkpoints/trial_444_5ac8f20487.pt,results/grid_searches/grid_patchtst_raw_autoLargest_L30_h10_thr10/checkpoints/trial_444_5ac8f20487.pt,results/grid_searches/grid_patchtst_raw_autoLargest_L30_h10_thr10,63.95980520173907,False,cuda:0,
trial_446_316b2c9e45,complete,raw,4,5,32,2,1,0.1,0.0001,1e-05,17,1.6009287875900162,2.2297142441225413,,,results/grid_searches/grid_patchtst_raw_autoLargest_L30_h10_thr10/checkpoints/trial_446_316b2c9e45.pt,results/grid_searches/grid_patchtst_raw_autoLargest_L30_h10_thr10/checkpoints/trial_446_316b2c9e45.pt,results/grid_searches/grid_patchtst_raw_autoLargest_L30_h10_thr10,43.83663218840957,False,cuda:2,
trial_447_77c729dc98,complete,raw,4,5,32,2,1,0.1,0.0001,0.0001,35,1.6050713561314949,2.2655285223614365,,,results/grid_searches/grid_patchtst_raw_autoLargest_L30_h10_thr10/checkpoints/trial_447_77c729dc98.pt,results/grid_searches/grid_patchtst_raw_autoLargest_L30_h10_thr10/checkpoints/trial_447_77c729dc98.pt,results/grid_searches/grid_patchtst_raw_autoLargest_L30_h10_thr10,71.75415926799178,False,cuda:1,
trial_448_89583e574d,complete,raw,4,5,32,2,1,0.1,0.0003,0.0,27,1.5241368373973838,2.2285174713942797,,,results/grid_searches/grid_patchtst_raw_autoLargest_L30_h10_thr10/checkpoints/trial_448_89583e574d.pt,results/grid_searches/grid_patchtst_raw_autoLargest_L30_h10_thr10/checkpoints/trial_448_89583e574d.pt,results/grid_searches/grid_patchtst_raw_autoLargest_L30_h10_thr10,59.43929686397314,False,cuda:0,
trial_451_e80c688519,complete,raw,4,5,32,2,1,0.1,0.0005,0.0,2,1.666220350213632,2.2949106360247677,,,results/grid_searches/grid_patchtst_raw_autoLargest_L30_h10_thr10/checkpoints/trial_451_e80c688519.pt,results/grid_searches/grid_patchtst_raw_autoLargest_L30_h10_thr10/checkpoints/trial_451_e80c688519.pt,results/grid_searches/grid_patchtst_raw_autoLargest_L30_h10_thr10,23.805319149047136,False,cuda:0,
trial_449_0c34cad4e1,complete,raw,4,5,32,2,1,0.1,0.0003,1e-05,43,1.5284355239937955,2.209210504750933,,,results/grid_searches/grid_patchtst_raw_autoLargest_L30_h10_thr10/checkpoints/trial_449_0c34cad4e1.pt,results/grid_searches/grid_patchtst_raw_autoLargest_L30_h10_thr10/checkpoints/trial_449_0c34cad4e1.pt,results/grid_searches/grid_patchtst_raw_autoLargest_L30_h10_thr10,79.58775491267443,False,cuda:2,
trial_452_5f30728efc,complete,raw,4,5,32,2,1,0.1,0.0005,1e-05,2,1.689727791714706,2.331326214299951,,,results/grid_searches/grid_patchtst_raw_autoLargest_L30_h10_thr10/checkpoints/trial_452_5f30728efc.pt,results/grid_searches/grid_patchtst_raw_autoLargest_L30_h10_thr10/checkpoints/trial_452_5f30728efc.pt,results/grid_searches/grid_patchtst_raw_autoLargest_L30_h10_thr10,24.27831720560789,False,cuda:0,
trial_450_f8eefaafcd,complete,raw,4,5,32,2,1,0.1,0.0003,0.0001,21,1.5318763071760724,2.182087902142163,,,results/grid_searches/grid_patchtst_raw_autoLargest_L30_h10_thr10/checkpoints/trial_450_f8eefaafcd.pt,results/grid_searches/grid_patchtst_raw_autoLargest_L30_h10_thr10/checkpoints/trial_450_f8eefaafcd.pt,results/grid_searches/grid_patchtst_raw_autoLargest_L30_h10_thr10,51.71469387412071,False,cuda:1,
trial_453_63ca0f0a44,complete,raw,4,5,32,2,1,0.1,0.0005,0.0001,6,1.633689216723359,2.314024835136679,,,results/grid_searches/grid_patchtst_raw_autoLargest_L30_h10_thr10/checkpoints/trial_453_63ca0f0a44.pt,results/grid_searches/grid_patchtst_raw_autoLargest_L30_h10_thr10/checkpoints/trial_453_63ca0f0a44.pt,results/grid_searches/grid_patchtst_raw_autoLargest_L30_h10_thr10,28.491376914083958,False,cuda:2,
trial_454_90d8a3bac7,complete,raw,4,5,32,2,1,0.1,0.001,0.0,4,1.7137309926682258,2.318863167763653,,,results/grid_searches/grid_patchtst_raw_autoLargest_L30_h10_thr10/checkpoints/trial_454_90d8a3bac7.pt,results/grid_searches/grid_patchtst_raw_autoLargest_L30_h10_thr10/checkpoints/trial_454_90d8a3bac7.pt,results/grid_searches/grid_patchtst_raw_autoLargest_L30_h10_thr10,26.592191331088543,False,cuda:0,
trial_455_7ed32b1c8f,complete,raw,4,5,32,2,1,0.1,0.001,1e-05,4,1.600926513495513,2.2319706593436655,,,results/grid_searches/grid_patchtst_raw_autoLargest_L30_h10_thr10/checkpoints/trial_455_7ed32b1c8f.pt,results/grid_searches/grid_patchtst_raw_autoLargest_L30_h10_thr10/checkpoints/trial_455_7ed32b1c8f.pt,results/grid_searches/grid_patchtst_raw_autoLargest_L30_h10_thr10,26.896152779459953,False,cuda:1,
trial_456_2cbcfde54f,complete,raw,4,5,32,2,1,0.1,0.001,0.0001,5,1.5934641420850648,2.2683726899579573,,,results/grid_searches/grid_patchtst_raw_autoLargest_L30_h10_thr10/checkpoints/trial_456_2cbcfde54f.pt,results/grid_searches/grid_patchtst_raw_autoLargest_L30_h10_thr10/checkpoints/trial_456_2cbcfde54f.pt,results/grid_searches/grid_patchtst_raw_autoLargest_L30_h10_thr10,27.955848578363657,False,cuda:2,
trial_458_aeae05233d,complete,raw,4,5,32,2,2,0.0,0.0001,1e-05,8,1.5846520976939156,2.192447848029567,,,results/grid_searches/grid_patchtst_raw_autoLargest_L30_h10_thr10/checkpoints/trial_458_aeae05233d.pt,results/grid_searches/grid_patchtst_raw_autoLargest_L30_h10_thr10/checkpoints/trial_458_aeae05233d.pt,results/grid_searches/grid_patchtst_raw_autoLargest_L30_h10_thr10,49.882731929421425,False,cuda:1,
trial_459_d3317dcb80,complete,raw,4,5,32,2,2,0.0,0.0001,0.0001,8,1.5699517189749057,2.2108174157039584,,,results/grid_searches/grid_patchtst_raw_autoLargest_L30_h10_thr10/checkpoints/trial_459_d3317dcb80.pt,results/grid_searches/grid_patchtst_raw_autoLargest_L30_h10_thr10/checkpoints/trial_459_d3317dcb80.pt,results/grid_searches/grid_patchtst_raw_autoLargest_L30_h10_thr10,46.74531537666917,False,cuda:2,
trial_457_7f974c5f0e,complete,raw,4,5,32,2,2,0.0,0.0001,0.0,35,1.4955618370267787,2.207803366056717,,,results/grid_searches/grid_patchtst_raw_autoLargest_L30_h10_thr10/checkpoints/trial_457_7f974c5f0e.pt,results/grid_searches/grid_patchtst_raw_autoLargest_L30_h10_thr10/checkpoints/trial_457_7f974c5f0e.pt,results/grid_searches/grid_patchtst_raw_autoLargest_L30_h10_thr10,103.90000320225954,False,cuda:0,
trial_460_d71a7613c1,complete,raw,4,5,32,2,2,0.0,0.0003,0.0,27,1.4964397435937125,2.1542645489201617,,,results/grid_searches/grid_patchtst_raw_autoLargest_L30_h10_thr10/checkpoints/trial_460_d71a7613c1.pt,results/grid_searches/grid_patchtst_raw_autoLargest_L30_h10_thr10/checkpoints/trial_460_d71a7613c1.pt,results/grid_searches/grid_patchtst_raw_autoLargest_L30_h10_thr10,90.76383642107248,False,cuda:1,
trial_461_d448c07fe5,complete,raw,4,5,32,2,2,0.0,0.0003,1e-05,31,1.495304938793371,2.1433314152830953,,,results/grid_searches/grid_patchtst_raw_autoLargest_L30_h10_thr10/checkpoints/trial_461_d448c07fe5.pt,results/grid_searches/grid_patchtst_raw_autoLargest_L30_h10_thr10/checkpoints/trial_461_d448c07fe5.pt,results/grid_searches/grid_patchtst_raw_autoLargest_L30_h10_thr10,94.71041794121265,False,cuda:2,
trial_462_0015884fca,complete,raw,4,5,32,2,2,0.0,0.0003,0.0001,19,1.5112408273931168,2.186676776535234,,,results/grid_searches/grid_patchtst_raw_autoLargest_L30_h10_thr10/checkpoints/trial_462_0015884fca.pt,results/grid_searches/grid_patchtst_raw_autoLargest_L30_h10_thr10/checkpoints/trial_462_0015884fca.pt,results/grid_searches/grid_patchtst_raw_autoLargest_L30_h10_thr10,72.46903055533767,False,cuda:0,
trial_465_753b7d163a,complete,raw,4,5,32,2,2,0.0,0.0005,0.0001,5,1.5625084674745044,2.191149408871995,,,results/grid_searches/grid_patchtst_raw_autoLargest_L30_h10_thr10/checkpoints/trial_465_753b7d163a.pt,results/grid_searches/grid_patchtst_raw_autoLargest_L30_h10_thr10/checkpoints/trial_465_753b7d163a.pt,results/grid_searches/grid_patchtst_raw_autoLargest_L30_h10_thr10,42.5122093744576,False,cuda:0,
trial_464_d8df960fc8,complete,raw,4,5,32,2,2,0.0,0.0005,1e-05,19,1.494542670073577,2.146110126953845,,,results/grid_searches/grid_patchtst_raw_autoLargest_L30_h10_thr10/checkpoints/trial_464_d8df960fc8.pt,results/grid_searches/grid_patchtst_raw_autoLargest_L30_h10_thr10/checkpoints/trial_464_d8df960fc8.pt,results/grid_searches/grid_patchtst_raw_autoLargest_L30_h10_thr10,70.1198902502656,False,cuda:2,
trial_463_ab3cf7c3d5,complete,raw,4,5,32,2,2,0.0,0.0005,0.0,31,1.4547097879431292,2.108470235811476,,,results/grid_searches/grid_patchtst_raw_autoLargest_L30_h10_thr10/checkpoints/trial_463_ab3cf7c3d5.pt,results/grid_searches/grid_patchtst_raw_autoLargest_L30_h10_thr10/checkpoints/trial_463_ab3cf7c3d5.pt,results/grid_searches/grid_patchtst_raw_autoLargest_L30_h10_thr10,99.37523656338453,False,cuda:1,
trial_466_b88447ec70,complete,raw,4,5,32,2,2,0.0,0.001,0.0,6,1.542709178344547,2.2517582132027094,,,results/grid_searches/grid_patchtst_raw_autoLargest_L30_h10_thr10/checkpoints/trial_466_b88447ec70.pt,results/grid_searches/grid_patchtst_raw_autoLargest_L30_h10_thr10/checkpoints/trial_466_b88447ec70.pt,results/grid_searches/grid_patchtst_raw_autoLargest_L30_h10_thr10,45.258928805589676,False,cuda:0,
trial_467_60dc98e1a9,complete,raw,4,5,32,2,2,0.0,0.001,1e-05,2,1.5919790099400886,2.2208063929226904,,,results/grid_searches/grid_patchtst_raw_autoLargest_L30_h10_thr10/checkpoints/trial_467_60dc98e1a9.pt,results/grid_searches/grid_patchtst_raw_autoLargest_L30_h10_thr10/checkpoints/trial_467_60dc98e1a9.pt,results/grid_searches/grid_patchtst_raw_autoLargest_L30_h10_thr10,35.48474157974124,False,cuda:2,
trial_468_45beb81f72,complete,raw,4,5,32,2,2,0.0,0.001,0.0001,5,1.5533881113734804,2.190246631813092,,,results/grid_searches/grid_patchtst_raw_autoLargest_L30_h10_thr10/checkpoints/trial_468_45beb81f72.pt,results/grid_searches/grid_patchtst_raw_autoLargest_L30_h10_thr10/checkpoints/trial_468_45beb81f72.pt,results/grid_searches/grid_patchtst_raw_autoLargest_L30_h10_thr10,43.848954413086176,False,cuda:1,
trial_469_1729de4c13,complete,raw,4,5,32,2,2,0.1,0.0001,0.0,8,1.620985842423537,2.2295096672484953,,,results/grid_searches/grid_patchtst_raw_autoLargest_L30_h10_thr10/checkpoints/trial_469_1729de4c13.pt,results/grid_searches/grid_patchtst_raw_autoLargest_L30_h10_thr10/checkpoints/trial_469_1729de4c13.pt,results/grid_searches/grid_patchtst_raw_autoLargest_L30_h10_thr10,51.52494027838111,False,cuda:0,
trial_470_a3752206e5,complete,raw,4,5,32,2,2,0.1,0.0001,1e-05,8,1.6260523417412858,2.2360150210542806,,,results/grid_searches/grid_patchtst_raw_autoLargest_L30_h10_thr10/checkpoints/trial_470_a3752206e5.pt,results/grid_searches/grid_patchtst_raw_autoLargest_L30_h10_thr10/checkpoints/trial_470_a3752206e5.pt,results/grid_searches/grid_patchtst_raw_autoLargest_L30_h10_thr10,49.77480012178421,False,cuda:2,
trial_471_4108de34ef,complete,raw,4,5,32,2,2,0.1,0.0001,0.0001,8,1.6312916581587324,2.2403647483263773,,,results/grid_searches/grid_patchtst_raw_autoLargest_L30_h10_thr10/checkpoints/trial_471_4108de34ef.pt,results/grid_searches/grid_patchtst_raw_autoLargest_L30_h10_thr10/checkpoints/trial_471_4108de34ef.pt,results/grid_searches/grid_patchtst_raw_autoLargest_L30_h10_thr10,53.44600209593773,False,cuda:1,
trial_473_5c990e1a22,complete,raw,4,5,32,2,2,0.1,0.0003,1e-05,29,1.502229259143336,2.152113162174077,,,results/grid_searches/grid_patchtst_raw_autoLargest_L30_h10_thr10/checkpoints/trial_473_5c990e1a22.pt,results/grid_searches/grid_patchtst_raw_autoLargest_L30_h10_thr10/checkpoints/trial_473_5c990e1a22.pt,results/grid_searches/grid_patchtst_raw_autoLargest_L30_h10_thr10,97.68728602677584,False,cuda:2,
trial_472_bedb65dc53,complete,raw,4,5,32,2,2,0.1,0.0003,0.0,32,1.503450471880504,2.145084369676256,,,results/grid_searches/grid_patchtst_raw_autoLargest_L30_h10_thr10/checkpoints/trial_472_bedb65dc53.pt,results/grid_searches/grid_patchtst_raw_autoLargest_L30_h10_thr10/checkpoints/trial_472_bedb65dc53.pt,results/grid_searches/grid_patchtst_raw_autoLargest_L30_h10_thr10,103.41291074454784,False,cuda:0,
trial_474_d632d14ca0,complete,raw,4,5,32,2,2,0.1,0.0003,0.0001,29,1.4905904055481092,2.1557956239867253,,,results/grid_searches/grid_patchtst_raw_autoLargest_L30_h10_thr10/checkpoints/trial_474_d632d14ca0.pt,results/grid_searches/grid_patchtst_raw_autoLargest_L30_h10_thr10/checkpoints/trial_474_d632d14ca0.pt,results/grid_searches/grid_patchtst_raw_autoLargest_L30_h10_thr10,100.47421093285084,False,cuda:1,
trial_475_10f4aa2de3,complete,raw,4,5,32,2,2,0.1,0.0005,0.0,12,1.5029144784025377,2.1698840435148545,,,results/grid_searches/grid_patchtst_raw_autoLargest_L30_h10_thr10/checkpoints/trial_475_10f4aa2de3.pt,results/grid_searches/grid_patchtst_raw_autoLargest_L30_h10_thr10/checkpoints/trial_475_10f4aa2de3.pt,results/grid_searches/grid_patchtst_raw_autoLargest_L30_h10_thr10,59.50304650515318,False,cuda:2,
trial_476_26127b329f,complete,raw,4,5,32,2,2,0.1,0.0005,1e-05,21,1.4805752768329805,2.1236972674094146,,,results/grid_searches/grid_patchtst_raw_autoLargest_L30_h10_thr10/checkpoints/trial_476_26127b329f.pt,results/grid_searches/grid_patchtst_raw_autoLargest_L30_h10_thr10/checkpoints/trial_476_26127b329f.pt,results/grid_searches/grid_patchtst_raw_autoLargest_L30_h10_thr10,81.23393395915627,False,cuda:0,
trial_478_0dda65dbe2,complete,raw,4,5,32,2,2,0.1,0.001,0.0,5,1.5651961253800346,2.240243760042672,,,results/grid_searches/grid_patchtst_raw_autoLargest_L30_h10_thr10/checkpoints/trial_478_0dda65dbe2.pt,results/grid_searches/grid_patchtst_raw_autoLargest_L30_h10_thr10/checkpoints/trial_478_0dda65dbe2.pt,results/grid_searches/grid_patchtst_raw_autoLargest_L30_h10_thr10,43.08898584917188,False,cuda:2,
trial_477_42ea284559,complete,raw,4,5,32,2,2,0.1,0.0005,0.0001,27,1.4893973593178051,2.145180064255463,,,results/grid_searches/grid_patchtst_raw_autoLargest_L30_h10_thr10/checkpoints/trial_477_42ea284559.pt,results/grid_searches/grid_patchtst_raw_autoLargest_L30_h10_thr10/checkpoints/trial_477_42ea284559.pt,results/grid_searches/grid_patchtst_raw_autoLargest_L30_h10_thr10,94.73924584686756,False,cuda:1,
trial_480_8b5efadbc4,complete,raw,4,5,32,2,2,0.1,0.001,0.0001,18,1.5079705528113283,2.226865088041292,,,results/grid_searches/grid_patchtst_raw_autoLargest_L30_h10_thr10/checkpoints/trial_480_8b5efadbc4.pt,results/grid_searches/grid_patchtst_raw_autoLargest_L30_h10_thr10/checkpoints/trial_480_8b5efadbc4.pt,results/grid_searches/grid_patchtst_raw_autoLargest_L30_h10_thr10,70.93673462793231,False,cuda:2,
trial_482_26a9b2ade2,complete,raw,4,5,32,2,3,0.0,0.0001,1e-05,8,1.5693829630494496,2.2072129937197476,,,results/grid_searches/grid_patchtst_raw_autoLargest_L30_h10_thr10/checkpoints/trial_482_26a9b2ade2.pt,results/grid_searches/grid_patchtst_raw_autoLargest_L30_h10_thr10/checkpoints/trial_482_26a9b2ade2.pt,results/grid_searches/grid_patchtst_raw_autoLargest_L30_h10_thr10,62.77333975583315,False,cuda:2,
trial_481_a3e8556762,complete,raw,4,5,32,2,3,0.0,0.0001,0.0,27,1.4970155584670697,2.166537633580318,,,results/grid_searches/grid_patchtst_raw_autoLargest_L30_h10_thr10/checkpoints/trial_481_a3e8556762.pt,results/grid_searches/grid_patchtst_raw_autoLargest_L30_h10_thr10/checkpoints/trial_481_a3e8556762.pt,results/grid_searches/grid_patchtst_raw_autoLargest_L30_h10_thr10,120.52477438002825,False,cuda:1,
trial_479_a747cf74d7,complete,raw,4,5,32,2,2,0.1,0.001,1e-05,55,1.4718430445475292,2.120973100218403,,,results/grid_searches/grid_patchtst_raw_autoLargest_L30_h10_thr10/checkpoints/trial_479_a747cf74d7.pt,results/grid_searches/grid_patchtst_raw_autoLargest_L30_h10_thr10/checkpoints/trial_479_a747cf74d7.pt,results/grid_searches/grid_patchtst_raw_autoLargest_L30_h10_thr10,157.64323941990733,False,cuda:0,
trial_485_4b415d0bde,complete,raw,4,5,32,2,3,0.0,0.0003,1e-05,5,1.587370017043586,2.2341462445489193,,,results/grid_searches/grid_patchtst_raw_autoLargest_L30_h10_thr10/checkpoints/trial_485_4b415d0bde.pt,results/grid_searches/grid_patchtst_raw_autoLargest_L30_h10_thr10/checkpoints/trial_485_4b415d0bde.pt,results/grid_searches/grid_patchtst_raw_autoLargest_L30_h10_thr10,57.86953692510724,False,cuda:0,
trial_483_38d80af0f5,complete,raw,4,5,32,2,3,0.0,0.0001,0.0001,15,1.5409287735565176,2.1569745247260945,,,results/grid_searches/grid_patchtst_raw_autoLargest_L30_h10_thr10/checkpoints/trial_483_38d80af0f5.pt,results/grid_searches/grid_patchtst_raw_autoLargest_L30_h10_thr10/checkpoints/trial_483_38d80af0f5.pt,results/grid_searches/grid_patchtst_raw_autoLargest_L30_h10_thr10,81.71011926606297,False,cuda:2,
trial_484_370ee23562,complete,raw,4,5,32,2,3,0.0,0.0003,0.0,29,1.4900930183607188,2.137866820722779,,,results/grid_searches/grid_patchtst_raw_autoLargest_L30_h10_thr10/checkpoints/trial_484_370ee23562.pt,results/grid_searches/grid_patchtst_raw_autoLargest_L30_h10_thr10/checkpoints/trial_484_370ee23562.pt,results/grid_searches/grid_patchtst_raw_autoLargest_L30_h10_thr10,126.85388787463307,False,cuda:1,
trial_486_8f55ffa19a,complete,raw,4,5,32,2,3,0.0,0.0003,0.0001,19,1.4836321715699343,2.1602359832555247,,,results/grid_searches/grid_patchtst_raw_autoLargest_L30_h10_thr10/checkpoints/trial_486_8f55ffa19a.pt,results/grid_searches/grid_patchtst_raw_autoLargest_L30_h10_thr10/checkpoints/trial_486_8f55ffa19a.pt,results/grid_searches/grid_patchtst_raw_autoLargest_L30_h10_thr10,99.17124778404832,False,cuda:0,
trial_487_dc03bd8eb0,complete,raw,4,5,32,2,3,0.0,0.0005,0.0,21,1.4996448771193436,2.148381027470051,,,results/grid_searches/grid_patchtst_raw_autoLargest_L30_h10_thr10/checkpoints/trial_487_dc03bd8eb0.pt,results/grid_searches/grid_patchtst_raw_autoLargest_L30_h10_thr10/checkpoints/trial_487_dc03bd8eb0.pt,results/grid_searches/grid_patchtst_raw_autoLargest_L30_h10_thr10,96.70395194366574,False,cuda:2,
trial_488_c76b76690d,complete,raw,4,5,32,2,3,0.0,0.0005,1e-05,5,1.5680315937054685,2.190925435072713,,,results/grid_searches/grid_patchtst_raw_autoLargest_L30_h10_thr10/checkpoints/trial_488_c76b76690d.pt,results/grid_searches/grid_patchtst_raw_autoLargest_L30_h10_thr10/checkpoints/trial_488_c76b76690d.pt,results/grid_searches/grid_patchtst_raw_autoLargest_L30_h10_thr10,57.700324192643166,False,cuda:1,
trial_489_00246dba86,complete,raw,4,5,32,2,3,0.0,0.0005,0.0001,5,1.5756785965201598,2.212943089212521,,,results/grid_searches/grid_patchtst_raw_autoLargest_L30_h10_thr10/checkpoints/trial_489_00246dba86.pt,results/grid_searches/grid_patchtst_raw_autoLargest_L30_h10_thr10/checkpoints/trial_489_00246dba86.pt,results/grid_searches/grid_patchtst_raw_autoLargest_L30_h10_thr10,57.62260254845023,False,cuda:0,
trial_490_866390b444,complete,raw,4,5,32,2,3,0.0,0.001,0.0,2,1.5474887973569993,2.1889480847023712,,,results/grid_searches/grid_patchtst_raw_autoLargest_L30_h10_thr10/checkpoints/trial_490_866390b444.pt,results/grid_searches/grid_patchtst_raw_autoLargest_L30_h10_thr10/checkpoints/trial_490_866390b444.pt,results/grid_searches/grid_patchtst_raw_autoLargest_L30_h10_thr10,46.175283554941416,False,cuda:2,
trial_491_462efbccf0,complete,raw,4,5,32,2,3,0.0,0.001,1e-05,2,1.614812739992255,2.2525577902681135,,,results/grid_searches/grid_patchtst_raw_autoLargest_L30_h10_thr10/checkpoints/trial_491_462efbccf0.pt,results/grid_searches/grid_patchtst_raw_autoLargest_L30_h10_thr10/checkpoints/trial_491_462efbccf0.pt,results/grid_searches/grid_patchtst_raw_autoLargest_L30_h10_thr10,48.684051003307104,False,cuda:1,
trial_492_06dbd8ad79,complete,raw,4,5,32,2,3,0.0,0.001,0.0001,2,1.5985756821392836,2.2195919011416794,,,results/grid_searches/grid_patchtst_raw_autoLargest_L30_h10_thr10/checkpoints/trial_492_06dbd8ad79.pt,results/grid_searches/grid_patchtst_raw_autoLargest_L30_h10_thr10/checkpoints/trial_492_06dbd8ad79.pt,results/grid_searches/grid_patchtst_raw_autoLargest_L30_h10_thr10,49.935318768024445,False,cuda:0,
trial_494_680c103344,complete,raw,4,5,32,2,3,0.1,0.0001,1e-05,30,1.5043628253448236,2.144097500961576,,,results/grid_searches/grid_patchtst_raw_autoLargest_L30_h10_thr10/checkpoints/trial_494_680c103344.pt,results/grid_searches/grid_patchtst_raw_autoLargest_L30_h10_thr10/checkpoints/trial_494_680c103344.pt,results/grid_searches/grid_patchtst_raw_autoLargest_L30_h10_thr10,138.59150906279683,False,cuda:1,
trial_496_441a010719,complete,raw,4,5,32,2,3,0.1,0.0003,0.0,5,1.6413793701244683,2.2563867819926333,,,results/grid_searches/grid_patchtst_raw_autoLargest_L30_h10_thr10/checkpoints/trial_496_441a010719.pt,results/grid_searches/grid_patchtst_raw_autoLargest_L30_h10_thr10/checkpoints/trial_496_441a010719.pt,results/grid_searches/grid_patchtst_raw_autoLargest_L30_h10_thr10,61.896354138851166,False,cuda:1,
trial_493_4fb65a52a6,complete,raw,4,5,32,2,3,0.1,0.0001,0.0,76,1.46848782991401,2.1038393103240196,,,results/grid_searches/grid_patchtst_raw_autoLargest_L30_h10_thr10/checkpoints/trial_493_4fb65a52a6.pt,results/grid_searches/grid_patchtst_raw_autoLargest_L30_h10_thr10/checkpoints/trial_493_4fb65a52a6.pt,results/grid_searches/grid_patchtst_raw_autoLargest_L30_h10_thr10,262.35910477116704,False,cuda:2,
trial_495_21f6395a07,complete,raw,4,5,32,2,3,0.1,0.0001,0.0001,62,1.4812948590300128,2.1206110263400975,,,results/grid_searches/grid_patchtst_raw_autoLargest_L30_h10_thr10/checkpoints/trial_495_21f6395a07.pt,results/grid_searches/grid_patchtst_raw_autoLargest_L30_h10_thr10/checkpoints/trial_495_21f6395a07.pt,results/grid_searches/grid_patchtst_raw_autoLargest_L30_h10_thr10,236.27456764504313,False,cuda:0,
trial_497_4d1a57a4f3,complete,raw,4,5,32,2,3,0.1,0.0003,1e-05,29,1.4729759919426486,2.180282588626939,,,results/grid_searches/grid_patchtst_raw_autoLargest_L30_h10_thr10/checkpoints/trial_497_4d1a57a4f3.pt,results/grid_searches/grid_patchtst_raw_autoLargest_L30_h10_thr10/checkpoints/trial_497_4d1a57a4f3.pt,results/grid_searches/grid_patchtst_raw_autoLargest_L30_h10_thr10,134.16913892701268,False,cuda:1,
trial_499_28ba00ac02,complete,raw,4,5,32,2,3,0.1,0.0005,0.0,26,1.5042556409169978,2.243263918093329,,,results/grid_searches/grid_patchtst_raw_autoLargest_L30_h10_thr10/checkpoints/trial_499_28ba00ac02.pt,results/grid_searches/grid_patchtst_raw_autoLargest_L30_h10_thr10/checkpoints/trial_499_28ba00ac02.pt,results/grid_searches/grid_patchtst_raw_autoLargest_L30_h10_thr10,125.32329485192895,False,cuda:0,
trial_500_50fed7d7f1,complete,raw,4,5,32,2,3,0.1,0.0005,1e-05,19,1.516979000324124,2.2680703522333987,,,results/grid_searches/grid_patchtst_raw_autoLargest_L30_h10_thr10/checkpoints/trial_500_50fed7d7f1.pt,results/grid_searches/grid_patchtst_raw_autoLargest_L30_h10_thr10/checkpoints/trial_500_50fed7d7f1.pt,results/grid_searches/grid_patchtst_raw_autoLargest_L30_h10_thr10,104.57540506124496,False,cuda:1,
trial_498_4a4774722b,complete,raw,4,5,32,2,3,0.1,0.0003,0.0001,51,1.4865341240554293,2.1754010693981796,,,results/grid_searches/grid_patchtst_raw_autoLargest_L30_h10_thr10/checkpoints/trial_498_4a4774722b.pt,results/grid_searches/grid_patchtst_raw_autoLargest_L30_h10_thr10/checkpoints/trial_498_4a4774722b.pt,results/grid_searches/grid_patchtst_raw_autoLargest_L30_h10_thr10,193.27616335079074,False,cuda:2,
trial_501_a71022ebdd,complete,raw,4,5,32,2,3,0.1,0.0005,0.0001,6,1.6690990296732398,2.2746587635166606,,,results/grid_searches/grid_patchtst_raw_autoLargest_L30_h10_thr10/checkpoints/trial_501_a71022ebdd.pt,results/grid_searches/grid_patchtst_raw_autoLargest_L30_h10_thr10/checkpoints/trial_501_a71022ebdd.pt,results/grid_searches/grid_patchtst_raw_autoLargest_L30_h10_thr10,63.31887634843588,False,cuda:0,
trial_503_c440aa6f00,complete,raw,4,5,32,2,3,0.1,0.001,1e-05,2,1.5702609119545432,2.1807071365373725,,,results/grid_searches/grid_patchtst_raw_autoLargest_L30_h10_thr10/checkpoints/trial_503_c440aa6f00.pt,results/grid_searches/grid_patchtst_raw_autoLargest_L30_h10_thr10/checkpoints/trial_503_c440aa6f00.pt,results/grid_searches/grid_patchtst_raw_autoLargest_L30_h10_thr10,48.67743119597435,False,cuda:2,
trial_504_5cd9c2192c,complete,raw,4,5,32,2,3,0.1,0.001,0.0001,6,1.614712107612551,2.259912044214592,,,results/grid_searches/grid_patchtst_raw_autoLargest_L30_h10_thr10/checkpoints/trial_504_5cd9c2192c.pt,results/grid_searches/grid_patchtst_raw_autoLargest_L30_h10_thr10/checkpoints/trial_504_5cd9c2192c.pt,results/grid_searches/grid_patchtst_raw_autoLargest_L30_h10_thr10,65.2740404047072,False,cuda:0,
trial_505_75df095a91,complete,raw,4,5,32,4,1,0.0,0.0001,0.0,17,1.5914781737884012,2.2319007829427444,,,results/grid_searches/grid_patchtst_raw_autoLargest_L30_h10_thr10/checkpoints/trial_505_75df095a91.pt,results/grid_searches/grid_patchtst_raw_autoLargest_L30_h10_thr10/checkpoints/trial_505_75df095a91.pt,results/grid_searches/grid_patchtst_raw_autoLargest_L30_h10_thr10,42.8234357573092,False,cuda:2,
trial_506_c0fb613763,complete,raw,4,5,32,4,1,0.0,0.0001,1e-05,15,1.5918845056440634,2.227274791148845,,,results/grid_searches/grid_patchtst_raw_autoLargest_L30_h10_thr10/checkpoints/trial_506_c0fb613763.pt,results/grid_searches/grid_patchtst_raw_autoLargest_L30_h10_thr10/checkpoints/trial_506_c0fb613763.pt,results/grid_searches/grid_patchtst_raw_autoLargest_L30_h10_thr10,41.53625259548426,False,cuda:0,
trial_502_23473f2644,complete,raw,4,5,32,2,3,0.1,0.001,0.0,30,1.513081691103834,2.2595555524758066,,,results/grid_searches/grid_patchtst_raw_autoLargest_L30_h10_thr10/checkpoints/trial_502_23473f2644.pt,results/grid_searches/grid_patchtst_raw_autoLargest_L30_h10_thr10/checkpoints/trial_502_23473f2644.pt,results/grid_searches/grid_patchtst_raw_autoLargest_L30_h10_thr10,136.7404107041657,False,cuda:1,
trial_507_1fa881546e,complete,raw,4,5,32,4,1,0.0,0.0001,0.0001,15,1.5990931969060551,2.2321804378226173,,,results/grid_searches/grid_patchtst_raw_autoLargest_L30_h10_thr10/checkpoints/trial_507_1fa881546e.pt,results/grid_searches/grid_patchtst_raw_autoLargest_L30_h10_thr10/checkpoints/trial_507_1fa881546e.pt,results/grid_searches/grid_patchtst_raw_autoLargest_L30_h10_thr10,40.853802651166916,False,cuda:2,
trial_509_72b32053b2,complete,raw,4,5,32,4,1,0.0,0.0003,1e-05,8,1.5450679896439756,2.1776068583976786,,,results/grid_searches/grid_patchtst_raw_autoLargest_L30_h10_thr10/checkpoints/trial_509_72b32053b2.pt,results/grid_searches/grid_patchtst_raw_autoLargest_L30_h10_thr10/checkpoints/trial_509_72b32053b2.pt,results/grid_searches/grid_patchtst_raw_autoLargest_L30_h10_thr10,32.20067052915692,False,cuda:1,
trial_510_757d5068d6,complete,raw,4,5,32,4,1,0.0,0.0003,0.0001,12,1.5596777517637357,2.2068539701450804,,,results/grid_searches/grid_patchtst_raw_autoLargest_L30_h10_thr10/checkpoints/trial_510_757d5068d6.pt,results/grid_searches/grid_patchtst_raw_autoLargest_L30_h10_thr10/checkpoints/trial_510_757d5068d6.pt,results/grid_searches/grid_patchtst_raw_autoLargest_L30_h10_thr10,36.49424675479531,False,cuda:2,
trial_508_552612ca8c,complete,raw,4,5,32,4,1,0.0,0.0003,0.0,24,1.496351531469558,2.149160003371074,,,results/grid_searches/grid_patchtst_raw_autoLargest_L30_h10_thr10/checkpoints/trial_508_552612ca8c.pt,results/grid_searches/grid_patchtst_raw_autoLargest_L30_h10_thr10/checkpoints/trial_508_552612ca8c.pt,results/grid_searches/grid_patchtst_raw_autoLargest_L30_h10_thr10,53.31654363870621,False,cuda:0,
trial_511_cf65699d56,complete,raw,4,5,32,4,1,0.0,0.0005,0.0,6,1.566826521247814,2.1892099643374596,,,results/grid_searches/grid_patchtst_raw_autoLargest_L30_h10_thr10/checkpoints/trial_511_cf65699d56.pt,results/grid_searches/grid_patchtst_raw_autoLargest_L30_h10_thr10/checkpoints/trial_511_cf65699d56.pt,results/grid_searches/grid_patchtst_raw_autoLargest_L30_h10_thr10,28.652058750391006,False,cuda:1,
trial_513_caa8e0f5e0,complete,raw,4,5,32,4,1,0.0,0.0005,0.0001,5,1.5469440958771525,2.1533790589863804,,,results/grid_searches/grid_patchtst_raw_autoLargest_L30_h10_thr10/checkpoints/trial_513_caa8e0f5e0.pt,results/grid_searches/grid_patchtst_raw_autoLargest_L30_h10_thr10/checkpoints/trial_513_caa8e0f5e0.pt,results/grid_searches/grid_patchtst_raw_autoLargest_L30_h10_thr10,26.887319289147854,False,cuda:0,
trial_514_1bdc745884,complete,raw,4,5,32,4,1,0.0,0.001,0.0,5,1.5512177270886642,2.1700555658887692,,,results/grid_searches/grid_patchtst_raw_autoLargest_L30_h10_thr10/checkpoints/trial_514_1bdc745884.pt,results/grid_searches/grid_patchtst_raw_autoLargest_L30_h10_thr10/checkpoints/trial_514_1bdc745884.pt,results/grid_searches/grid_patchtst_raw_autoLargest_L30_h10_thr10,26.83326080441475,False,cuda:1,
trial_512_891a4176f7,complete,raw,4,5,32,4,1,0.0,0.0005,1e-05,24,1.5017677060380294,2.140162670768883,,,results/grid_searches/grid_patchtst_raw_autoLargest_L30_h10_thr10/checkpoints/trial_512_891a4176f7.pt,results/grid_searches/grid_patchtst_raw_autoLargest_L30_h10_thr10/checkpoints/trial_512_891a4176f7.pt,results/grid_searches/grid_patchtst_raw_autoLargest_L30_h10_thr10,51.64246055856347,False,cuda:2,
trial_515_2b343e0f4f,complete,raw,4,5,32,4,1,0.0,0.001,1e-05,5,1.5729164504882278,2.215339680091907,,,results/grid_searches/grid_patchtst_raw_autoLargest_L30_h10_thr10/checkpoints/trial_515_2b343e0f4f.pt,results/grid_searches/grid_patchtst_raw_autoLargest_L30_h10_thr10/checkpoints/trial_515_2b343e0f4f.pt,results/grid_searches/grid_patchtst_raw_autoLargest_L30_h10_thr10,27.420407447963953,False,cuda:0,
trial_516_759efe0dcd,complete,raw,4,5,32,4,1,0.0,0.001,0.0001,5,1.5672789988204647,2.1660335313809713,,,results/grid_searches/grid_patchtst_raw_autoLargest_L30_h10_thr10/checkpoints/trial_516_759efe0dcd.pt,results/grid_searches/grid_patchtst_raw_autoLargest_L30_h10_thr10/checkpoints/trial_516_759efe0dcd.pt,results/grid_searches/grid_patchtst_raw_autoLargest_L30_h10_thr10,27.420437064021826,False,cuda:1,
trial_517_182759dfea,complete,raw,4,5,32,4,1,0.1,0.0001,0.0,8,1.634549005330552,2.282108258370527,,,results/grid_searches/grid_patchtst_raw_autoLargest_L30_h10_thr10/checkpoints/trial_517_182759dfea.pt,results/grid_searches/grid_patchtst_raw_autoLargest_L30_h10_thr10/checkpoints/trial_517_182759dfea.pt,results/grid_searches/grid_patchtst_raw_autoLargest_L30_h10_thr10,30.376549314707518,False,cuda:2,
trial_518_9015024c1c,complete,raw,4,5,32,4,1,0.1,0.0001,1e-05,8,1.632164839791912,2.2778187672723686,,,results/grid_searches/grid_patchtst_raw_autoLargest_L30_h10_thr10/checkpoints/trial_518_9015024c1c.pt,results/grid_searches/grid_patchtst_raw_autoLargest_L30_h10_thr10/checkpoints/trial_518_9015024c1c.pt,results/grid_searches/grid_patchtst_raw_autoLargest_L30_h10_thr10,32.54993351176381,False,cuda:0,
trial_519_80b418e1a6,complete,raw,4,5,32,4,1,0.1,0.0001,0.0001,8,1.6278487813369005,2.265311871929185,,,results/grid_searches/grid_patchtst_raw_autoLargest_L30_h10_thr10/checkpoints/trial_519_80b418e1a6.pt,results/grid_searches/grid_patchtst_raw_autoLargest_L30_h10_thr10/checkpoints/trial_519_80b418e1a6.pt,results/grid_searches/grid_patchtst_raw_autoLargest_L30_h10_thr10,33.100126061588526,False,cuda:1,
trial_520_13d022b880,complete,raw,4,5,32,4,1,0.1,0.0003,0.0,35,1.5066861723919835,2.1522316402766517,,,results/grid_searches/grid_patchtst_raw_autoLargest_L30_h10_thr10/checkpoints/trial_520_13d022b880.pt,results/grid_searches/grid_patchtst_raw_autoLargest_L30_h10_thr10/checkpoints/trial_520_13d022b880.pt,results/grid_searches/grid_patchtst_raw_autoLargest_L30_h10_thr10,66.64134998992085,False,cuda:2,
trial_521_dfb3c356ad,complete,raw,4,5,32,4,1,0.1,0.0003,1e-05,32,1.505792286110264,2.154668314987216,,,results/grid_searches/grid_patchtst_raw_autoLargest_L30_h10_thr10/checkpoints/trial_521_dfb3c356ad.pt,results/grid_searches/grid_patchtst_raw_autoLargest_L30_h10_thr10/checkpoints/trial_521_dfb3c356ad.pt,results/grid_searches/grid_patchtst_raw_autoLargest_L30_h10_thr10,66.79258765652776,False,cuda:0,
trial_522_6e800c91b6,complete,raw,4,5,32,4,1,0.1,0.0003,0.0001,32,1.507815605582127,2.153675653614402,,,results/grid_searches/grid_patchtst_raw_autoLargest_L30_h10_thr10/checkpoints/trial_522_6e800c91b6.pt,results/grid_searches/grid_patchtst_raw_autoLargest_L30_h10_thr10/checkpoints/trial_522_6e800c91b6.pt,results/grid_searches/grid_patchtst_raw_autoLargest_L30_h10_thr10,66.21531616151333,False,cuda:1,
trial_524_a2c78969a5,complete,raw,4,5,32,4,1,0.1,0.0005,1e-05,11,1.5524586911301448,2.1673822939854768,,,results/grid_searches/grid_patchtst_raw_autoLargest_L30_h10_thr10/checkpoints/trial_524_a2c78969a5.pt,results/grid_searches/grid_patchtst_raw_autoLargest_L30_h10_thr10/checkpoints/trial_524_a2c78969a5.pt,results/grid_searches/grid_patchtst_raw_autoLargest_L30_h10_thr10,38.62660602852702,False,cuda:0,
trial_523_d960994e1c,complete,raw,4,5,32,4,1,0.1,0.0005,0.0,21,1.4959342085834169,2.1402747389188432,,,results/grid_searches/grid_patchtst_raw_autoLargest_L30_h10_thr10/checkpoints/trial_523_d960994e1c.pt,results/grid_searches/grid_patchtst_raw_autoLargest_L30_h10_thr10/checkpoints/trial_523_d960994e1c.pt,results/grid_searches/grid_patchtst_raw_autoLargest_L30_h10_thr10,48.653980292379856,False,cuda:2,
trial_526_9b6c607c05,complete,raw,4,5,32,4,1,0.1,0.001,0.0,5,1.549939677135288,2.196036986143026,,,results/grid_searches/grid_patchtst_raw_autoLargest_L30_h10_thr10/checkpoints/trial_526_9b6c607c05.pt,results/grid_searches/grid_patchtst_raw_autoLargest_L30_h10_thr10/checkpoints/trial_526_9b6c607c05.pt,results/grid_searches/grid_patchtst_raw_autoLargest_L30_h10_thr10,28.775962717831135,False,cuda:0,
trial_527_d0b68758f8,complete,raw,4,5,32,4,1,0.1,0.001,1e-05,6,1.6121466063783516,2.197204017709359,,,results/grid_searches/grid_patchtst_raw_autoLargest_L30_h10_thr10/checkpoints/trial_527_d0b68758f8.pt,results/grid_searches/grid_patchtst_raw_autoLargest_L30_h10_thr10/checkpoints/trial_527_d0b68758f8.pt,results/grid_searches/grid_patchtst_raw_autoLargest_L30_h10_thr10,29.73706340417266,False,cuda:2,
trial_525_f4215ded50,complete,raw,4,5,32,4,1,0.1,0.0005,0.0001,35,1.4946108388570667,2.1479217902967593,,,results/grid_searches/grid_patchtst_raw_autoLargest_L30_h10_thr10/checkpoints/trial_525_f4215ded50.pt,results/grid_searches/grid_patchtst_raw_autoLargest_L30_h10_thr10/checkpoints/trial_525_f4215ded50.pt,results/grid_searches/grid_patchtst_raw_autoLargest_L30_h10_thr10,74.4792722761631,False,cuda:1,
trial_528_5c7d8f7706,complete,raw,4,5,32,4,1,0.1,0.001,0.0001,10,1.524461136001009,2.2047822386259965,,,results/grid_searches/grid_patchtst_raw_autoLargest_L30_h10_thr10/checkpoints/trial_528_5c7d8f7706.pt,results/grid_searches/grid_patchtst_raw_autoLargest_L30_h10_thr10/checkpoints/trial_528_5c7d8f7706.pt,results/grid_searches/grid_patchtst_raw_autoLargest_L30_h10_thr10,37.10585152730346,False,cuda:0,
trial_531_1372c77212,complete,raw,4,5,32,4,2,0.0,0.0001,0.0001,4,1.6481517103965146,2.4642130941554714,,,results/grid_searches/grid_patchtst_raw_autoLargest_L30_h10_thr10/checkpoints/trial_531_1372c77212.pt,results/grid_searches/grid_patchtst_raw_autoLargest_L30_h10_thr10/checkpoints/trial_531_1372c77212.pt,results/grid_searches/grid_patchtst_raw_autoLargest_L30_h10_thr10,41.039164427667856,False,cuda:0,
trial_529_0ad00b37a7,complete,raw,4,5,32,4,2,0.0,0.0001,0.0,30,1.5353666111949502,2.2678043228744236,,,results/grid_searches/grid_patchtst_raw_autoLargest_L30_h10_thr10/checkpoints/trial_529_0ad00b37a7.pt,results/grid_searches/grid_patchtst_raw_autoLargest_L30_h10_thr10/checkpoints/trial_529_0ad00b37a7.pt,results/grid_searches/grid_patchtst_raw_autoLargest_L30_h10_thr10,91.66615074127913,False,cuda:2,
trial_530_595108000c,complete,raw,4,5,32,4,2,0.0,0.0001,1e-05,30,1.5351022642181267,2.2679715619453376,,,results/grid_searches/grid_patchtst_raw_autoLargest_L30_h10_thr10/checkpoints/trial_530_595108000c.pt,results/grid_searches/grid_patchtst_raw_autoLargest_L30_h10_thr10/checkpoints/trial_530_595108000c.pt,results/grid_searches/grid_patchtst_raw_autoLargest_L30_h10_thr10,96.05594313144684,False,cuda:1,
trial_532_ed71b11001,complete,raw,4,5,32,4,2,0.0,0.0003,0.0,21,1.5020059630510552,2.1497640055833105,,,results/grid_searches/grid_patchtst_raw_autoLargest_L30_h10_thr10/checkpoints/trial_532_ed71b11001.pt,results/grid_searches/grid_patchtst_raw_autoLargest_L30_h10_thr10/checkpoints/trial_532_ed71b11001.pt,results/grid_searches/grid_patchtst_raw_autoLargest_L30_h10_thr10,74.37574283406138,False,cuda:0,
trial_533_ba97bd100a,complete,raw,4,5,32,4,2,0.0,0.0003,1e-05,29,1.5070910378658695,2.1526031493836144,,,results/grid_searches/grid_patchtst_raw_autoLargest_L30_h10_thr10/checkpoints/trial_533_ba97bd100a.pt,results/grid_searches/grid_patchtst_raw_autoLargest_L30_h10_thr10/checkpoints/trial_533_ba97bd100a.pt,results/grid_searches/grid_patchtst_raw_autoLargest_L30_h10_thr10,90.07243121042848,False,cuda:2,
trial_535_a18b19922a,complete,raw,4,5,32,4,2,0.0,0.0005,0.0,15,1.5255919208188977,2.2092877096502446,,,results/grid_searches/grid_patchtst_raw_autoLargest_L30_h10_thr10/checkpoints/trial_535_a18b19922a.pt,results/grid_searches/grid_patchtst_raw_autoLargest_L30_h10_thr10/checkpoints/trial_535_a18b19922a.pt,results/grid_searches/grid_patchtst_raw_autoLargest_L30_h10_thr10,63.00574501603842,False,cuda:0,
trial_534_82a9139993,complete,raw,4,5,32,4,2,0.0,0.0003,0.0001,34,1.4945550825390257,2.117917088546785,,,results/grid_searches/grid_patchtst_raw_autoLargest_L30_h10_thr10/checkpoints/trial_534_82a9139993.pt,results/grid_searches/grid_patchtst_raw_autoLargest_L30_h10_thr10/checkpoints/trial_534_82a9139993.pt,results/grid_searches/grid_patchtst_raw_autoLargest_L30_h10_thr10,105.29809470847249,False,cuda:1,
trial_536_94f6b2c522,complete,raw,4,5,32,4,2,0.0,0.0005,1e-05,10,1.526409656847768,2.1867935626438073,,,results/grid_searches/grid_patchtst_raw_autoLargest_L30_h10_thr10/checkpoints/trial_536_94f6b2c522.pt,results/grid_searches/grid_patchtst_raw_autoLargest_L30_h10_thr10/checkpoints/trial_536_94f6b2c522.pt,results/grid_searches/grid_patchtst_raw_autoLargest_L30_h10_thr10,50.87848771363497,False,cuda:2,
trial_537_f84eadfc0d,complete,raw,4,5,32,4,2,0.0,0.0005,0.0001,5,1.5559901876059137,2.186046979255949,,,results/grid_searches/grid_patchtst_raw_autoLargest_L30_h10_thr10/checkpoints/trial_537_f84eadfc0d.pt,results/grid_searches/grid_patchtst_raw_autoLargest_L30_h10_thr10/checkpoints/trial_537_f84eadfc0d.pt,results/grid_searches/grid_patchtst_raw_autoLargest_L30_h10_thr10,42.46236566826701,False,cuda:0,
trial_539_524ce5a780,complete,raw,4,5,32,4,2,0.0,0.001,1e-05,5,1.5540956717437204,2.20713207379902,,,results/grid_searches/grid_patchtst_raw_autoLargest_L30_h10_thr10/checkpoints/trial_539_524ce5a780.pt,results/grid_searches/grid_patchtst_raw_autoLargest_L30_h10_thr10/checkpoints/trial_539_524ce5a780.pt,results/grid_searches/grid_patchtst_raw_autoLargest_L30_h10_thr10,41.53290539607406,False,cuda:2,
trial_538_16cd3cf0e6,complete,raw,4,5,32,4,2,0.0,0.001,0.0,15,1.5525365616107667,2.184069773629678,,,results/grid_searches/grid_patchtst_raw_autoLargest_L30_h10_thr10/checkpoints/trial_538_16cd3cf0e6.pt,results/grid_searches/grid_patchtst_raw_autoLargest_L30_h10_thr10/checkpoints/trial_538_16cd3cf0e6.pt,results/grid_searches/grid_patchtst_raw_autoLargest_L30_h10_thr10,63.36001771315932,False,cuda:1,
trial_540_e59246f950,complete,raw,4,5,32,4,2,0.0,0.001,0.0001,2,1.5967480358905808,2.1956783077916135,,,results/grid_searches/grid_patchtst_raw_autoLargest_L30_h10_thr10/checkpoints/trial_540_e59246f950.pt,results/grid_searches/grid_patchtst_raw_autoLargest_L30_h10_thr10/checkpoints/trial_540_e59246f950.pt,results/grid_searches/grid_patchtst_raw_autoLargest_L30_h10_thr10,35.68029636889696,False,cuda:0,
trial_541_367fccd019,complete,raw,4,5,32,4,2,0.1,0.0001,0.0,56,1.5494612184893104,2.145409383246088,,,results/grid_searches/grid_patchtst_raw_autoLargest_L30_h10_thr10/checkpoints/trial_541_367fccd019.pt,results/grid_searches/grid_patchtst_raw_autoLargest_L30_h10_thr10/checkpoints/trial_541_367fccd019.pt,results/grid_searches/grid_patchtst_raw_autoLargest_L30_h10_thr10,153.0013744495809,False,cuda:2,
trial_543_8432069990,complete,raw,4,5,32,4,2,0.1,0.0001,0.0001,51,1.5147603476962335,2.1493518096294992,,,results/grid_searches/grid_patchtst_raw_autoLargest_L30_h10_thr10/checkpoints/trial_543_8432069990.pt,results/grid_searches/grid_patchtst_raw_autoLargest_L30_h10_thr10/checkpoints/trial_543_8432069990.pt,results/grid_searches/grid_patchtst_raw_autoLargest_L30_h10_thr10,150.47736126556993,False,cuda:0,
trial_542_f9afa1f2a2,complete,raw,4,5,32,4,2,0.1,0.0001,1e-05,56,1.5541001649606454,2.144538119808579,,,results/grid_searches/grid_patchtst_raw_autoLargest_L30_h10_thr10/checkpoints/trial_542_f9afa1f2a2.pt,results/grid_searches/grid_patchtst_raw_autoLargest_L30_h10_thr10/checkpoints/trial_542_f9afa1f2a2.pt,results/grid_searches/grid_patchtst_raw_autoLargest_L30_h10_thr10,161.9848095178604,False,cuda:1,
trial_544_941b5a6c18,complete,raw,4,5,32,4,2,0.1,0.0003,0.0,21,1.4921734275668859,2.19248376169429,,,results/grid_searches/grid_patchtst_raw_autoLargest_L30_h10_thr10/checkpoints/trial_544_941b5a6c18.pt,results/grid_searches/grid_patchtst_raw_autoLargest_L30_h10_thr10/checkpoints/trial_544_941b5a6c18.pt,results/grid_searches/grid_patchtst_raw_autoLargest_L30_h10_thr10,79.90130468457937,False,cuda:2,
trial_545_50d5ce1482,complete,raw,4,5,32,4,2,0.1,0.0003,1e-05,24,1.5064116110690409,2.1915509032604734,,,results/grid_searches/grid_patchtst_raw_autoLargest_L30_h10_thr10/checkpoints/trial_545_50d5ce1482.pt,results/grid_searches/grid_patchtst_raw_autoLargest_L30_h10_thr10/checkpoints/trial_545_50d5ce1482.pt,results/grid_searches/grid_patchtst_raw_autoLargest_L30_h10_thr10,89.79741299524903,False,cuda:0,
trial_546_f3eb791f0f,complete,raw,4,5,32,4,2,0.1,0.0003,0.0001,29,1.4770119972328974,2.136846885278032,,,results/grid_searches/grid_patchtst_raw_autoLargest_L30_h10_thr10/checkpoints/trial_546_f3eb791f0f.pt,results/grid_searches/grid_patchtst_raw_autoLargest_L30_h10_thr10/checkpoints/trial_546_f3eb791f0f.pt,results/grid_searches/grid_patchtst_raw_autoLargest_L30_h10_thr10,101.63071147724986,False,cuda:1,
trial_547_66874dbd47,complete,raw,4,5,32,4,2,0.1,0.0005,0.0,6,1.6062525751253094,2.186219612175469,,,results/grid_searches/grid_patchtst_raw_autoLargest_L30_h10_thr10/checkpoints/trial_547_66874dbd47.pt,results/grid_searches/grid_patchtst_raw_autoLargest_L30_h10_thr10/checkpoints/trial_547_66874dbd47.pt,results/grid_searches/grid_patchtst_raw_autoLargest_L30_h10_thr10,45.28365105763078,False,cuda:2,
trial_549_3e19ee176a,complete,raw,4,5,32,4,2,0.1,0.0005,0.0001,8,1.509149139928101,2.1650630639646256,,,results/grid_searches/grid_patchtst_raw_autoLargest_L30_h10_thr10/checkpoints/trial_549_3e19ee176a.pt,results/grid_searches/grid_patchtst_raw_autoLargest_L30_h10_thr10/checkpoints/trial_549_3e19ee176a.pt,results/grid_searches/grid_patchtst_raw_autoLargest_L30_h10_thr10,51.546602092683315,False,cuda:1,
trial_550_86eb044c54,complete,raw,4,5,32,4,2,0.1,0.001,0.0,10,1.5338827519788396,2.2142689751798046,,,results/grid_searches/grid_patchtst_raw_autoLargest_L30_h10_thr10/checkpoints/trial_550_86eb044c54.pt,results/grid_searches/grid_patchtst_raw_autoLargest_L30_h10_thr10/checkpoints/trial_550_86eb044c54.pt,results/grid_searches/grid_patchtst_raw_autoLargest_L30_h10_thr10,53.32008530199528,False,cuda:2,
trial_548_ca4491ba75,complete,raw,4,5,32,4,2,0.1,0.0005,1e-05,21,1.483240827903906,2.2016391357277056,,,results/grid_searches/grid_patchtst_raw_autoLargest_L30_h10_thr10/checkpoints/trial_548_ca4491ba75.pt,results/grid_searches/grid_patchtst_raw_autoLargest_L30_h10_thr10/checkpoints/trial_548_ca4491ba75.pt,results/grid_searches/grid_patchtst_raw_autoLargest_L30_h10_thr10,80.69196323305368,False,cuda:0,
trial_551_0ad964833e,complete,raw,4,5,32,4,2,0.1,0.001,1e-05,5,1.5699322199151864,2.1763268728566825,,,results/grid_searches/grid_patchtst_raw_autoLargest_L30_h10_thr10/checkpoints/trial_551_0ad964833e.pt,results/grid_searches/grid_patchtst_raw_autoLargest_L30_h10_thr10/checkpoints/trial_551_0ad964833e.pt,results/grid_searches/grid_patchtst_raw_autoLargest_L30_h10_thr10,45.26027246937156,False,cuda:1,
trial_552_24a40ab7d0,complete,raw,4,5,32,4,2,0.1,0.001,0.0001,5,1.5748815930804496,2.184231611124631,,,results/grid_searches/grid_patchtst_raw_autoLargest_L30_h10_thr10/checkpoints/trial_552_24a40ab7d0.pt,results/grid_searches/grid_patchtst_raw_autoLargest_L30_h10_thr10/checkpoints/trial_552_24a40ab7d0.pt,results/grid_searches/grid_patchtst_raw_autoLargest_L30_h10_thr10,43.51025313511491,False,cuda:2,
trial_553_9026296e7e,complete,raw,4,5,32,4,3,0.0,0.0001,0.0,30,1.5358493163738447,2.238548842351376,,,results/grid_searches/grid_patchtst_raw_autoLargest_L30_h10_thr10/checkpoints/trial_553_9026296e7e.pt,results/grid_searches/grid_patchtst_raw_autoLargest_L30_h10_thr10/checkpoints/trial_553_9026296e7e.pt,results/grid_searches/grid_patchtst_raw_autoLargest_L30_h10_thr10,130.26318173855543,False,cuda:0,
trial_555_eec3874cdf,complete,raw,4,5,32,4,3,0.0,0.0001,0.0001,24,1.5770044455582959,2.284766052799863,,,results/grid_searches/grid_patchtst_raw_autoLargest_L30_h10_thr10/checkpoints/trial_555_eec3874cdf.pt,results/grid_searches/grid_patchtst_raw_autoLargest_L30_h10_thr10/checkpoints/trial_555_eec3874cdf.pt,results/grid_searches/grid_patchtst_raw_autoLargest_L30_h10_thr10,110.5952912196517,False,cuda:2,
trial_554_39f41be2d6,complete,raw,4,5,32,4,3,0.0,0.0001,1e-05,30,1.5565258539713258,2.2479773630601647,,,results/grid_searches/grid_patchtst_raw_autoLargest_L30_h10_thr10/checkpoints/trial_554_39f41be2d6.pt,results/grid_searches/grid_patchtst_raw_autoLargest_L30_h10_thr10/checkpoints/trial_554_39f41be2d6.pt,results/grid_searches/grid_patchtst_raw_autoLargest_L30_h10_thr10,131.06853811442852,False,cuda:1,
trial_557_50e263ad13,complete,raw,4,5,32,4,3,0.0,0.0003,1e-05,31,1.4885210299501312,2.2458824258222956,,,results/grid_searches/grid_patchtst_raw_autoLargest_L30_h10_thr10/checkpoints/trial_557_50e263ad13.pt,results/grid_searches/grid_patchtst_raw_autoLargest_L30_h10_thr10/checkpoints/trial_557_50e263ad13.pt,results/grid_searches/grid_patchtst_raw_autoLargest_L30_h10_thr10,129.68828889355063,False,cuda:2,
trial_556_71305d4c30,complete,raw,4,5,32,4,3,0.0,0.0003,0.0,55,1.472202772702786,2.1136950080089543,,,results/grid_searches/grid_patchtst_raw_autoLargest_L30_h10_thr10/checkpoints/trial_556_71305d4c30.pt,results/grid_searches/grid_patchtst_raw_autoLargest_L30_h10_thr10/checkpoints/trial_556_71305d4c30.pt,results/grid_searches/grid_patchtst_raw_autoLargest_L30_h10_thr10,200.82552172616124,False,cuda:0,
trial_559_ffa288d1b2,complete,raw,4,5,32,4,3,0.0,0.0005,0.0,5,1.5936143779386824,2.225303175050203,,,results/grid_searches/grid_patchtst_raw_autoLargest_L30_h10_thr10/checkpoints/trial_559_ffa288d1b2.pt,results/grid_searches/grid_patchtst_raw_autoLargest_L30_h10_thr10/checkpoints/trial_559_ffa288d1b2.pt,results/grid_searches/grid_patchtst_raw_autoLargest_L30_h10_thr10,57.413123060017824,False,cuda:2,
trial_558_bc90ec8618,complete,raw,4,5,32,4,3,0.0,0.0003,0.0001,69,1.471284375327486,2.1045814056019667,,,results/grid_searches/grid_patchtst_raw_autoLargest_L30_h10_thr10/checkpoints/trial_558_bc90ec8618.pt,results/grid_searches/grid_patchtst_raw_autoLargest_L30_h10_thr10/checkpoints/trial_558_bc90ec8618.pt,results/grid_searches/grid_patchtst_raw_autoLargest_L30_h10_thr10,246.1415535621345,False,cuda:1,
trial_561_c421b0c8d0,complete,raw,4,5,32,4,3,0.0,0.0005,0.0001,18,1.5271858493521622,2.214631528638479,,,results/grid_searches/grid_patchtst_raw_autoLargest_L30_h10_thr10/checkpoints/trial_561_c421b0c8d0.pt,results/grid_searches/grid_patchtst_raw_autoLargest_L30_h10_thr10/checkpoints/trial_561_c421b0c8d0.pt,results/grid_searches/grid_patchtst_raw_autoLargest_L30_h10_thr10,94.05857642367482,False,cuda:2,
trial_562_e86dd20de4,complete,raw,4,5,32,4,3,0.0,0.001,0.0,2,1.572696677613296,2.198056385702699,,,results/grid_searches/grid_patchtst_raw_autoLargest_L30_h10_thr10/checkpoints/trial_562_e86dd20de4.pt,results/grid_searches/grid_patchtst_raw_autoLargest_L30_h10_thr10/checkpoints/trial_562_e86dd20de4.pt,results/grid_searches/grid_patchtst_raw_autoLargest_L30_h10_thr10,50.05537476763129,False,cuda:1,
trial_560_4c2b77d38a,complete,raw,4,5,32,4,3,0.0,0.0005,1e-05,31,1.473914853478723,2.1933051740850718,,,results/grid_searches/grid_patchtst_raw_autoLargest_L30_h10_thr10/checkpoints/trial_560_4c2b77d38a.pt,results/grid_searches/grid_patchtst_raw_autoLargest_L30_h10_thr10/checkpoints/trial_560_4c2b77d38a.pt,results/grid_searches/grid_patchtst_raw_autoLargest_L30_h10_thr10,135.83262829855084,False,cuda:0,
trial_563_9f10d32a02,complete,raw,4,5,32,4,3,0.0,0.001,1e-05,4,1.5531383642205332,2.251005036967088,,,results/grid_searches/grid_patchtst_raw_autoLargest_L30_h10_thr10/checkpoints/trial_563_9f10d32a02.pt,results/grid_searches/grid_patchtst_raw_autoLargest_L30_h10_thr10/checkpoints/trial_563_9f10d32a02.pt,results/grid_searches/grid_patchtst_raw_autoLargest_L30_h10_thr10,53.730325900018215,False,cuda:2,
trial_564_67d655d620,complete,raw,4,5,32,4,3,0.0,0.001,0.0001,2,1.5711626258388727,2.3155483230021963,,,results/grid_searches/grid_patchtst_raw_autoLargest_L30_h10_thr10/checkpoints/trial_564_67d655d620.pt,results/grid_searches/grid_patchtst_raw_autoLargest_L30_h10_thr10/checkpoints/trial_564_67d655d620.pt,results/grid_searches/grid_patchtst_raw_autoLargest_L30_h10_thr10,48.949075896292925,False,cuda:1,
trial_565_cbe04c2c96,complete,raw,4,5,32,4,3,0.1,0.0001,0.0,51,1.5255268408688185,2.1790177549158463,,,results/grid_searches/grid_patchtst_raw_autoLargest_L30_h10_thr10/checkpoints/trial_565_cbe04c2c96.pt,results/grid_searches/grid_patchtst_raw_autoLargest_L30_h10_thr10/checkpoints/trial_565_cbe04c2c96.pt,results/grid_searches/grid_patchtst_raw_autoLargest_L30_h10_thr10,199.03547910228372,False,cuda:0,
trial_566_cd00c347e8,complete,raw,4,5,32,4,3,0.1,0.0001,1e-05,59,1.4899372980158918,2.183293286026756,,,results/grid_searches/grid_patchtst_raw_autoLargest_L30_h10_thr10/checkpoints/trial_566_cd00c347e8.pt,results/grid_searches/grid_patchtst_raw_autoLargest_L30_h10_thr10/checkpoints/trial_566_cd00c347e8.pt,results/grid_searches/grid_patchtst_raw_autoLargest_L30_h10_thr10,216.55709076300263,False,cuda:2,
trial_567_0b04e46ec1,complete,raw,4,5,32,4,3,0.1,0.0001,0.0001,57,1.497451161282915,2.176241920788585,,,results/grid_searches/grid_patchtst_raw_autoLargest_L30_h10_thr10/checkpoints/trial_567_0b04e46ec1.pt,results/grid_searches/grid_patchtst_raw_autoLargest_L30_h10_thr10/checkpoints/trial_567_0b04e46ec1.pt,results/grid_searches/grid_patchtst_raw_autoLargest_L30_h10_thr10,218.80072415620089,False,cuda:1,
trial_568_b8fc8de885,complete,raw,4,5,32,4,3,0.1,0.0003,0.0,19,1.5031727854030419,2.2101893193238067,,,results/grid_searches/grid_patchtst_raw_autoLargest_L30_h10_thr10/checkpoints/trial_568_b8fc8de885.pt,results/grid_searches/grid_patchtst_raw_autoLargest_L30_h10_thr10/checkpoints/trial_568_b8fc8de885.pt,results/grid_searches/grid_patchtst_raw_autoLargest_L30_h10_thr10,102.78098808601499,False,cuda:0,
trial_569_91ef0538c4,complete,raw,4,5,32,4,3,0.1,0.0003,1e-05,16,1.5363120072184107,2.2450971627651635,,,results/grid_searches/grid_patchtst_raw_autoLargest_L30_h10_thr10/checkpoints/trial_569_91ef0538c4.pt,results/grid_searches/grid_patchtst_raw_autoLargest_L30_h10_thr10/checkpoints/trial_569_91ef0538c4.pt,results/grid_searches/grid_patchtst_raw_autoLargest_L30_h10_thr10,90.97891611233354,False,cuda:2,
trial_570_42530889ce,complete,raw,4,5,32,4,3,0.1,0.0003,0.0001,6,1.6412321834181305,2.2508434793139593,,,results/grid_searches/grid_patchtst_raw_autoLargest_L30_h10_thr10/checkpoints/trial_570_42530889ce.pt,results/grid_searches/grid_patchtst_raw_autoLargest_L30_h10_thr10/checkpoints/trial_570_42530889ce.pt,results/grid_searches/grid_patchtst_raw_autoLargest_L30_h10_thr10,64.4843259640038,False,cuda:1,
trial_573_8028433657,complete,raw,4,5,32,4,3,0.1,0.0005,0.0001,5,1.57946986345645,2.2706339440761942,,,results/grid_searches/grid_patchtst_raw_autoLargest_L30_h10_thr10/checkpoints/trial_573_8028433657.pt,results/grid_searches/grid_patchtst_raw_autoLargest_L30_h10_thr10/checkpoints/trial_573_8028433657.pt,results/grid_searches/grid_patchtst_raw_autoLargest_L30_h10_thr10,63.760392531752586,False,cuda:1,
trial_571_236bff374c,complete,raw,4,5,32,4,3,0.1,0.0005,0.0,26,1.4952223475499056,2.225585966879812,,,results/grid_searches/grid_patchtst_raw_autoLargest_L30_h10_thr10/checkpoints/trial_571_236bff374c.pt,results/grid_searches/grid_patchtst_raw_autoLargest_L30_h10_thr10/checkpoints/trial_571_236bff374c.pt,results/grid_searches/grid_patchtst_raw_autoLargest_L30_h10_thr10,127.56253973767161,False,cuda:0,
trial_572_373c05384f,complete,raw,4,5,32,4,3,0.1,0.0005,1e-05,28,1.5072135117961258,2.1678293158291817,,,results/grid_searches/grid_patchtst_raw_autoLargest_L30_h10_thr10/checkpoints/trial_572_373c05384f.pt,results/grid_searches/grid_patchtst_raw_autoLargest_L30_h10_thr10/checkpoints/trial_572_373c05384f.pt,results/grid_searches/grid_patchtst_raw_autoLargest_L30_h10_thr10,130.54902974516153,False,cuda:2,
trial_574_0165361936,complete,raw,4,5,32,4,3,0.1,0.001,0.0,10,1.5211249557335542,2.212954454967521,,,results/grid_searches/grid_patchtst_raw_autoLargest_L30_h10_thr10/checkpoints/trial_574_0165361936.pt,results/grid_searches/grid_patchtst_raw_autoLargest_L30_h10_thr10/checkpoints/trial_574_0165361936.pt,results/grid_searches/grid_patchtst_raw_autoLargest_L30_h10_thr10,76.41792108863592,False,cuda:1,
trial_575_1d164a6049,complete,raw,4,5,32,4,3,0.1,0.001,1e-05,5,1.5579531107984388,2.188954797229269,,,results/grid_searches/grid_patchtst_raw_autoLargest_L30_h10_thr10/checkpoints/trial_575_1d164a6049.pt,results/grid_searches/grid_patchtst_raw_autoLargest_L30_h10_thr10/checkpoints/trial_575_1d164a6049.pt,results/grid_searches/grid_patchtst_raw_autoLargest_L30_h10_thr10,60.692935820668936,False,cuda:0,
trial_577_7555fd7a20,complete,raw,4,5,64,2,1,0.0,0.0001,0.0,8,1.5608582126481247,2.2649742153519514,,,results/grid_searches/grid_patchtst_raw_autoLargest_L30_h10_thr10/checkpoints/trial_577_7555fd7a20.pt,results/grid_searches/grid_patchtst_raw_autoLargest_L30_h10_thr10/checkpoints/trial_577_7555fd7a20.pt,results/grid_searches/grid_patchtst_raw_autoLargest_L30_h10_thr10,31.4141740873456,False,cuda:1,
trial_578_2f2217e553,complete,raw,4,5,64,2,1,0.0,0.0001,1e-05,8,1.560990867336882,2.2366171158549673,,,results/grid_searches/grid_patchtst_raw_autoLargest_L30_h10_thr10/checkpoints/trial_578_2f2217e553.pt,results/grid_searches/grid_patchtst_raw_autoLargest_L30_h10_thr10/checkpoints/trial_578_2f2217e553.pt,results/grid_searches/grid_patchtst_raw_autoLargest_L30_h10_thr10,32.04992515966296,False,cuda:0,
trial_579_ee95d2208e,complete,raw,4,5,64,2,1,0.0,0.0001,0.0001,4,1.655076998991868,2.292192705876674,,,results/grid_searches/grid_patchtst_raw_autoLargest_L30_h10_thr10/checkpoints/trial_579_ee95d2208e.pt,results/grid_searches/grid_patchtst_raw_autoLargest_L30_h10_thr10/checkpoints/trial_579_ee95d2208e.pt,results/grid_searches/grid_patchtst_raw_autoLargest_L30_h10_thr10,26.454443737864494,False,cuda:1,
trial_581_aaddb81bed,complete,raw,4,5,64,2,1,0.0,0.0003,1e-05,5,1.5728855642611514,2.2913723838580635,,,results/grid_searches/grid_patchtst_raw_autoLargest_L30_h10_thr10/checkpoints/trial_581_aaddb81bed.pt,results/grid_searches/grid_patchtst_raw_autoLargest_L30_h10_thr10/checkpoints/trial_581_aaddb81bed.pt,results/grid_searches/grid_patchtst_raw_autoLargest_L30_h10_thr10,28.50816748663783,False,cuda:1,
trial_580_02db670449,complete,raw,4,5,64,2,1,0.0,0.0003,0.0,19,1.5263798433136713,2.275570761470514,,,results/grid_searches/grid_patchtst_raw_autoLargest_L30_h10_thr10/checkpoints/trial_580_02db670449.pt,results/grid_searches/grid_patchtst_raw_autoLargest_L30_h10_thr10/checkpoints/trial_580_02db670449.pt,results/grid_searches/grid_patchtst_raw_autoLargest_L30_h10_thr10,48.68635616078973,False,cuda:0,
trial_582_dd65a9cf47,complete,raw,4,5,64,2,1,0.0,0.0003,0.0001,19,1.532353672031549,2.3130508946959485,,,results/grid_searches/grid_patchtst_raw_autoLargest_L30_h10_thr10/checkpoints/trial_582_dd65a9cf47.pt,results/grid_searches/grid_patchtst_raw_autoLargest_L30_h10_thr10/checkpoints/trial_582_dd65a9cf47.pt,results/grid_searches/grid_patchtst_raw_autoLargest_L30_h10_thr10,47.42917716875672,False,cuda:1,
trial_583_f4d3e2e91c,complete,raw,4,5,64,2,1,0.0,0.0005,0.0,10,1.4984635047567418,2.247787905972453,,,results/grid_searches/grid_patchtst_raw_autoLargest_L30_h10_thr10/checkpoints/trial_583_f4d3e2e91c.pt,results/grid_searches/grid_patchtst_raw_autoLargest_L30_h10_thr10/checkpoints/trial_583_f4d3e2e91c.pt,results/grid_searches/grid_patchtst_raw_autoLargest_L30_h10_thr10,36.6244662553072,False,cuda:0,
trial_576_73b65be38c,complete,raw,4,5,32,4,3,0.1,0.001,0.0001,41,1.5259673115658232,2.1466255231409335,,,results/grid_searches/grid_patchtst_raw_autoLargest_L30_h10_thr10/checkpoints/trial_576_73b65be38c.pt,results/grid_searches/grid_patchtst_raw_autoLargest_L30_h10_thr10/checkpoints/trial_576_73b65be38c.pt,results/grid_searches/grid_patchtst_raw_autoLargest_L30_h10_thr10,164.21586745604873,False,cuda:2,
trial_584_a3119f0a15,complete,raw,4,5,64,2,1,0.0,0.0005,1e-05,5,1.552489583855377,2.2602549157648744,,,results/grid_searches/grid_patchtst_raw_autoLargest_L30_h10_thr10/checkpoints/trial_584_a3119f0a15.pt,results/grid_searches/grid_patchtst_raw_autoLargest_L30_h10_thr10/checkpoints/trial_584_a3119f0a15.pt,results/grid_searches/grid_patchtst_raw_autoLargest_L30_h10_thr10,27.505468286573887,False,cuda:1,
trial_585_02ce351b59,complete,raw,4,5,64,2,1,0.0,0.0005,0.0001,5,1.574133278758212,2.264867025378268,,,results/grid_searches/grid_patchtst_raw_autoLargest_L30_h10_thr10/checkpoints/trial_585_02ce351b59.pt,results/grid_searches/grid_patchtst_raw_autoLargest_L30_h10_thr10/checkpoints/trial_585_02ce351b59.pt,results/grid_searches/grid_patchtst_raw_autoLargest_L30_h10_thr10,27.083663143217564,False,cuda:0,
trial_586_4317728407,complete,raw,4,5,64,2,1,0.0,0.001,0.0,6,1.5939816313614197,2.2517196011536624,,,results/grid_searches/grid_patchtst_raw_autoLargest_L30_h10_thr10/checkpoints/trial_586_4317728407.pt,results/grid_searches/grid_patchtst_raw_autoLargest_L30_h10_thr10/checkpoints/trial_586_4317728407.pt,results/grid_searches/grid_patchtst_raw_autoLargest_L30_h10_thr10,27.85715252906084,False,cuda:2,
trial_587_6011610f77,complete,raw,4,5,64,2,1,0.0,0.001,1e-05,5,1.528124590132244,2.274502069634402,,,results/grid_searches/grid_patchtst_raw_autoLargest_L30_h10_thr10/checkpoints/trial_587_6011610f77.pt,results/grid_searches/grid_patchtst_raw_autoLargest_L30_h10_thr10/checkpoints/trial_587_6011610f77.pt,results/grid_searches/grid_patchtst_raw_autoLargest_L30_h10_thr10,27.871278572827578,False,cuda:1,
trial_588_627d2e5ed0,complete,raw,4,5,64,2,1,0.0,0.001,0.0001,5,1.55611391299416,2.3262619160535003,,,results/grid_searches/grid_patchtst_raw_autoLargest_L30_h10_thr10/checkpoints/trial_588_627d2e5ed0.pt,results/grid_searches/grid_patchtst_raw_autoLargest_L30_h10_thr10/checkpoints/trial_588_627d2e5ed0.pt,results/grid_searches/grid_patchtst_raw_autoLargest_L30_h10_thr10,28.01209007948637,False,cuda:0,
trial_590_919608e644,complete,raw,4,5,64,2,1,0.1,0.0001,1e-05,8,1.6157301611472157,2.316670532735137,,,results/grid_searches/grid_patchtst_raw_autoLargest_L30_h10_thr10/checkpoints/trial_590_919608e644.pt,results/grid_searches/grid_patchtst_raw_autoLargest_L30_h10_thr10/checkpoints/trial_590_919608e644.pt,results/grid_searches/grid_patchtst_raw_autoLargest_L30_h10_thr10,32.3164969868958,False,cuda:1,
trial_591_4e79dcb16b,complete,raw,4,5,64,2,1,0.1,0.0001,0.0001,8,1.6020857875152856,2.2573070753309934,,,results/grid_searches/grid_patchtst_raw_autoLargest_L30_h10_thr10/checkpoints/trial_591_4e79dcb16b.pt,results/grid_searches/grid_patchtst_raw_autoLargest_L30_h10_thr10/checkpoints/trial_591_4e79dcb16b.pt,results/grid_searches/grid_patchtst_raw_autoLargest_L30_h10_thr10,33.72509237751365,False,cuda:0,
trial_589_f940353fed,complete,raw,4,5,64,2,1,0.1,0.0001,0.0,29,1.5438334214545881,2.293434121166067,,,results/grid_searches/grid_patchtst_raw_autoLargest_L30_h10_thr10/checkpoints/trial_589_f940353fed.pt,results/grid_searches/grid_patchtst_raw_autoLargest_L30_h10_thr10/checkpoints/trial_589_f940353fed.pt,results/grid_searches/grid_patchtst_raw_autoLargest_L30_h10_thr10,60.645052686333656,False,cuda:2,
trial_592_6df935fc12,complete,raw,4,5,64,2,1,0.1,0.0003,0.0,1,1.8312742234455257,2.3652766876596445,,,results/grid_searches/grid_patchtst_raw_autoLargest_L30_h10_thr10/checkpoints/trial_592_6df935fc12.pt,results/grid_searches/grid_patchtst_raw_autoLargest_L30_h10_thr10/checkpoints/trial_592_6df935fc12.pt,results/grid_searches/grid_patchtst_raw_autoLargest_L30_h10_thr10,23.760411005467176,False,cuda:1,
trial_593_0e25162cdd,complete,raw,4,5,64,2,1,0.1,0.0003,1e-05,1,1.8344835283871315,2.36851164924327,,,results/grid_searches/grid_patchtst_raw_autoLargest_L30_h10_thr10/checkpoints/trial_593_0e25162cdd.pt,results/grid_searches/grid_patchtst_raw_autoLargest_L30_h10_thr10/checkpoints/trial_593_0e25162cdd.pt,results/grid_searches/grid_patchtst_raw_autoLargest_L30_h10_thr10,23.247681561857462,False,cuda:0,
trial_594_df84c6d820,complete,raw,4,5,64,2,1,0.1,0.0003,0.0001,5,1.6395649775457155,2.366336368473159,,,results/grid_searches/grid_patchtst_raw_autoLargest_L30_h10_thr10/checkpoints/trial_594_df84c6d820.pt,results/grid_searches/grid_patchtst_raw_autoLargest_L30_h10_thr10/checkpoints/trial_594_df84c6d820.pt,results/grid_searches/grid_patchtst_raw_autoLargest_L30_h10_thr10,27.58420568332076,False,cuda:2,
trial_595_31a6b414c0,complete,raw,4,5,64,2,1,0.1,0.0005,0.0,1,1.7082760242580235,2.3118012454126178,,,results/grid_searches/grid_patchtst_raw_autoLargest_L30_h10_thr10/checkpoints/trial_595_31a6b414c0.pt,results/grid_searches/grid_patchtst_raw_autoLargest_L30_h10_thr10/checkpoints/trial_595_31a6b414c0.pt,results/grid_searches/grid_patchtst_raw_autoLargest_L30_h10_thr10,22.244969338178635,False,cuda:1,
trial_596_4d3eb33028,complete,raw,4,5,64,2,1,0.1,0.0005,1e-05,2,1.769481149331867,2.438816687388039,,,results/grid_searches/grid_patchtst_raw_autoLargest_L30_h10_thr10/checkpoints/trial_596_4d3eb33028.pt,results/grid_searches/grid_patchtst_raw_autoLargest_L30_h10_thr10/checkpoints/trial_596_4d3eb33028.pt,results/grid_searches/grid_patchtst_raw_autoLargest_L30_h10_thr10,23.989810675382614,False,cuda:0,
trial_597_34f82dc78a,complete,raw,4,5,64,2,1,0.1,0.0005,0.0001,1,1.69944775837226,2.3284836045138437,,,results/grid_searches/grid_patchtst_raw_autoLargest_L30_h10_thr10/checkpoints/trial_597_34f82dc78a.pt,results/grid_searches/grid_patchtst_raw_autoLargest_L30_h10_thr10/checkpoints/trial_597_34f82dc78a.pt,results/grid_searches/grid_patchtst_raw_autoLargest_L30_h10_thr10,21.80520649254322,False,cuda:2,
trial_599_574fc576b7,complete,raw,4,5,64,2,1,0.1,0.001,1e-05,1,1.6570189265520134,2.3161846921639877,,,results/grid_searches/grid_patchtst_raw_autoLargest_L30_h10_thr10/checkpoints/trial_599_574fc576b7.pt,results/grid_searches/grid_patchtst_raw_autoLargest_L30_h10_thr10/checkpoints/trial_599_574fc576b7.pt,results/grid_searches/grid_patchtst_raw_autoLargest_L30_h10_thr10,23.034300584346056,False,cuda:0,
trial_598_e1cd81ced1,complete,raw,4,5,64,2,1,0.1,0.001,0.0,10,1.5988800079696164,2.3444706151613297,,,results/grid_searches/grid_patchtst_raw_autoLargest_L30_h10_thr10/checkpoints/trial_598_e1cd81ced1.pt,results/grid_searches/grid_patchtst_raw_autoLargest_L30_h10_thr10/checkpoints/trial_598_e1cd81ced1.pt,results/grid_searches/grid_patchtst_raw_autoLargest_L30_h10_thr10,36.49568472802639,False,cuda:1,
trial_600_cfcfe8e5a2,complete,raw,4,5,64,2,1,0.1,0.001,0.0001,1,1.6117499328498976,2.2880410084647567,,,results/grid_searches/grid_patchtst_raw_autoLargest_L30_h10_thr10/checkpoints/trial_600_cfcfe8e5a2.pt,results/grid_searches/grid_patchtst_raw_autoLargest_L30_h10_thr10/checkpoints/trial_600_cfcfe8e5a2.pt,results/grid_searches/grid_patchtst_raw_autoLargest_L30_h10_thr10,21.419362027198076,False,cuda:2,
trial_601_87087a7b64,complete,raw,4,5,64,2,2,0.0,0.0001,0.0,4,1.6233509575047447,2.242560443257268,,,results/grid_searches/grid_patchtst_raw_autoLargest_L30_h10_thr10/checkpoints/trial_601_87087a7b64.pt,results/grid_searches/grid_patchtst_raw_autoLargest_L30_h10_thr10/checkpoints/trial_601_87087a7b64.pt,results/grid_searches/grid_patchtst_raw_autoLargest_L30_h10_thr10,40.334374871104956,False,cuda:0,
trial_602_7fd090f8ee,complete,raw,4,5,64,2,2,0.0,0.0001,1e-05,4,1.6125546884433002,2.2350392573372218,,,results/grid_searches/grid_patchtst_raw_autoLargest_L30_h10_thr10/checkpoints/trial_602_7fd090f8ee.pt,results/grid_searches/grid_patchtst_raw_autoLargest_L30_h10_thr10/checkpoints/trial_602_7fd090f8ee.pt,results/grid_searches/grid_patchtst_raw_autoLargest_L30_h10_thr10,41.45302937179804,False,cuda:1,
trial_603_d23c29196b,complete,raw,4,5,64,2,2,0.0,0.0001,0.0001,4,1.59229149956209,2.2214501032324954,,,results/grid_searches/grid_patchtst_raw_autoLargest_L30_h10_thr10/checkpoints/trial_603_d23c29196b.pt,results/grid_searches/grid_patchtst_raw_autoLargest_L30_h10_thr10/checkpoints/trial_603_d23c29196b.pt,results/grid_searches/grid_patchtst_raw_autoLargest_L30_h10_thr10,38.83801204711199,False,cuda:2,
trial_604_1fe6b252a6,complete,raw,4,5,64,2,2,0.0,0.0003,0.0,2,1.610318736080316,2.246837962736436,,,results/grid_searches/grid_patchtst_raw_autoLargest_L30_h10_thr10/checkpoints/trial_604_1fe6b252a6.pt,results/grid_searches/grid_patchtst_raw_autoLargest_L30_h10_thr10/checkpoints/trial_604_1fe6b252a6.pt,results/grid_searches/grid_patchtst_raw_autoLargest_L30_h10_thr10,36.77758476138115,False,cuda:0,
trial_605_bf8ef64560,complete,raw,4,5,64,2,2,0.0,0.0003,1e-05,2,1.6378164093413308,2.274370069534535,,,results/grid_searches/grid_patchtst_raw_autoLargest_L30_h10_thr10/checkpoints/trial_605_bf8ef64560.pt,results/grid_searches/grid_patchtst_raw_autoLargest_L30_h10_thr10/checkpoints/trial_605_bf8ef64560.pt,results/grid_searches/grid_patchtst_raw_autoLargest_L30_h10_thr10,36.812836457043886,False,cuda:1,
trial_606_69c921a049,complete,raw,4,5,64,2,2,0.0,0.0003,0.0001,5,1.5484460116573904,2.2892857798729986,,,results/grid_searches/grid_patchtst_raw_autoLargest_L30_h10_thr10/checkpoints/trial_606_69c921a049.pt,results/grid_searches/grid_patchtst_raw_autoLargest_L30_h10_thr10/checkpoints/trial_606_69c921a049.pt,results/grid_searches/grid_patchtst_raw_autoLargest_L30_h10_thr10,42.032198287546635,False,cuda:2,
trial_607_cb974bfecd,complete,raw,4,5,64,2,2,0.0,0.0005,0.0,2,1.5999516890971344,2.2574530633495566,,,results/grid_searches/grid_patchtst_raw_autoLargest_L30_h10_thr10/checkpoints/trial_607_cb974bfecd.pt,results/grid_searches/grid_patchtst_raw_autoLargest_L30_h10_thr10/checkpoints/trial_607_cb974bfecd.pt,results/grid_searches/grid_patchtst_raw_autoLargest_L30_h10_thr10,36.02836547419429,False,cuda:0,
trial_608_7c5a0587a1,complete,raw,4,5,64,2,2,0.0,0.0005,1e-05,2,1.5840236811707669,2.276054511349301,,,results/grid_searches/grid_patchtst_raw_autoLargest_L30_h10_thr10/checkpoints/trial_608_7c5a0587a1.pt,results/grid_searches/grid_patchtst_raw_autoLargest_L30_h10_thr10/checkpoints/trial_608_7c5a0587a1.pt,results/grid_searches/grid_patchtst_raw_autoLargest_L30_h10_thr10,35.63538580015302,False,cuda:1,
trial_609_88009ca1c8,complete,raw,4,5,64,2,2,0.0,0.0005,0.0001,2,1.604195528567026,2.277767840464213,,,results/grid_searches/grid_patchtst_raw_autoLargest_L30_h10_thr10/checkpoints/trial_609_88009ca1c8.pt,results/grid_searches/grid_patchtst_raw_autoLargest_L30_h10_thr10/checkpoints/trial_609_88009ca1c8.pt,results/grid_searches/grid_patchtst_raw_autoLargest_L30_h10_thr10,34.385740250349045,False,cuda:2,
trial_612_648359d5cf,complete,raw,4,5,64,2,2,0.0,0.001,0.0001,2,1.5734785140550966,2.2880803396074483,,,results/grid_searches/grid_patchtst_raw_autoLargest_L30_h10_thr10/checkpoints/trial_612_648359d5cf.pt,results/grid_searches/grid_patchtst_raw_autoLargest_L30_h10_thr10/checkpoints/trial_612_648359d5cf.pt,results/grid_searches/grid_patchtst_raw_autoLargest_L30_h10_thr10,35.368237148970366,False,cuda:2,
trial_611_be422bf8a8,complete,raw,4,5,64,2,2,0.0,0.001,1e-05,17,1.5285767020426597,2.249624217493173,,,results/grid_searches/grid_patchtst_raw_autoLargest_L30_h10_thr10/checkpoints/trial_611_be422bf8a8.pt,results/grid_searches/grid_patchtst_raw_autoLargest_L30_h10_thr10/checkpoints/trial_611_be422bf8a8.pt,results/grid_searches/grid_patchtst_raw_autoLargest_L30_h10_thr10,67.98516931757331,False,cuda:1,
trial_610_c994fd6bcf,complete,raw,4,5,64,2,2,0.0,0.001,0.0,28,1.5304542932088805,2.1626538678537526,,,results/grid_searches/grid_patchtst_raw_autoLargest_L30_h10_thr10/checkpoints/trial_610_c994fd6bcf.pt,results/grid_searches/grid_patchtst_raw_autoLargest_L30_h10_thr10/checkpoints/trial_610_c994fd6bcf.pt,results/grid_searches/grid_patchtst_raw_autoLargest_L30_h10_thr10,90.61029947176576,False,cuda:0,
trial_613_97e39f43fe,complete,raw,4,5,64,2,2,0.1,0.0001,0.0,6,1.6418948124415136,2.297104508844725,,,results/grid_searches/grid_patchtst_raw_autoLargest_L30_h10_thr10/checkpoints/trial_613_97e39f43fe.pt,results/grid_searches/grid_patchtst_raw_autoLargest_L30_h10_thr10/checkpoints/trial_613_97e39f43fe.pt,results/grid_searches/grid_patchtst_raw_autoLargest_L30_h10_thr10,44.100683841854334,False,cuda:2,
trial_614_fbdac7b6c9,complete,raw,4,5,64,2,2,0.1,0.0001,1e-05,6,1.644098642922089,2.3014278549926592,,,results/grid_searches/grid_patchtst_raw_autoLargest_L30_h10_thr10/checkpoints/trial_614_fbdac7b6c9.pt,results/grid_searches/grid_patchtst_raw_autoLargest_L30_h10_thr10/checkpoints/trial_614_fbdac7b6c9.pt,results/grid_searches/grid_patchtst_raw_autoLargest_L30_h10_thr10,47.638479340821505,False,cuda:1,
trial_616_263e853e2b,complete,raw,4,5,64,2,2,0.1,0.0003,0.0,5,1.5775884700698566,2.304685764919443,,,results/grid_searches/grid_patchtst_raw_autoLargest_L30_h10_thr10/checkpoints/trial_616_263e853e2b.pt,results/grid_searches/grid_patchtst_raw_autoLargest_L30_h10_thr10/checkpoints/trial_616_263e853e2b.pt,results/grid_searches/grid_patchtst_raw_autoLargest_L30_h10_thr10,43.562863778322935,False,cuda:2,
trial_615_538f947499,complete,raw,4,5,64,2,2,0.1,0.0001,0.0001,8,1.6084355392571115,2.295664738413254,,,results/grid_searches/grid_patchtst_raw_autoLargest_L30_h10_thr10/checkpoints/trial_615_538f947499.pt,results/grid_searches/grid_patchtst_raw_autoLargest_L30_h10_thr10/checkpoints/trial_615_538f947499.pt,results/grid_searches/grid_patchtst_raw_autoLargest_L30_h10_thr10,53.45953907445073,False,cuda:0,
trial_617_cf67833df9,complete,raw,4,5,64,2,2,0.1,0.0003,1e-05,6,1.6167373789894053,2.3447026445437933,,,results/grid_searches/grid_patchtst_raw_autoLargest_L30_h10_thr10/checkpoints/trial_617_cf67833df9.pt,results/grid_searches/grid_patchtst_raw_autoLargest_L30_h10_thr10/checkpoints/trial_617_cf67833df9.pt,results/grid_searches/grid_patchtst_raw_autoLargest_L30_h10_thr10,48.78188107162714,False,cuda:1,
trial_618_ea3e00c56c,complete,raw,4,5,64,2,2,0.1,0.0003,0.0001,2,1.6650222441261704,2.304599522088648,,,results/grid_searches/grid_patchtst_raw_autoLargest_L30_h10_thr10/checkpoints/trial_618_ea3e00c56c.pt,results/grid_searches/grid_patchtst_raw_autoLargest_L30_h10_thr10/checkpoints/trial_618_ea3e00c56c.pt,results/grid_searches/grid_patchtst_raw_autoLargest_L30_h10_thr10,38.926885060966015,False,cuda:2,
trial_619_f4a16d8e95,complete,raw,4,5,64,2,2,0.1,0.0005,0.0,1,1.613772919405299,2.277176398651611,,,results/grid_searches/grid_patchtst_raw_autoLargest_L30_h10_thr10/checkpoints/trial_619_f4a16d8e95.pt,results/grid_searches/grid_patchtst_raw_autoLargest_L30_h10_thr10/checkpoints/trial_619_f4a16d8e95.pt,results/grid_searches/grid_patchtst_raw_autoLargest_L30_h10_thr10,35.7307806275785,False,cuda:0,
trial_620_26e52ca024,complete,raw,4,5,64,2,2,0.1,0.0005,1e-05,1,1.662590813977243,2.31286805726252,,,results/grid_searches/grid_patchtst_raw_autoLargest_L30_h10_thr10/checkpoints/trial_620_26e52ca024.pt,results/grid_searches/grid_patchtst_raw_autoLargest_L30_h10_thr10/checkpoints/trial_620_26e52ca024.pt,results/grid_searches/grid_patchtst_raw_autoLargest_L30_h10_thr10,35.84081715345383,False,cuda:1,
trial_621_d6cec49dc8,complete,raw,4,5,64,2,2,0.1,0.0005,0.0001,2,1.6004476048231502,2.3177852073657643,,,results/grid_searches/grid_patchtst_raw_autoLargest_L30_h10_thr10/checkpoints/trial_621_d6cec49dc8.pt,results/grid_searches/grid_patchtst_raw_autoLargest_L30_h10_thr10/checkpoints/trial_621_d6cec49dc8.pt,results/grid_searches/grid_patchtst_raw_autoLargest_L30_h10_thr10,36.80974169448018,False,cuda:2,
trial_622_bd4f285923,complete,raw,4,5,64,2,2,0.1,0.001,0.0,5,1.5749349198320621,2.3204930377829833,,,results/grid_searches/grid_patchtst_raw_autoLargest_L30_h10_thr10/checkpoints/trial_622_bd4f285923.pt,results/grid_searches/grid_patchtst_raw_autoLargest_L30_h10_thr10/checkpoints/trial_622_bd4f285923.pt,results/grid_searches/grid_patchtst_raw_autoLargest_L30_h10_thr10,44.67496897652745,False,cuda:0,
trial_624_b054fa0331,complete,raw,4,5,64,2,2,0.1,0.001,0.0001,2,1.6479286904887684,2.444282450056529,,,results/grid_searches/grid_patchtst_raw_autoLargest_L30_h10_thr10/checkpoints/trial_624_b054fa0331.pt,results/grid_searches/grid_patchtst_raw_autoLargest_L30_h10_thr10/checkpoints/trial_624_b054fa0331.pt,results/grid_searches/grid_patchtst_raw_autoLargest_L30_h10_thr10,36.80142793804407,False,cuda:2,
trial_625_db65aeb283,complete,raw,4,5,64,2,3,0.0,0.0001,0.0,4,1.5808661532260573,2.211955568857565,,,results/grid_searches/grid_patchtst_raw_autoLargest_L30_h10_thr10/checkpoints/trial_625_db65aeb283.pt,results/grid_searches/grid_patchtst_raw_autoLargest_L30_h10_thr10/checkpoints/trial_625_db65aeb283.pt,results/grid_searches/grid_patchtst_raw_autoLargest_L30_h10_thr10,53.9316835552454,False,cuda:0,
trial_626_8ab818bf41,complete,raw,4,5,64,2,3,0.0,0.0001,1e-05,4,1.5846539012738798,2.2391818901260887,,,results/grid_searches/grid_patchtst_raw_autoLargest_L30_h10_thr10/checkpoints/trial_626_8ab818bf41.pt,results/grid_searches/grid_patchtst_raw_autoLargest_L30_h10_thr10/checkpoints/trial_626_8ab818bf41.pt,results/grid_searches/grid_patchtst_raw_autoLargest_L30_h10_thr10,52.73169433325529,False,cuda:2,
trial_623_1bd4d66be1,complete,raw,4,5,64,2,2,0.1,0.001,1e-05,35,1.4758009715783822,2.2431447712883417,,,results/grid_searches/grid_patchtst_raw_autoLargest_L30_h10_thr10/checkpoints/trial_623_1bd4d66be1.pt,results/grid_searches/grid_patchtst_raw_autoLargest_L30_h10_thr10/checkpoints/trial_623_1bd4d66be1.pt,results/grid_searches/grid_patchtst_raw_autoLargest_L30_h10_thr10,113.77667141705751,False,cuda:1,
trial_627_df30585c41,complete,raw,4,5,64,2,3,0.0,0.0001,0.0001,4,1.6229646880198505,2.258317524809328,,,results/grid_searches/grid_patchtst_raw_autoLargest_L30_h10_thr10/checkpoints/trial_627_df30585c41.pt,results/grid_searches/grid_patchtst_raw_autoLargest_L30_h10_thr10/checkpoints/trial_627_df30585c41.pt,results/grid_searches/grid_patchtst_raw_autoLargest_L30_h10_thr10,56.1454537846148,False,cuda:0,
trial_628_4f69f1140b,complete,raw,4,5,64,2,3,0.0,0.0003,0.0,2,1.6079930917796077,2.243551521803705,,,results/grid_searches/grid_patchtst_raw_autoLargest_L30_h10_thr10/checkpoints/trial_628_4f69f1140b.pt,results/grid_searches/grid_patchtst_raw_autoLargest_L30_h10_thr10/checkpoints/trial_628_4f69f1140b.pt,results/grid_searches/grid_patchtst_raw_autoLargest_L30_h10_thr10,48.120306860655546,False,cuda:2,
trial_629_bceb2a36f8,complete,raw,4,5,64,2,3,0.0,0.0003,1e-05,5,1.5844662754152772,2.327710718671281,,,results/grid_searches/grid_patchtst_raw_autoLargest_L30_h10_thr10/checkpoints/trial_629_bceb2a36f8.pt,results/grid_searches/grid_patchtst_raw_autoLargest_L30_h10_thr10/checkpoints/trial_629_bceb2a36f8.pt,results/grid_searches/grid_patchtst_raw_autoLargest_L30_h10_thr10,57.862630635499954,False,cuda:1,
trial_630_8bc094e002,complete,raw,4,5,64,2,3,0.0,0.0003,0.0001,2,1.6186226204650689,2.281576410724825,,,results/grid_searches/grid_patchtst_raw_autoLargest_L30_h10_thr10/checkpoints/trial_630_8bc094e002.pt,results/grid_searches/grid_patchtst_raw_autoLargest_L30_h10_thr10/checkpoints/trial_630_8bc094e002.pt,results/grid_searches/grid_patchtst_raw_autoLargest_L30_h10_thr10,49.23158720135689,False,cuda:0,
trial_632_2f4e33a016,complete,raw,4,5,64,2,3,0.0,0.0005,1e-05,1,1.6060436934015796,2.24296907896257,,,results/grid_searches/grid_patchtst_raw_autoLargest_L30_h10_thr10/checkpoints/trial_632_2f4e33a016.pt,results/grid_searches/grid_patchtst_raw_autoLargest_L30_h10_thr10/checkpoints/trial_632_2f4e33a016.pt,results/grid_searches/grid_patchtst_raw_autoLargest_L30_h10_thr10,47.30260230228305,False,cuda:1,
trial_633_6a4ffb88df,complete,raw,4,5,64,2,3,0.0,0.0005,0.0001,1,1.7422143696503172,2.3817170409000044,,,results/grid_searches/grid_patchtst_raw_autoLargest_L30_h10_thr10/checkpoints/trial_633_6a4ffb88df.pt,results/grid_searches/grid_patchtst_raw_autoLargest_L30_h10_thr10/checkpoints/trial_633_6a4ffb88df.pt,results/grid_searches/grid_patchtst_raw_autoLargest_L30_h10_thr10,47.105705328285694,False,cuda:0,
trial_631_8fba71e328,complete,raw,4,5,64,2,3,0.0,0.0005,0.0,18,1.523293812181565,2.154961818031522,,,results/grid_searches/grid_patchtst_raw_autoLargest_L30_h10_thr10/checkpoints/trial_631_8fba71e328.pt,results/grid_searches/grid_patchtst_raw_autoLargest_L30_h10_thr10/checkpoints/trial_631_8fba71e328.pt,results/grid_searches/grid_patchtst_raw_autoLargest_L30_h10_thr10,89.21453366056085,False,cuda:2,
trial_634_fb63f772f5,complete,raw,4,5,64,2,3,0.0,0.001,0.0,10,1.5717248990122654,2.2303773973253374,,,results/grid_searches/grid_patchtst_raw_autoLargest_L30_h10_thr10/checkpoints/trial_634_fb63f772f5.pt,results/grid_searches/grid_patchtst_raw_autoLargest_L30_h10_thr10/checkpoints/trial_634_fb63f772f5.pt,results/grid_searches/grid_patchtst_raw_autoLargest_L30_h10_thr10,71.26140204444528,False,cuda:1,
trial_637_9e54e938f0,complete,raw,4,5,64,2,3,0.1,0.0001,0.0,2,1.6873262710633534,2.2961139269279696,,,results/grid_searches/grid_patchtst_raw_autoLargest_L30_h10_thr10/checkpoints/trial_637_9e54e938f0.pt,results/grid_searches/grid_patchtst_raw_autoLargest_L30_h10_thr10/checkpoints/trial_637_9e54e938f0.pt,results/grid_searches/grid_patchtst_raw_autoLargest_L30_h10_thr10,51.27822821214795,False,cuda:1,
trial_635_6f55e25aef,complete,raw,4,5,64,2,3,0.0,0.001,1e-05,28,1.5267845697276576,2.143524542181836,,,results/grid_searches/grid_patchtst_raw_autoLargest_L30_h10_thr10/checkpoints/trial_635_6f55e25aef.pt,results/grid_searches/grid_patchtst_raw_autoLargest_L30_h10_thr10/checkpoints/trial_635_6f55e25aef.pt,results/grid_searches/grid_patchtst_raw_autoLargest_L30_h10_thr10,125.6925356015563,False,cuda:0,
trial_636_9c0964d6e2,complete,raw,4,5,64,2,3,0.0,0.001,0.0001,31,1.48421341839942,2.1480261568724384,,,results/grid_searches/grid_patchtst_raw_autoLargest_L30_h10_thr10/checkpoints/trial_636_9c0964d6e2.pt,results/grid_searches/grid_patchtst_raw_autoLargest_L30_h10_thr10/checkpoints/trial_636_9c0964d6e2.pt,results/grid_searches/grid_patchtst_raw_autoLargest_L30_h10_thr10,129.42759335041046,False,cuda:2,
trial_638_3c007846a5,complete,raw,4,5,64,2,3,0.1,0.0001,1e-05,2,1.682499895787126,2.2678486765159835,,,results/grid_searches/grid_patchtst_raw_autoLargest_L30_h10_thr10/checkpoints/trial_638_3c007846a5.pt,results/grid_searches/grid_patchtst_raw_autoLargest_L30_h10_thr10/checkpoints/trial_638_3c007846a5.pt,results/grid_searches/grid_patchtst_raw_autoLargest_L30_h10_thr10,52.360582776367664,False,cuda:1,
trial_639_3bc8d1813c,complete,raw,4,5,64,2,3,0.1,0.0001,0.0001,5,1.6470345831228586,2.2598288866641223,,,results/grid_searches/grid_patchtst_raw_autoLargest_L30_h10_thr10/checkpoints/trial_639_3bc8d1813c.pt,results/grid_searches/grid_patchtst_raw_autoLargest_L30_h10_thr10/checkpoints/trial_639_3bc8d1813c.pt,results/grid_searches/grid_patchtst_raw_autoLargest_L30_h10_thr10,60.64285556972027,False,cuda:0,
trial_640_78f9920ed7,complete,raw,4,5,64,2,3,0.1,0.0003,0.0,5,1.570928083191378,2.2545511925251778,,,results/grid_searches/grid_patchtst_raw_autoLargest_L30_h10_thr10/checkpoints/trial_640_78f9920ed7.pt,results/grid_searches/grid_patchtst_raw_autoLargest_L30_h10_thr10/checkpoints/trial_640_78f9920ed7.pt,results/grid_searches/grid_patchtst_raw_autoLargest_L30_h10_thr10,57.30748986825347,False,cuda:2,
trial_641_e8b2ec1da5,complete,raw,4,5,64,2,3,0.1,0.0003,1e-05,1,1.6198327222513624,2.243972565591739,,,results/grid_searches/grid_patchtst_raw_autoLargest_L30_h10_thr10/checkpoints/trial_641_e8b2ec1da5.pt,results/grid_searches/grid_patchtst_raw_autoLargest_L30_h10_thr10/checkpoints/trial_641_e8b2ec1da5.pt,results/grid_searches/grid_patchtst_raw_autoLargest_L30_h10_thr10,49.02571241185069,False,cuda:1,
trial_642_285c6de664,complete,raw,4,5,64,2,3,0.1,0.0003,0.0001,2,1.630903148220121,2.2744459824370664,,,results/grid_searches/grid_patchtst_raw_autoLargest_L30_h10_thr10/checkpoints/trial_642_285c6de664.pt,results/grid_searches/grid_patchtst_raw_autoLargest_L30_h10_thr10/checkpoints/trial_642_285c6de664.pt,results/grid_searches/grid_patchtst_raw_autoLargest_L30_h10_thr10,51.818397141993046,False,cuda:0,
trial_643_fe77101df3,complete,raw,4,5,64,2,3,0.1,0.0005,0.0,2,1.6179620254803684,2.328390852554088,,,results/grid_searches/grid_patchtst_raw_autoLargest_L30_h10_thr10/checkpoints/trial_643_fe77101df3.pt,results/grid_searches/grid_patchtst_raw_autoLargest_L30_h10_thr10/checkpoints/trial_643_fe77101df3.pt,results/grid_searches/grid_patchtst_raw_autoLargest_L30_h10_thr10,47.84182120487094,False,cuda:2,
trial_644_6a7234a31d,complete,raw,4,5,64,2,3,0.1,0.0005,1e-05,1,1.7094100995540995,2.368656271384771,,,results/grid_searches/grid_patchtst_raw_autoLargest_L30_h10_thr10/checkpoints/trial_644_6a7234a31d.pt,results/grid_searches/grid_patchtst_raw_autoLargest_L30_h10_thr10/checkpoints/trial_644_6a7234a31d.pt,results/grid_searches/grid_patchtst_raw_autoLargest_L30_h10_thr10,48.89144703373313,False,cuda:1,
trial_645_fb4d62ac00,complete,raw,4,5,64,2,3,0.1,0.0005,0.0001,5,1.6000430310234617,2.353921541497294,,,results/grid_searches/grid_patchtst_raw_autoLargest_L30_h10_thr10/checkpoints/trial_645_fb4d62ac00.pt,results/grid_searches/grid_patchtst_raw_autoLargest_L30_h10_thr10/checkpoints/trial_645_fb4d62ac00.pt,results/grid_searches/grid_patchtst_raw_autoLargest_L30_h10_thr10,61.26961521804333,False,cuda:0,
trial_646_d16a0df01b,complete,raw,4,5,64,2,3,0.1,0.001,0.0,10,1.5061413251759508,2.2569289920771785,,,results/grid_searches/grid_patchtst_raw_autoLargest_L30_h10_thr10/checkpoints/trial_646_d16a0df01b.pt,results/grid_searches/grid_patchtst_raw_autoLargest_L30_h10_thr10/checkpoints/trial_646_d16a0df01b.pt,results/grid_searches/grid_patchtst_raw_autoLargest_L30_h10_thr10,71.90119913965464,False,cuda:2,
trial_649_f05e0ab1ae,complete,raw,4,5,64,4,1,0.0,0.0001,0.0,3,1.7399471446541668,2.379117770185559,,,results/grid_searches/grid_patchtst_raw_autoLargest_L30_h10_thr10/checkpoints/trial_649_f05e0ab1ae.pt,results/grid_searches/grid_patchtst_raw_autoLargest_L30_h10_thr10/checkpoints/trial_649_f05e0ab1ae.pt,results/grid_searches/grid_patchtst_raw_autoLargest_L30_h10_thr10,25.22812394797802,False,cuda:2,
trial_648_f9eb986108,complete,raw,4,5,64,2,3,0.1,0.001,0.0001,2,1.5891075833302133,2.3941379947244603,,,results/grid_searches/grid_patchtst_raw_autoLargest_L30_h10_thr10/checkpoints/trial_648_f9eb986108.pt,results/grid_searches/grid_patchtst_raw_autoLargest_L30_h10_thr10/checkpoints/trial_648_f9eb986108.pt,results/grid_searches/grid_patchtst_raw_autoLargest_L30_h10_thr10,53.3063984811306,False,cuda:0,
trial_647_f89371e4fa,complete,raw,4,5,64,2,3,0.1,0.001,1e-05,17,1.5393025305386208,2.2201217916860267,,,results/grid_searches/grid_patchtst_raw_autoLargest_L30_h10_thr10/checkpoints/trial_647_f89371e4fa.pt,results/grid_searches/grid_patchtst_raw_autoLargest_L30_h10_thr10/checkpoints/trial_647_f89371e4fa.pt,results/grid_searches/grid_patchtst_raw_autoLargest_L30_h10_thr10,97.93587696552277,False,cuda:1,
trial_650_037cfc51b3,complete,raw,4,5,64,4,1,0.0,0.0001,1e-05,8,1.5944499248237927,2.313387630450308,,,results/grid_searches/grid_patchtst_raw_autoLargest_L30_h10_thr10/checkpoints/trial_650_037cfc51b3.pt,results/grid_searches/grid_patchtst_raw_autoLargest_L30_h10_thr10/checkpoints/trial_650_037cfc51b3.pt,results/grid_searches/grid_patchtst_raw_autoLargest_L30_h10_thr10,31.115256771445274,False,cuda:2,
trial_651_68a2f9590b,complete,raw,4,5,64,4,1,0.0,0.0001,0.0001,4,1.626740374205799,2.3259702332133707,,,results/grid_searches/grid_patchtst_raw_autoLargest_L30_h10_thr10/checkpoints/trial_651_68a2f9590b.pt,results/grid_searches/grid_patchtst_raw_autoLargest_L30_h10_thr10/checkpoints/trial_651_68a2f9590b.pt,results/grid_searches/grid_patchtst_raw_autoLargest_L30_h10_thr10,26.19382542744279,False,cuda:0,
trial_653_12556afe60,complete,raw,4,5,64,4,1,0.0,0.0003,1e-05,2,1.6650053400829246,2.3093895159424562,,,results/grid_searches/grid_patchtst_raw_autoLargest_L30_h10_thr10/checkpoints/trial_653_12556afe60.pt,results/grid_searches/grid_patchtst_raw_autoLargest_L30_h10_thr10/checkpoints/trial_653_12556afe60.pt,results/grid_searches/grid_patchtst_raw_autoLargest_L30_h10_thr10,22.873855393379927,False,cuda:2,
trial_652_d4129fa3ab,complete,raw,4,5,64,4,1,0.0,0.0003,0.0,19,1.5046484175654529,2.2571385228565095,,,results/grid_searches/grid_patchtst_raw_autoLargest_L30_h10_thr10/checkpoints/trial_652_d4129fa3ab.pt,results/grid_searches/grid_patchtst_raw_autoLargest_L30_h10_thr10/checkpoints/trial_652_d4129fa3ab.pt,results/grid_searches/grid_patchtst_raw_autoLargest_L30_h10_thr10,46.45577693730593,False,cuda:1,
trial_654_d07d646e8d,complete,raw,4,5,64,4,1,0.0,0.0003,0.0001,19,1.524544840825698,2.2755229477657193,,,results/grid_searches/grid_patchtst_raw_autoLargest_L30_h10_thr10/checkpoints/trial_654_d07d646e8d.pt,results/grid_searches/grid_patchtst_raw_autoLargest_L30_h10_thr10/checkpoints/trial_654_d07d646e8d.pt,results/grid_searches/grid_patchtst_raw_autoLargest_L30_h10_thr10,47.25780130922794,False,cuda:0,
trial_655_30b8218f74,complete,raw,4,5,64,4,1,0.0,0.0005,0.0,19,1.50980258467171,2.225444745415671,,,results/grid_searches/grid_patchtst_raw_autoLargest_L30_h10_thr10/checkpoints/trial_655_30b8218f74.pt,results/grid_searches/grid_patchtst_raw_autoLargest_L30_h10_thr10/checkpoints/trial_655_30b8218f74.pt,results/grid_searches/grid_patchtst_raw_autoLargest_L30_h10_thr10,44.143295019865036,False,cuda:2,
trial_656_0629c2733c,complete,raw,4,5,64,4,1,0.0,0.0005,1e-05,10,1.5141001553739173,2.2416426919863346,,,results/grid_searches/grid_patchtst_raw_autoLargest_L30_h10_thr10/checkpoints/trial_656_0629c2733c.pt,results/grid_searches/grid_patchtst_raw_autoLargest_L30_h10_thr10/checkpoints/trial_656_0629c2733c.pt,results/grid_searches/grid_patchtst_raw_autoLargest_L30_h10_thr10,34.98965810239315,False,cuda:1,
trial_658_a5c7d64336,complete,raw,4,5,64,4,1,0.0,0.001,0.0,5,1.610045556102561,2.3097193589349407,,,results/grid_searches/grid_patchtst_raw_autoLargest_L30_h10_thr10/checkpoints/trial_658_a5c7d64336.pt,results/grid_searches/grid_patchtst_raw_autoLargest_L30_h10_thr10/checkpoints/trial_658_a5c7d64336.pt,results/grid_searches/grid_patchtst_raw_autoLargest_L30_h10_thr10,26.122486285865307,False,cuda:2,
trial_657_5bcc7d7a18,complete,raw,4,5,64,4,1,0.0,0.0005,0.0001,15,1.5424555022420385,2.2766064404754376,,,results/grid_searches/grid_patchtst_raw_autoLargest_L30_h10_thr10/checkpoints/trial_657_5bcc7d7a18.pt,results/grid_searches/grid_patchtst_raw_autoLargest_L30_h10_thr10/checkpoints/trial_657_5bcc7d7a18.pt,results/grid_searches/grid_patchtst_raw_autoLargest_L30_h10_thr10,41.25228634849191,False,cuda:0,
trial_660_c1a49ba302,complete,raw,4,5,64,4,1,0.0,0.001,0.0001,2,1.5944123664771832,2.3279060019992563,,,results/grid_searches/grid_patchtst_raw_autoLargest_L30_h10_thr10/checkpoints/trial_660_c1a49ba302.pt,results/grid_searches/grid_patchtst_raw_autoLargest_L30_h10_thr10/checkpoints/trial_660_c1a49ba302.pt,results/grid_searches/grid_patchtst_raw_autoLargest_L30_h10_thr10,23.161553744226694,False,cuda:2,
trial_661_c97364983f,complete,raw,4,5,64,4,1,0.1,0.0001,0.0,2,1.7377981938978162,2.3407753495035504,,,results/grid_searches/grid_patchtst_raw_autoLargest_L30_h10_thr10/checkpoints/trial_661_c97364983f.pt,results/grid_searches/grid_patchtst_raw_autoLargest_L30_h10_thr10/checkpoints/trial_661_c97364983f.pt,results/grid_searches/grid_patchtst_raw_autoLargest_L30_h10_thr10,24.504791360348463,False,cuda:0,
trial_659_77596df155,complete,raw,4,5,64,4,1,0.0,0.001,1e-05,31,1.4997856212746872,2.1770907039180436,,,results/grid_searches/grid_patchtst_raw_autoLargest_L30_h10_thr10/checkpoints/trial_659_77596df155.pt,results/grid_searches/grid_patchtst_raw_autoLargest_L30_h10_thr10/checkpoints/trial_659_77596df155.pt,results/grid_searches/grid_patchtst_raw_autoLargest_L30_h10_thr10,63.761770743876696,False,cuda:1,
trial_663_2e8aac331c,complete,raw,4,5,64,4,1,0.1,0.0001,0.0001,2,1.7436824882341715,2.343124319749397,,,results/grid_searches/grid_patchtst_raw_autoLargest_L30_h10_thr10/checkpoints/trial_663_2e8aac331c.pt,results/grid_searches/grid_patchtst_raw_autoLargest_L30_h10_thr10/checkpoints/trial_663_2e8aac331c.pt,results/grid_searches/grid_patchtst_raw_autoLargest_L30_h10_thr10,24.520157292485237,False,cuda:0,
trial_662_0d4703dafa,complete,raw,4,5,64,4,1,0.1,0.0001,1e-05,8,1.619376615290589,2.331580686787652,,,results/grid_searches/grid_patchtst_raw_autoLargest_L30_h10_thr10/checkpoints/trial_662_0d4703dafa.pt,results/grid_searches/grid_patchtst_raw_autoLargest_L30_h10_thr10/checkpoints/trial_662_0d4703dafa.pt,results/grid_searches/grid_patchtst_raw_autoLargest_L30_h10_thr10,31.361870925873518,False,cuda:2,
trial_666_7072ff7168,complete,raw,4,5,64,4,1,0.1,0.0003,0.0001,6,1.6115332446530273,2.3205192917338073,,,results/grid_searches/grid_patchtst_raw_autoLargest_L30_h10_thr10/checkpoints/trial_666_7072ff7168.pt,results/grid_searches/grid_patchtst_raw_autoLargest_L30_h10_thr10/checkpoints/trial_666_7072ff7168.pt,results/grid_searches/grid_patchtst_raw_autoLargest_L30_h10_thr10,28.897460993379354,False,cuda:2,
trial_664_894488f249,complete,raw,4,5,64,4,1,0.1,0.0003,0.0,19,1.5470763978201754,2.2231503060082747,,,results/grid_searches/grid_patchtst_raw_autoLargest_L30_h10_thr10/checkpoints/trial_664_894488f249.pt,results/grid_searches/grid_patchtst_raw_autoLargest_L30_h10_thr10/checkpoints/trial_664_894488f249.pt,results/grid_searches/grid_patchtst_raw_autoLargest_L30_h10_thr10,48.49292620643973,False,cuda:1,
trial_667_b55ff766ec,complete,raw,4,5,64,4,1,0.1,0.0005,0.0,6,1.6646417480037559,2.27199467636039,,,results/grid_searches/grid_patchtst_raw_autoLargest_L30_h10_thr10/checkpoints/trial_667_b55ff766ec.pt,results/grid_searches/grid_patchtst_raw_autoLargest_L30_h10_thr10/checkpoints/trial_667_b55ff766ec.pt,results/grid_searches/grid_patchtst_raw_autoLargest_L30_h10_thr10,29.340172242373228,False,cuda:2,
trial_665_2e2cf05696,complete,raw,4,5,64,4,1,0.1,0.0003,1e-05,29,1.5025046071306436,2.226854046869678,,,results/grid_searches/grid_patchtst_raw_autoLargest_L30_h10_thr10/checkpoints/trial_665_2e2cf05696.pt,results/grid_searches/grid_patchtst_raw_autoLargest_L30_h10_thr10/checkpoints/trial_665_2e2cf05696.pt,results/grid_searches/grid_patchtst_raw_autoLargest_L30_h10_thr10,63.379397597163916,False,cuda:0,
trial_668_872c7ca5ca,complete,raw,4,5,64,4,1,0.1,0.0005,1e-05,2,1.5967680865082936,2.2648435080008564,,,results/grid_searches/grid_patchtst_raw_autoLargest_L30_h10_thr10/checkpoints/trial_668_872c7ca5ca.pt,results/grid_searches/grid_patchtst_raw_autoLargest_L30_h10_thr10/checkpoints/trial_668_872c7ca5ca.pt,results/grid_searches/grid_patchtst_raw_autoLargest_L30_h10_thr10,24.22068676352501,False,cuda:1,
trial_669_136e09fab9,complete,raw,4,5,64,4,1,0.1,0.0005,0.0001,5,1.6221784029061659,2.3145523261531005,,,results/grid_searches/grid_patchtst_raw_autoLargest_L30_h10_thr10/checkpoints/trial_669_136e09fab9.pt,results/grid_searches/grid_patchtst_raw_autoLargest_L30_h10_thr10/checkpoints/trial_669_136e09fab9.pt,results/grid_searches/grid_patchtst_raw_autoLargest_L30_h10_thr10,27.707781717181206,False,cuda:2,
trial_670_db41b914ae,complete,raw,4,5,64,4,1,0.1,0.001,0.0,5,1.554185959961784,2.23166299053213,,,results/grid_searches/grid_patchtst_raw_autoLargest_L30_h10_thr10/checkpoints/trial_670_db41b914ae.pt,results/grid_searches/grid_patchtst_raw_autoLargest_L30_h10_thr10/checkpoints/trial_670_db41b914ae.pt,results/grid_searches/grid_patchtst_raw_autoLargest_L30_h10_thr10,28.418569959700108,False,cuda:0,
trial_671_b75b0a3ceb,complete,raw,4,5,64,4,1,0.1,0.001,1e-05,6,1.5791054893530245,2.2274762546699267,,,results/grid_searches/grid_patchtst_raw_autoLargest_L30_h10_thr10/checkpoints/trial_671_b75b0a3ceb.pt,results/grid_searches/grid_patchtst_raw_autoLargest_L30_h10_thr10/checkpoints/trial_671_b75b0a3ceb.pt,results/grid_searches/grid_patchtst_raw_autoLargest_L30_h10_thr10,30.309456273913383,False,cuda:1,
trial_672_8d389daa30,complete,raw,4,5,64,4,1,0.1,0.001,0.0001,2,1.6226163889363974,2.3343718065147896,,,results/grid_searches/grid_patchtst_raw_autoLargest_L30_h10_thr10/checkpoints/trial_672_8d389daa30.pt,results/grid_searches/grid_patchtst_raw_autoLargest_L30_h10_thr10/checkpoints/trial_672_8d389daa30.pt,results/grid_searches/grid_patchtst_raw_autoLargest_L30_h10_thr10,23.550797160714865,False,cuda:2,
trial_673_b78f7f3f77,complete,raw,4,5,64,4,2,0.0,0.0001,0.0,2,1.665104575856011,2.2673051275904603,,,results/grid_searches/grid_patchtst_raw_autoLargest_L30_h10_thr10/checkpoints/trial_673_b78f7f3f77.pt,results/grid_searches/grid_patchtst_raw_autoLargest_L30_h10_thr10/checkpoints/trial_673_b78f7f3f77.pt,results/grid_searches/grid_patchtst_raw_autoLargest_L30_h10_thr10,36.20032291486859,False,cuda:0,
trial_674_d3c90df0ab,complete,raw,4,5,64,4,2,0.0,0.0001,1e-05,2,1.6656533833140437,2.2672522368670123,,,results/grid_searches/grid_patchtst_raw_autoLargest_L30_h10_thr10/checkpoints/trial_674_d3c90df0ab.pt,results/grid_searches/grid_patchtst_raw_autoLargest_L30_h10_thr10/checkpoints/trial_674_d3c90df0ab.pt,results/grid_searches/grid_patchtst_raw_autoLargest_L30_h10_thr10,37.24069158360362,False,cuda:1,
trial_675_a9468e0c40,complete,raw,4,5,64,4,2,0.0,0.0001,0.0001,4,1.6112645345483023,2.270785896313975,,,results/grid_searches/grid_patchtst_raw_autoLargest_L30_h10_thr10/checkpoints/trial_675_a9468e0c40.pt,results/grid_searches/grid_patchtst_raw_autoLargest_L30_h10_thr10/checkpoints/trial_675_a9468e0c40.pt,results/grid_searches/grid_patchtst_raw_autoLargest_L30_h10_thr10,39.419074691832066,False,cuda:2,
trial_676_043aacaeb4,complete,raw,4,5,64,4,2,0.0,0.0003,0.0,6,1.6721483446987746,2.306064422901435,,,results/grid_searches/grid_patchtst_raw_autoLargest_L30_h10_thr10/checkpoints/trial_676_043aacaeb4.pt,results/grid_searches/grid_patchtst_raw_autoLargest_L30_h10_thr10/checkpoints/trial_676_043aacaeb4.pt,results/grid_searches/grid_patchtst_raw_autoLargest_L30_h10_thr10,44.552374843508005,False,cuda:0,
trial_677_d26846ed3a,complete,raw,4,5,64,4,2,0.0,0.0003,1e-05,2,1.613208629123961,2.271290858927822,,,results/grid_searches/grid_patchtst_raw_autoLargest_L30_h10_thr10/checkpoints/trial_677_d26846ed3a.pt,results/grid_searches/grid_patchtst_raw_autoLargest_L30_h10_thr10/checkpoints/trial_677_d26846ed3a.pt,results/grid_searches/grid_patchtst_raw_autoLargest_L30_h10_thr10,37.87373153492808,False,cuda:1,
trial_678_881e6f8036,complete,raw,4,5,64,4,2,0.0,0.0003,0.0001,2,1.6254293461851304,2.2799746054582997,,,results/grid_searches/grid_patchtst_raw_autoLargest_L30_h10_thr10/checkpoints/trial_678_881e6f8036.pt,results/grid_searches/grid_patchtst_raw_autoLargest_L30_h10_thr10/checkpoints/trial_678_881e6f8036.pt,results/grid_searches/grid_patchtst_raw_autoLargest_L30_h10_thr10,35.27102403342724,False,cuda:2,
trial_680_cdf9c61ade,complete,raw,4,5,64,4,2,0.0,0.0005,1e-05,5,1.5535118838625996,2.3391098117504225,,,results/grid_searches/grid_patchtst_raw_autoLargest_L30_h10_thr10/checkpoints/trial_680_cdf9c61ade.pt,results/grid_searches/grid_patchtst_raw_autoLargest_L30_h10_thr10/checkpoints/trial_680_cdf9c61ade.pt,results/grid_searches/grid_patchtst_raw_autoLargest_L30_h10_thr10,43.418331395834684,False,cuda:1,
trial_681_8bdf351400,complete,raw,4,5,64,4,2,0.0,0.0005,0.0001,2,1.5882369441407014,2.2915357244528645,,,results/grid_searches/grid_patchtst_raw_autoLargest_L30_h10_thr10/checkpoints/trial_681_8bdf351400.pt,results/grid_searches/grid_patchtst_raw_autoLargest_L30_h10_thr10/checkpoints/trial_681_8bdf351400.pt,results/grid_searches/grid_patchtst_raw_autoLargest_L30_h10_thr10,35.86369422823191,False,cuda:2,
trial_679_60df75c8de,complete,raw,4,5,64,4,2,0.0,0.0005,0.0,10,1.6308589865144671,2.196186571611533,,,results/grid_searches/grid_patchtst_raw_autoLargest_L30_h10_thr10/checkpoints/trial_679_60df75c8de.pt,results/grid_searches/grid_patchtst_raw_autoLargest_L30_h10_thr10/checkpoints/trial_679_60df75c8de.pt,results/grid_searches/grid_patchtst_raw_autoLargest_L30_h10_thr10,51.29644663259387,False,cuda:0,
trial_684_b2d969475b,complete,raw,4,5,64,4,2,0.0,0.001,0.0001,10,1.5754915777650438,2.291108961485382,,,results/grid_searches/grid_patchtst_raw_autoLargest_L30_h10_thr10/checkpoints/trial_684_b2d969475b.pt,results/grid_searches/grid_patchtst_raw_autoLargest_L30_h10_thr10/checkpoints/trial_684_b2d969475b.pt,results/grid_searches/grid_patchtst_raw_autoLargest_L30_h10_thr10,53.84864357113838,False,cuda:0,
trial_683_e27c5994e4,complete,raw,4,5,64,4,2,0.0,0.001,1e-05,17,1.5091998079843536,2.214351402374252,,,results/grid_searches/grid_patchtst_raw_autoLargest_L30_h10_thr10/checkpoints/trial_683_e27c5994e4.pt,results/grid_searches/grid_patchtst_raw_autoLargest_L30_h10_thr10/checkpoints/trial_683_e27c5994e4.pt,results/grid_searches/grid_patchtst_raw_autoLargest_L30_h10_thr10,67.45298536866903,False,cuda:2,
trial_682_eceb133c2b,complete,raw,4,5,64,4,2,0.0,0.001,0.0,28,1.503740882613708,2.1916618664293246,,,results/grid_searches/grid_patchtst_raw_autoLargest_L30_h10_thr10/checkpoints/trial_682_eceb133c2b.pt,results/grid_searches/grid_patchtst_raw_autoLargest_L30_h10_thr10/checkpoints/trial_682_eceb133c2b.pt,results/grid_searches/grid_patchtst_raw_autoLargest_L30_h10_thr10,92.65320412442088,False,cuda:1,
trial_685_0b6e6b1a5b,complete,raw,4,5,64,4,2,0.1,0.0001,0.0,2,1.6924713462600602,2.2681045438849257,,,results/grid_searches/grid_patchtst_raw_autoLargest_L30_h10_thr10/checkpoints/trial_685_0b6e6b1a5b.pt,results/grid_searches/grid_patchtst_raw_autoLargest_L30_h10_thr10/checkpoints/trial_685_0b6e6b1a5b.pt,results/grid_searches/grid_patchtst_raw_autoLargest_L30_h10_thr10,37.91520864516497,False,cuda:0,
trial_686_40b5d88b5d,complete,raw,4,5,64,4,2,0.1,0.0001,1e-05,8,1.5973957537821954,2.2598859165153953,,,results/grid_searches/grid_patchtst_raw_autoLargest_L30_h10_thr10/checkpoints/trial_686_40b5d88b5d.pt,results/grid_searches/grid_patchtst_raw_autoLargest_L30_h10_thr10/checkpoints/trial_686_40b5d88b5d.pt,results/grid_searches/grid_patchtst_raw_autoLargest_L30_h10_thr10,49.50716909021139,False,cuda:2,
trial_687_e48ecd365f,complete,raw,4,5,64,4,2,0.1,0.0001,0.0001,4,1.6311808464845903,2.2643791562102846,,,results/grid_searches/grid_patchtst_raw_autoLargest_L30_h10_thr10/checkpoints/trial_687_e48ecd365f.pt,results/grid_searches/grid_patchtst_raw_autoLargest_L30_h10_thr10/checkpoints/trial_687_e48ecd365f.pt,results/grid_searches/grid_patchtst_raw_autoLargest_L30_h10_thr10,42.7983079738915,False,cuda:1,
trial_688_ac47b824f8,complete,raw,4,5,64,4,2,0.1,0.0003,0.0,2,1.626528342582191,2.29311945540539,,,results/grid_searches/grid_patchtst_raw_autoLargest_L30_h10_thr10/checkpoints/trial_688_ac47b824f8.pt,results/grid_searches/grid_patchtst_raw_autoLargest_L30_h10_thr10/checkpoints/trial_688_ac47b824f8.pt,results/grid_searches/grid_patchtst_raw_autoLargest_L30_h10_thr10,37.781482718884945,False,cuda:0,
trial_689_722a975e4f,complete,raw,4,5,64,4,2,0.1,0.0003,1e-05,1,1.6673644925418156,2.272788952916401,,,results/grid_searches/grid_patchtst_raw_autoLargest_L30_h10_thr10/checkpoints/trial_689_722a975e4f.pt,results/grid_searches/grid_patchtst_raw_autoLargest_L30_h10_thr10/checkpoints/trial_689_722a975e4f.pt,results/grid_searches/grid_patchtst_raw_autoLargest_L30_h10_thr10,35.09425926208496,False,cuda:2,
trial_690_5e26f88854,complete,raw,4,5,64,4,2,0.1,0.0003,0.0001,1,1.7239594591616452,2.3369785672373387,,,results/grid_searches/grid_patchtst_raw_autoLargest_L30_h10_thr10/checkpoints/trial_690_5e26f88854.pt,results/grid_searches/grid_patchtst_raw_autoLargest_L30_h10_thr10/checkpoints/trial_690_5e26f88854.pt,results/grid_searches/grid_patchtst_raw_autoLargest_L30_h10_thr10,36.77341540157795,False,cuda:1,
trial_692_3cbc4f1390,complete,raw,4,5,64,4,2,0.1,0.0005,1e-05,2,1.628477220384852,2.295804124380343,,,results/grid_searches/grid_patchtst_raw_autoLargest_L30_h10_thr10/checkpoints/trial_692_3cbc4f1390.pt,results/grid_searches/grid_patchtst_raw_autoLargest_L30_h10_thr10/checkpoints/trial_692_3cbc4f1390.pt,results/grid_searches/grid_patchtst_raw_autoLargest_L30_h10_thr10,37.45751290395856,False,cuda:2,
trial_693_388ee794fd,complete,raw,4,5,64,4,2,0.1,0.0005,0.0001,2,1.6080404843191936,2.281381687857414,,,results/grid_searches/grid_patchtst_raw_autoLargest_L30_h10_thr10/checkpoints/trial_693_388ee794fd.pt,results/grid_searches/grid_patchtst_raw_autoLargest_L30_h10_thr10/checkpoints/trial_693_388ee794fd.pt,results/grid_searches/grid_patchtst_raw_autoLargest_L30_h10_thr10,37.77423184365034,False,cuda:1,
trial_691_dd963e5111,complete,raw,4,5,64,4,2,0.1,0.0005,0.0,28,1.4759835144811415,2.20624968208401,,,results/grid_searches/grid_patchtst_raw_autoLargest_L30_h10_thr10/checkpoints/trial_691_dd963e5111.pt,results/grid_searches/grid_patchtst_raw_autoLargest_L30_h10_thr10/checkpoints/trial_691_dd963e5111.pt,results/grid_searches/grid_patchtst_raw_autoLargest_L30_h10_thr10,95.98171136900783,False,cuda:0,
trial_694_992bfffd61,complete,raw,4,5,64,4,2,0.1,0.001,0.0,8,1.5337043859394668,2.277142380320258,,,results/grid_searches/grid_patchtst_raw_autoLargest_L30_h10_thr10/checkpoints/trial_694_992bfffd61.pt,results/grid_searches/grid_patchtst_raw_autoLargest_L30_h10_thr10/checkpoints/trial_694_992bfffd61.pt,results/grid_searches/grid_patchtst_raw_autoLargest_L30_h10_thr10,48.96226114779711,False,cuda:2,
trial_695_39def436a4,complete,raw,4,5,64,4,2,0.1,0.001,1e-05,5,1.591654955470298,2.4449063836738603,,,results/grid_searches/grid_patchtst_raw_autoLargest_L30_h10_thr10/checkpoints/trial_695_39def436a4.pt,results/grid_searches/grid_patchtst_raw_autoLargest_L30_h10_thr10/checkpoints/trial_695_39def436a4.pt,results/grid_searches/grid_patchtst_raw_autoLargest_L30_h10_thr10,45.806496635079384,False,cuda:1,
trial_697_98237b3c9a,complete,raw,4,5,64,4,3,0.0,0.0001,0.0,2,1.6466236575089301,2.2248036027409768,,,results/grid_searches/grid_patchtst_raw_autoLargest_L30_h10_thr10/checkpoints/trial_697_98237b3c9a.pt,results/grid_searches/grid_patchtst_raw_autoLargest_L30_h10_thr10/checkpoints/trial_697_98237b3c9a.pt,results/grid_searches/grid_patchtst_raw_autoLargest_L30_h10_thr10,46.412155494093895,False,cuda:2,
trial_698_9a9c89cf9e,complete,raw,4,5,64,4,3,0.0,0.0001,1e-05,2,1.6474702930535319,2.225011658516233,,,results/grid_searches/grid_patchtst_raw_autoLargest_L30_h10_thr10/checkpoints/trial_698_9a9c89cf9e.pt,results/grid_searches/grid_patchtst_raw_autoLargest_L30_h10_thr10/checkpoints/trial_698_9a9c89cf9e.pt,results/grid_searches/grid_patchtst_raw_autoLargest_L30_h10_thr10,50.06533316150308,False,cuda:1,
trial_696_1929ba595b,complete,raw,4,5,64,4,2,0.1,0.001,0.0001,28,1.4970905926870772,2.2031764453768847,,,results/grid_searches/grid_patchtst_raw_autoLargest_L30_h10_thr10/checkpoints/trial_696_1929ba595b.pt,results/grid_searches/grid_patchtst_raw_autoLargest_L30_h10_thr10/checkpoints/trial_696_1929ba595b.pt,results/grid_searches/grid_patchtst_raw_autoLargest_L30_h10_thr10,97.62716184556484,False,cuda:0,
trial_699_da5786edf8,complete,raw,4,5,64,4,3,0.0,0.0001,0.0001,2,1.6476773895728813,2.2291411848812075,,,results/grid_searches/grid_patchtst_raw_autoLargest_L30_h10_thr10/checkpoints/trial_699_da5786edf8.pt,results/grid_searches/grid_patchtst_raw_autoLargest_L30_h10_thr10/checkpoints/trial_699_da5786edf8.pt,results/grid_searches/grid_patchtst_raw_autoLargest_L30_h10_thr10,48.083162773400545,False,cuda:2,
trial_700_7d50ebd019,complete,raw,4,5,64,4,3,0.0,0.0003,0.0,2,1.6349754016308844,2.2876271836702577,,,results/grid_searches/grid_patchtst_raw_autoLargest_L30_h10_thr10/checkpoints/trial_700_7d50ebd019.pt,results/grid_searches/grid_patchtst_raw_autoLargest_L30_h10_thr10/checkpoints/trial_700_7d50ebd019.pt,results/grid_searches/grid_patchtst_raw_autoLargest_L30_h10_thr10,48.00476310402155,False,cuda:1,
trial_701_21c4c91d4e,complete,raw,4,5,64,4,3,0.0,0.0003,1e-05,2,1.6759378016155355,2.385942852380683,,,results/grid_searches/grid_patchtst_raw_autoLargest_L30_h10_thr10/checkpoints/trial_701_21c4c91d4e.pt,results/grid_searches/grid_patchtst_raw_autoLargest_L30_h10_thr10/checkpoints/trial_701_21c4c91d4e.pt,results/grid_searches/grid_patchtst_raw_autoLargest_L30_h10_thr10,49.0595111399889,False,cuda:0,
trial_702_8e3e37bca7,complete,raw,4,5,64,4,3,0.0,0.0003,0.0001,2,1.578555685658055,2.32229119968953,,,results/grid_searches/grid_patchtst_raw_autoLargest_L30_h10_thr10/checkpoints/trial_702_8e3e37bca7.pt,results/grid_searches/grid_patchtst_raw_autoLargest_L30_h10_thr10/checkpoints/trial_702_8e3e37bca7.pt,results/grid_searches/grid_patchtst_raw_autoLargest_L30_h10_thr10,45.72020686417818,False,cuda:2,
trial_703_6ccf4d7a31,complete,raw,4,5,64,4,3,0.0,0.0005,0.0,2,1.5759361455363186,2.321308481251182,,,results/grid_searches/grid_patchtst_raw_autoLargest_L30_h10_thr10/checkpoints/trial_703_6ccf4d7a31.pt,results/grid_searches/grid_patchtst_raw_autoLargest_L30_h10_thr10/checkpoints/trial_703_6ccf4d7a31.pt,results/grid_searches/grid_patchtst_raw_autoLargest_L30_h10_thr10,49.08424086123705,False,cuda:1,
trial_704_537622531d,complete,raw,4,5,64,4,3,0.0,0.0005,1e-05,2,1.5976503906908293,2.3414472148592784,,,results/grid_searches/grid_patchtst_raw_autoLargest_L30_h10_thr10/checkpoints/trial_704_537622531d.pt,results/grid_searches/grid_patchtst_raw_autoLargest_L30_h10_thr10/checkpoints/trial_704_537622531d.pt,results/grid_searches/grid_patchtst_raw_autoLargest_L30_h10_thr10,48.20339905843139,False,cuda:0,
trial_705_de3da529f1,complete,raw,4,5,64,4,3,0.0,0.0005,0.0001,2,1.6048108930838636,2.3210887842486962,,,results/grid_searches/grid_patchtst_raw_autoLargest_L30_h10_thr10/checkpoints/trial_705_de3da529f1.pt,results/grid_searches/grid_patchtst_raw_autoLargest_L30_h10_thr10/checkpoints/trial_705_de3da529f1.pt,results/grid_searches/grid_patchtst_raw_autoLargest_L30_h10_thr10,47.206536557525396,False,cuda:2,
trial_706_0ebb8277a3,complete,raw,4,5,64,4,3,0.0,0.001,0.0,28,1.4997079599139433,2.2140591203742503,,,results/grid_searches/grid_patchtst_raw_autoLargest_L30_h10_thr10/checkpoints/trial_706_0ebb8277a3.pt,results/grid_searches/grid_patchtst_raw_autoLargest_L30_h10_thr10/checkpoints/trial_706_0ebb8277a3.pt,results/grid_searches/grid_patchtst_raw_autoLargest_L30_h10_thr10,123.83326698839664,False,cuda:1,
trial_707_01cb537299,complete,raw,4,5,64,4,3,0.0,0.001,1e-05,28,1.5017698466136487,2.208744410072065,,,results/grid_searches/grid_patchtst_raw_autoLargest_L30_h10_thr10/checkpoints/trial_707_01cb537299.pt,results/grid_searches/grid_patchtst_raw_autoLargest_L30_h10_thr10/checkpoints/trial_707_01cb537299.pt,results/grid_searches/grid_patchtst_raw_autoLargest_L30_h10_thr10,124.47767593339086,False,cuda:0,
trial_708_41fddc672b,complete,raw,4,5,64,4,3,0.0,0.001,0.0001,31,1.4754606527137228,2.081667590991266,,,results/grid_searches/grid_patchtst_raw_autoLargest_L30_h10_thr10/checkpoints/trial_708_41fddc672b.pt,results/grid_searches/grid_patchtst_raw_autoLargest_L30_h10_thr10/checkpoints/trial_708_41fddc672b.pt,results/grid_searches/grid_patchtst_raw_autoLargest_L30_h10_thr10,128.8134120553732,False,cuda:2,
trial_709_569e6ef3f3,complete,raw,4,5,64,4,3,0.1,0.0001,0.0,2,1.6517491703405034,2.233284752114374,,,results/grid_searches/grid_patchtst_raw_autoLargest_L30_h10_thr10/checkpoints/trial_709_569e6ef3f3.pt,results/grid_searches/grid_patchtst_raw_autoLargest_L30_h10_thr10/checkpoints/trial_709_569e6ef3f3.pt,results/grid_searches/grid_patchtst_raw_autoLargest_L30_h10_thr10,52.33014092594385,False,cuda:1,
trial_710_4290201ebd,complete,raw,4,5,64,4,3,0.1,0.0001,1e-05,2,1.6509910487496777,2.2338456130157915,,,results/grid_searches/grid_patchtst_raw_autoLargest_L30_h10_thr10/checkpoints/trial_710_4290201ebd.pt,results/grid_searches/grid_patchtst_raw_autoLargest_L30_h10_thr10/checkpoints/trial_710_4290201ebd.pt,results/grid_searches/grid_patchtst_raw_autoLargest_L30_h10_thr10,52.20709116384387,False,cuda:0,
trial_711_de437ed862,complete,raw,4,5,64,4,3,0.1,0.0001,0.0001,2,1.652004111398813,2.231647338061596,,,results/grid_searches/grid_patchtst_raw_autoLargest_L30_h10_thr10/checkpoints/trial_711_de437ed862.pt,results/grid_searches/grid_patchtst_raw_autoLargest_L30_h10_thr10/checkpoints/trial_711_de437ed862.pt,results/grid_searches/grid_patchtst_raw_autoLargest_L30_h10_thr10,49.836920987814665,False,cuda:2,
trial_712_3db201700a,complete,raw,4,5,64,4,3,0.1,0.0003,0.0,2,1.634638743182715,2.2732112984986212,,,results/grid_searches/grid_patchtst_raw_autoLargest_L30_h10_thr10/checkpoints/trial_712_3db201700a.pt,results/grid_searches/grid_patchtst_raw_autoLargest_L30_h10_thr10/checkpoints/trial_712_3db201700a.pt,results/grid_searches/grid_patchtst_raw_autoLargest_L30_h10_thr10,51.69015358760953,False,cuda:1,
trial_714_b67cdf9e57,complete,raw,4,5,64,4,3,0.1,0.0003,0.0001,1,1.6146399219437868,2.269010487340884,,,results/grid_searches/grid_patchtst_raw_autoLargest_L30_h10_thr10/checkpoints/trial_714_b67cdf9e57.pt,results/grid_searches/grid_patchtst_raw_autoLargest_L30_h10_thr10/checkpoints/trial_714_b67cdf9e57.pt,results/grid_searches/grid_patchtst_raw_autoLargest_L30_h10_thr10,46.4651445299387,False,cuda:2,
trial_713_1da0605b51,complete,raw,4,5,64,4,3,0.1,0.0003,1e-05,2,1.6045387075718822,2.2569709809308462,,,results/grid_searches/grid_patchtst_raw_autoLargest_L30_h10_thr10/checkpoints/trial_713_1da0605b51.pt,results/grid_searches/grid_patchtst_raw_autoLargest_L30_h10_thr10/checkpoints/trial_713_1da0605b51.pt,results/grid_searches/grid_patchtst_raw_autoLargest_L30_h10_thr10,51.56425957754254,False,cuda:0,
trial_715_4181c8b954,complete,raw,4,5,64,4,3,0.1,0.0005,0.0,6,1.5570938650952486,2.3616560001540976,,,results/grid_searches/grid_patchtst_raw_autoLargest_L30_h10_thr10/checkpoints/trial_715_4181c8b954.pt,results/grid_searches/grid_patchtst_raw_autoLargest_L30_h10_thr10/checkpoints/trial_715_4181c8b954.pt,results/grid_searches/grid_patchtst_raw_autoLargest_L30_h10_thr10,63.298215601593256,False,cuda:1,
trial_716_ce6e209e12,complete,raw,4,5,64,4,3,0.1,0.0005,1e-05,3,1.593791830435018,2.30337875599947,,,results/grid_searches/grid_patchtst_raw_autoLargest_L30_h10_thr10/checkpoints/trial_716_ce6e209e12.pt,results/grid_searches/grid_patchtst_raw_autoLargest_L30_h10_thr10/checkpoints/trial_716_ce6e209e12.pt,results/grid_searches/grid_patchtst_raw_autoLargest_L30_h10_thr10,51.7589079849422,False,cuda:2,
trial_717_017fd7c5c6,complete,raw,4,5,64,4,3,0.1,0.0005,0.0001,2,1.635119651200462,2.306692343460444,,,results/grid_searches/grid_patchtst_raw_autoLargest_L30_h10_thr10/checkpoints/trial_717_017fd7c5c6.pt,results/grid_searches/grid_patchtst_raw_autoLargest_L30_h10_thr10/checkpoints/trial_717_017fd7c5c6.pt,results/grid_searches/grid_patchtst_raw_autoLargest_L30_h10_thr10,52.006835367530584,False,cuda:0,
trial_718_3085154aed,complete,raw,4,5,64,4,3,0.1,0.001,0.0,1,1.7857962642525194,2.3913209436639,,,results/grid_searches/grid_patchtst_raw_autoLargest_L30_h10_thr10/checkpoints/trial_718_3085154aed.pt,results/grid_searches/grid_patchtst_raw_autoLargest_L30_h10_thr10/checkpoints/trial_718_3085154aed.pt,results/grid_searches/grid_patchtst_raw_autoLargest_L30_h10_thr10,48.712061669677496,False,cuda:1,
trial_721_da63d356a9,complete,raw,4,5,128,2,1,0.0,0.0001,0.0,6,1.5697729827718268,2.2504099407377973,,,results/grid_searches/grid_patchtst_raw_autoLargest_L30_h10_thr10/checkpoints/trial_721_da63d356a9.pt,results/grid_searches/grid_patchtst_raw_autoLargest_L30_h10_thr10/checkpoints/trial_721_da63d356a9.pt,results/grid_searches/grid_patchtst_raw_autoLargest_L30_h10_thr10,30.20245884358883,False,cuda:1,
trial_722_9e053f2d90,complete,raw,4,5,128,2,1,0.0,0.0001,1e-05,5,1.5944227221485558,2.2888927910329175,,,results/grid_searches/grid_patchtst_raw_autoLargest_L30_h10_thr10/checkpoints/trial_722_9e053f2d90.pt,results/grid_searches/grid_patchtst_raw_autoLargest_L30_h10_thr10/checkpoints/trial_722_9e053f2d90.pt,results/grid_searches/grid_patchtst_raw_autoLargest_L30_h10_thr10,28.02722369134426,False,cuda:1,
trial_723_a67c934f8a,complete,raw,4,5,128,2,1,0.0,0.0001,0.0001,6,1.545321123310471,2.2092855811258123,,,results/grid_searches/grid_patchtst_raw_autoLargest_L30_h10_thr10/checkpoints/trial_723_a67c934f8a.pt,results/grid_searches/grid_patchtst_raw_autoLargest_L30_h10_thr10/checkpoints/trial_723_a67c934f8a.pt,results/grid_searches/grid_patchtst_raw_autoLargest_L30_h10_thr10,29.586824223399162,False,cuda:1,
trial_720_42bb11982c,complete,raw,4,5,64,4,3,0.1,0.001,0.0001,28,1.535086277143299,2.1329476399731306,,,results/grid_searches/grid_patchtst_raw_autoLargest_L30_h10_thr10/checkpoints/trial_720_42bb11982c.pt,results/grid_searches/grid_patchtst_raw_autoLargest_L30_h10_thr10/checkpoints/trial_720_42bb11982c.pt,results/grid_searches/grid_patchtst_raw_autoLargest_L30_h10_thr10,131.80381428822875,False,cuda:0,
trial_724_2a51d782a8,complete,raw,4,5,128,2,1,0.0,0.0003,0.0,2,1.6013874424795937,2.2290912373339586,,,results/grid_searches/grid_patchtst_raw_autoLargest_L30_h10_thr10/checkpoints/trial_724_2a51d782a8.pt,results/grid_searches/grid_patchtst_raw_autoLargest_L30_h10_thr10/checkpoints/trial_724_2a51d782a8.pt,results/grid_searches/grid_patchtst_raw_autoLargest_L30_h10_thr10,23.54397089406848,False,cuda:1,
trial_719_f08de9f564,complete,raw,4,5,64,4,3,0.1,0.001,1e-05,35,1.498722847116333,2.1820649494336,,,results/grid_searches/grid_patchtst_raw_autoLargest_L30_h10_thr10/checkpoints/trial_719_f08de9f564.pt,results/grid_searches/grid_patchtst_raw_autoLargest_L30_h10_thr10/checkpoints/trial_719_f08de9f564.pt,results/grid_searches/grid_patchtst_raw_autoLargest_L30_h10_thr10,147.73477364704013,False,cuda:2,
trial_725_cdd91e648e,complete,raw,4,5,128,2,1,0.0,0.0003,1e-05,5,1.5213550284325699,2.212317825226741,,,results/grid_searches/grid_patchtst_raw_autoLargest_L30_h10_thr10/checkpoints/trial_725_cdd91e648e.pt,results/grid_searches/grid_patchtst_raw_autoLargest_L30_h10_thr10/checkpoints/trial_725_cdd91e648e.pt,results/grid_searches/grid_patchtst_raw_autoLargest_L30_h10_thr10,28.233902227133512,False,cuda:0,
trial_727_68bde0de28,complete,raw,4,5,128,2,1,0.0,0.0005,0.0,1,1.7519911117653681,2.337568553718194,,,results/grid_searches/grid_patchtst_raw_autoLargest_L30_h10_thr10/checkpoints/trial_727_68bde0de28.pt,results/grid_searches/grid_patchtst_raw_autoLargest_L30_h10_thr10/checkpoints/trial_727_68bde0de28.pt,results/grid_searches/grid_patchtst_raw_autoLargest_L30_h10_thr10,21.04039877280593,False,cuda:2,
trial_726_54be1c1712,complete,raw,4,5,128,2,1,0.0,0.0003,0.0001,6,1.6173537440475407,2.236011728164238,,,results/grid_searches/grid_patchtst_raw_autoLargest_L30_h10_thr10/checkpoints/trial_726_54be1c1712.pt,results/grid_searches/grid_patchtst_raw_autoLargest_L30_h10_thr10/checkpoints/trial_726_54be1c1712.pt,results/grid_searches/grid_patchtst_raw_autoLargest_L30_h10_thr10,29.100453205406666,False,cuda:1,
trial_728_64a151d585,complete,raw,4,5,128,2,1,0.0,0.0005,1e-05,1,1.6606199649702522,2.301439790703726,,,results/grid_searches/grid_patchtst_raw_autoLargest_L30_h10_thr10/checkpoints/trial_728_64a151d585.pt,results/grid_searches/grid_patchtst_raw_autoLargest_L30_h10_thr10/checkpoints/trial_728_64a151d585.pt,results/grid_searches/grid_patchtst_raw_autoLargest_L30_h10_thr10,22.132944233715534,False,cuda:0,
trial_729_54f4717d07,complete,raw,4,5,128,2,1,0.0,0.0005,0.0001,2,1.5918509407973365,2.2889477378331033,,,results/grid_searches/grid_patchtst_raw_autoLargest_L30_h10_thr10/checkpoints/trial_729_54f4717d07.pt,results/grid_searches/grid_patchtst_raw_autoLargest_L30_h10_thr10/checkpoints/trial_729_54f4717d07.pt,results/grid_searches/grid_patchtst_raw_autoLargest_L30_h10_thr10,22.298484850674868,False,cuda:2,
trial_730_ec72a73282,complete,raw,4,5,128,2,1,0.0,0.001,0.0,1,1.676632842449825,2.407248706973885,,,results/grid_searches/grid_patchtst_raw_autoLargest_L30_h10_thr10/checkpoints/trial_730_ec72a73282.pt,results/grid_searches/grid_patchtst_raw_autoLargest_L30_h10_thr10/checkpoints/trial_730_ec72a73282.pt,results/grid_searches/grid_patchtst_raw_autoLargest_L30_h10_thr10,21.77352736517787,False,cuda:1,
trial_731_c30b25afe2,complete,raw,4,5,128,2,1,0.0,0.001,1e-05,2,1.593892087188514,2.240158936653721,,,results/grid_searches/grid_patchtst_raw_autoLargest_L30_h10_thr10/checkpoints/trial_731_c30b25afe2.pt,results/grid_searches/grid_patchtst_raw_autoLargest_L30_h10_thr10/checkpoints/trial_731_c30b25afe2.pt,results/grid_searches/grid_patchtst_raw_autoLargest_L30_h10_thr10,23.43785873427987,False,cuda:0,
trial_733_ab952d04c9,complete,raw,4,5,128,2,1,0.1,0.0001,0.0,2,1.6762474591511336,2.235183058252414,,,results/grid_searches/grid_patchtst_raw_autoLargest_L30_h10_thr10/checkpoints/trial_733_ab952d04c9.pt,results/grid_searches/grid_patchtst_raw_autoLargest_L30_h10_thr10/checkpoints/trial_733_ab952d04c9.pt,results/grid_searches/grid_patchtst_raw_autoLargest_L30_h10_thr10,24.297010645270348,False,cuda:1,
trial_732_5ba501c199,complete,raw,4,5,128,2,1,0.0,0.001,0.0001,9,1.5502377351562056,2.282407790001818,,,results/grid_searches/grid_patchtst_raw_autoLargest_L30_h10_thr10/checkpoints/trial_732_5ba501c199.pt,results/grid_searches/grid_patchtst_raw_autoLargest_L30_h10_thr10/checkpoints/trial_732_5ba501c199.pt,results/grid_searches/grid_patchtst_raw_autoLargest_L30_h10_thr10,32.13970456644893,False,cuda:2,
trial_734_6a8759bad4,complete,raw,4,5,128,2,1,0.1,0.0001,1e-05,6,1.6018694182485342,2.2546420302875623,,,results/grid_searches/grid_patchtst_raw_autoLargest_L30_h10_thr10/checkpoints/trial_734_6a8759bad4.pt,results/grid_searches/grid_patchtst_raw_autoLargest_L30_h10_thr10/checkpoints/trial_734_6a8759bad4.pt,results/grid_searches/grid_patchtst_raw_autoLargest_L30_h10_thr10,31.007439970970154,False,cuda:0,
trial_736_89bb830c76,complete,raw,4,5,128,2,1,0.1,0.0003,0.0,1,1.6264113340130713,2.288982439538044,,,results/grid_searches/grid_patchtst_raw_autoLargest_L30_h10_thr10/checkpoints/trial_736_89bb830c76.pt,results/grid_searches/grid_patchtst_raw_autoLargest_L30_h10_thr10/checkpoints/trial_736_89bb830c76.pt,results/grid_searches/grid_patchtst_raw_autoLargest_L30_h10_thr10,22.923206325620413,False,cuda:2,
trial_735_5591b7a87d,complete,raw,4,5,128,2,1,0.1,0.0001,0.0001,2,1.7454150213914204,2.2834138132552044,,,results/grid_searches/grid_patchtst_raw_autoLargest_L30_h10_thr10/checkpoints/trial_735_5591b7a87d.pt,results/grid_searches/grid_patchtst_raw_autoLargest_L30_h10_thr10/checkpoints/trial_735_5591b7a87d.pt,results/grid_searches/grid_patchtst_raw_autoLargest_L30_h10_thr10,24.96861643344164,False,cuda:1,
trial_738_0af0753fba,complete,raw,4,5,128,2,1,0.1,0.0003,0.0001,1,1.6451391729948264,2.2692020196942297,,,results/grid_searches/grid_patchtst_raw_autoLargest_L30_h10_thr10/checkpoints/trial_738_0af0753fba.pt,results/grid_searches/grid_patchtst_raw_autoLargest_L30_h10_thr10/checkpoints/trial_738_0af0753fba.pt,results/grid_searches/grid_patchtst_raw_autoLargest_L30_h10_thr10,22.49089089035988,False,cuda:2,
trial_739_cdb10ab87c,complete,raw,4,5,128,2,1,0.1,0.0005,0.0,1,1.6284163931964697,2.286460987197572,,,results/grid_searches/grid_patchtst_raw_autoLargest_L30_h10_thr10/checkpoints/trial_739_cdb10ab87c.pt,results/grid_searches/grid_patchtst_raw_autoLargest_L30_h10_thr10/checkpoints/trial_739_cdb10ab87c.pt,results/grid_searches/grid_patchtst_raw_autoLargest_L30_h10_thr10,22.7368438616395,False,cuda:1,
trial_737_9fdc32cafb,complete,raw,4,5,128,2,1,0.1,0.0003,1e-05,13,1.499695779912268,2.1568043275207214,,,results/grid_searches/grid_patchtst_raw_autoLargest_L30_h10_thr10/checkpoints/trial_737_9fdc32cafb.pt,results/grid_searches/grid_patchtst_raw_autoLargest_L30_h10_thr10/checkpoints/trial_737_9fdc32cafb.pt,results/grid_searches/grid_patchtst_raw_autoLargest_L30_h10_thr10,40.72507360205054,False,cuda:0,
trial_740_a6518ec87d,complete,raw,4,5,128,2,1,0.1,0.0005,1e-05,1,1.5711453832865139,2.1988422739379505,,,results/grid_searches/grid_patchtst_raw_autoLargest_L30_h10_thr10/checkpoints/trial_740_a6518ec87d.pt,results/grid_searches/grid_patchtst_raw_autoLargest_L30_h10_thr10/checkpoints/trial_740_a6518ec87d.pt,results/grid_searches/grid_patchtst_raw_autoLargest_L30_h10_thr10,22.467848654836416,False,cuda:2,
trial_743_b589c8a2e0,complete,raw,4,5,128,2,1,0.1,0.001,1e-05,2,1.5809717402060197,2.25904764686842,,,results/grid_searches/grid_patchtst_raw_autoLargest_L30_h10_thr10/checkpoints/trial_743_b589c8a2e0.pt,results/grid_searches/grid_patchtst_raw_autoLargest_L30_h10_thr10/checkpoints/trial_743_b589c8a2e0.pt,results/grid_searches/grid_patchtst_raw_autoLargest_L30_h10_thr10,23.520169980823994,False,cuda:2,
trial_742_e158785cb5,complete,raw,4,5,128,2,1,0.1,0.001,0.0,17,1.4984470426932543,2.2584221975357996,,,results/grid_searches/grid_patchtst_raw_autoLargest_L30_h10_thr10/checkpoints/trial_742_e158785cb5.pt,results/grid_searches/grid_patchtst_raw_autoLargest_L30_h10_thr10/checkpoints/trial_742_e158785cb5.pt,results/grid_searches/grid_patchtst_raw_autoLargest_L30_h10_thr10,45.153709311038256,False,cuda:0,
trial_741_8b8da4c92c,complete,raw,4,5,128,2,1,0.1,0.0005,0.0001,28,1.5002142726818595,2.1859582898983354,,,results/grid_searches/grid_patchtst_raw_autoLargest_L30_h10_thr10/checkpoints/trial_741_8b8da4c92c.pt,results/grid_searches/grid_patchtst_raw_autoLargest_L30_h10_thr10/checkpoints/trial_741_8b8da4c92c.pt,results/grid_searches/grid_patchtst_raw_autoLargest_L30_h10_thr10,62.76224874332547,False,cuda:1,
trial_744_d1a49de166,complete,raw,4,5,128,2,1,0.1,0.001,0.0001,5,1.731348939512538,2.376396426635614,,,results/grid_searches/grid_patchtst_raw_autoLargest_L30_h10_thr10/checkpoints/trial_744_d1a49de166.pt,results/grid_searches/grid_patchtst_raw_autoLargest_L30_h10_thr10/checkpoints/trial_744_d1a49de166.pt,results/grid_searches/grid_patchtst_raw_autoLargest_L30_h10_thr10,28.50014639273286,False,cuda:2,
trial_745_209fd99eac,complete,raw,4,5,128,2,2,0.0,0.0001,0.0,1,1.6059590943185966,2.246421203410511,,,results/grid_searches/grid_patchtst_raw_autoLargest_L30_h10_thr10/checkpoints/trial_745_209fd99eac.pt,results/grid_searches/grid_patchtst_raw_autoLargest_L30_h10_thr10/checkpoints/trial_745_209fd99eac.pt,results/grid_searches/grid_patchtst_raw_autoLargest_L30_h10_thr10,33.982605431228876,False,cuda:0,
trial_746_6aed2bb09a,complete,raw,4,5,128,2,2,0.0,0.0001,1e-05,1,1.6089408491127475,2.2459890633827104,,,results/grid_searches/grid_patchtst_raw_autoLargest_L30_h10_thr10/checkpoints/trial_746_6aed2bb09a.pt,results/grid_searches/grid_patchtst_raw_autoLargest_L30_h10_thr10/checkpoints/trial_746_6aed2bb09a.pt,results/grid_searches/grid_patchtst_raw_autoLargest_L30_h10_thr10,34.54619186744094,False,cuda:1,
trial_747_19c368d250,complete,raw,4,5,128,2,2,0.0,0.0001,0.0001,2,1.6043318618862312,2.210779221318166,,,results/grid_searches/grid_patchtst_raw_autoLargest_L30_h10_thr10/checkpoints/trial_747_19c368d250.pt,results/grid_searches/grid_patchtst_raw_autoLargest_L30_h10_thr10/checkpoints/trial_747_19c368d250.pt,results/grid_searches/grid_patchtst_raw_autoLargest_L30_h10_thr10,34.96892510354519,False,cuda:2,
trial_748_315494e70a,complete,raw,4,5,128,2,2,0.0,0.0003,0.0,2,1.609131511103692,2.214848558072557,,,results/grid_searches/grid_patchtst_raw_autoLargest_L30_h10_thr10/checkpoints/trial_748_315494e70a.pt,results/grid_searches/grid_patchtst_raw_autoLargest_L30_h10_thr10/checkpoints/trial_748_315494e70a.pt,results/grid_searches/grid_patchtst_raw_autoLargest_L30_h10_thr10,36.31801203638315,False,cuda:0,
trial_749_a53f631e73,complete,raw,4,5,128,2,2,0.0,0.0003,1e-05,2,1.6061341461532195,2.205811947414062,,,results/grid_searches/grid_patchtst_raw_autoLargest_L30_h10_thr10/checkpoints/trial_749_a53f631e73.pt,results/grid_searches/grid_patchtst_raw_autoLargest_L30_h10_thr10/checkpoints/trial_749_a53f631e73.pt,results/grid_searches/grid_patchtst_raw_autoLargest_L30_h10_thr10,36.39509009569883,False,cuda:1,
trial_750_bde2ec930c,complete,raw,4,5,128,2,2,0.0,0.0003,0.0001,4,1.5025110165048627,2.2250116319647026,,,results/grid_searches/grid_patchtst_raw_autoLargest_L30_h10_thr10/checkpoints/trial_750_bde2ec930c.pt,results/grid_searches/grid_patchtst_raw_autoLargest_L30_h10_thr10/checkpoints/trial_750_bde2ec930c.pt,results/grid_searches/grid_patchtst_raw_autoLargest_L30_h10_thr10,38.80574741214514,False,cuda:2,
trial_751_9d83f8214c,complete,raw,4,5,128,2,2,0.0,0.0005,0.0,6,1.5845222125108107,2.3206233164784966,,,results/grid_searches/grid_patchtst_raw_autoLargest_L30_h10_thr10/checkpoints/trial_751_9d83f8214c.pt,results/grid_searches/grid_patchtst_raw_autoLargest_L30_h10_thr10/checkpoints/trial_751_9d83f8214c.pt,results/grid_searches/grid_patchtst_raw_autoLargest_L30_h10_thr10,44.839944280683994,False,cuda:0,
trial_752_682dffe2a3,complete,raw,4,5,128,2,2,0.0,0.0005,1e-05,2,1.6207734117614212,2.4572636138655564,,,results/grid_searches/grid_patchtst_raw_autoLargest_L30_h10_thr10/checkpoints/trial_752_682dffe2a3.pt,results/grid_searches/grid_patchtst_raw_autoLargest_L30_h10_thr10/checkpoints/trial_752_682dffe2a3.pt,results/grid_searches/grid_patchtst_raw_autoLargest_L30_h10_thr10,36.70390763133764,False,cuda:1,
trial_753_38f68b6d15,complete,raw,4,5,128,2,2,0.0,0.0005,0.0001,1,1.5399736871381726,2.2134188823408336,,,results/grid_searches/grid_patchtst_raw_autoLargest_L30_h10_thr10/checkpoints/trial_753_38f68b6d15.pt,results/grid_searches/grid_patchtst_raw_autoLargest_L30_h10_thr10/checkpoints/trial_753_38f68b6d15.pt,results/grid_searches/grid_patchtst_raw_autoLargest_L30_h10_thr10,33.70260253921151,False,cuda:2,
trial_754_f95d4a3e93,complete,raw,4,5,128,2,2,0.0,0.001,0.0,1,1.6754979209913106,2.3544424415726954,,,results/grid_searches/grid_patchtst_raw_autoLargest_L30_h10_thr10/checkpoints/trial_754_f95d4a3e93.pt,results/grid_searches/grid_patchtst_raw_autoLargest_L30_h10_thr10/checkpoints/trial_754_f95d4a3e93.pt,results/grid_searches/grid_patchtst_raw_autoLargest_L30_h10_thr10,34.76928621903062,False,cuda:0,
trial_755_acd840ffe2,complete,raw,4,5,128,2,2,0.0,0.001,1e-05,8,1.4945242763404982,2.187527415176989,,,results/grid_searches/grid_patchtst_raw_autoLargest_L30_h10_thr10/checkpoints/trial_755_acd840ffe2.pt,results/grid_searches/grid_patchtst_raw_autoLargest_L30_h10_thr10/checkpoints/trial_755_acd840ffe2.pt,results/grid_searches/grid_patchtst_raw_autoLargest_L30_h10_thr10,49.697739627212286,False,cuda:1,
trial_756_4c4cac581b,complete,raw,4,5,128,2,2,0.0,0.001,0.0001,5,1.5972807418215502,2.2378234293934103,,,results/grid_searches/grid_patchtst_raw_autoLargest_L30_h10_thr10/checkpoints/trial_756_4c4cac581b.pt,results/grid_searches/grid_patchtst_raw_autoLargest_L30_h10_thr10/checkpoints/trial_756_4c4cac581b.pt,results/grid_searches/grid_patchtst_raw_autoLargest_L30_h10_thr10,41.95506724715233,False,cuda:2,
trial_757_d9dc7d47a8,complete,raw,4,5,128,2,2,0.1,0.0001,0.0,1,1.7868199070429878,2.2934674958795895,,,results/grid_searches/grid_patchtst_raw_autoLargest_L30_h10_thr10/checkpoints/trial_757_d9dc7d47a8.pt,results/grid_searches/grid_patchtst_raw_autoLargest_L30_h10_thr10/checkpoints/trial_757_d9dc7d47a8.pt,results/grid_searches/grid_patchtst_raw_autoLargest_L30_h10_thr10,35.69982550293207,False,cuda:0,
trial_758_d74bc832bf,complete,raw,4,5,128,2,2,0.1,0.0001,1e-05,1,1.7776568618011248,2.2879637192896127,,,results/grid_searches/grid_patchtst_raw_autoLargest_L30_h10_thr10/checkpoints/trial_758_d74bc832bf.pt,results/grid_searches/grid_patchtst_raw_autoLargest_L30_h10_thr10/checkpoints/trial_758_d74bc832bf.pt,results/grid_searches/grid_patchtst_raw_autoLargest_L30_h10_thr10,35.963085390627384,False,cuda:1,
trial_759_0dec1eaee0,complete,raw,4,5,128,2,2,0.1,0.0001,0.0001,1,1.68519243379654,2.241366879963209,,,results/grid_searches/grid_patchtst_raw_autoLargest_L30_h10_thr10/checkpoints/trial_759_0dec1eaee0.pt,results/grid_searches/grid_patchtst_raw_autoLargest_L30_h10_thr10/checkpoints/trial_759_0dec1eaee0.pt,results/grid_searches/grid_patchtst_raw_autoLargest_L30_h10_thr10,35.204690996557474,False,cuda:2,
trial_760_86e50371b5,complete,raw,4,5,128,2,2,0.1,0.0003,0.0,1,1.5758832668663958,2.202664362958689,,,results/grid_searches/grid_patchtst_raw_autoLargest_L30_h10_thr10/checkpoints/trial_760_86e50371b5.pt,results/grid_searches/grid_patchtst_raw_autoLargest_L30_h10_thr10/checkpoints/trial_760_86e50371b5.pt,results/grid_searches/grid_patchtst_raw_autoLargest_L30_h10_thr10,35.863951589912176,False,cuda:0,
trial_761_4c9fa3facb,complete,raw,4,5,128,2,2,0.1,0.0003,1e-05,1,1.5652000671408222,2.1860009824875832,,,results/grid_searches/grid_patchtst_raw_autoLargest_L30_h10_thr10/checkpoints/trial_761_4c9fa3facb.pt,results/grid_searches/grid_patchtst_raw_autoLargest_L30_h10_thr10/checkpoints/trial_761_4c9fa3facb.pt,results/grid_searches/grid_patchtst_raw_autoLargest_L30_h10_thr10,36.48148987069726,False,cuda:1,
trial_762_43eb15a690,complete,raw,4,5,128,2,2,0.1,0.0003,0.0001,1,1.6562434592588415,2.270725601007184,,,results/grid_searches/grid_patchtst_raw_autoLargest_L30_h10_thr10/checkpoints/trial_762_43eb15a690.pt,results/grid_searches/grid_patchtst_raw_autoLargest_L30_h10_thr10/checkpoints/trial_762_43eb15a690.pt,results/grid_searches/grid_patchtst_raw_autoLargest_L30_h10_thr10,34.74862255528569,False,cuda:2,
trial_763_5684668613,complete,raw,4,5,128,2,2,0.1,0.0005,0.0,2,1.6130187118242059,2.301175863007057,,,results/grid_searches/grid_patchtst_raw_autoLargest_L30_h10_thr10/checkpoints/trial_763_5684668613.pt,results/grid_searches/grid_patchtst_raw_autoLargest_L30_h10_thr10/checkpoints/trial_763_5684668613.pt,results/grid_searches/grid_patchtst_raw_autoLargest_L30_h10_thr10,38.070335388183594,False,cuda:0,
trial_764_e1ed912b38,complete,raw,4,5,128,2,2,0.1,0.0005,1e-05,1,1.6379371376892056,2.2557427002177572,,,results/grid_searches/grid_patchtst_raw_autoLargest_L30_h10_thr10/checkpoints/trial_764_e1ed912b38.pt,results/grid_searches/grid_patchtst_raw_autoLargest_L30_h10_thr10/checkpoints/trial_764_e1ed912b38.pt,results/grid_searches/grid_patchtst_raw_autoLargest_L30_h10_thr10,36.265124663710594,False,cuda:1,
trial_766_fd6ffda694,complete,raw,4,5,128,2,2,0.1,0.001,0.0,6,1.5963000319021035,2.4880141148200714,,,results/grid_searches/grid_patchtst_raw_autoLargest_L30_h10_thr10/checkpoints/trial_766_fd6ffda694.pt,results/grid_searches/grid_patchtst_raw_autoLargest_L30_h10_thr10/checkpoints/trial_766_fd6ffda694.pt,results/grid_searches/grid_patchtst_raw_autoLargest_L30_h10_thr10,46.96788701415062,False,cuda:0,
trial_767_71aeb140eb,complete,raw,4,5,128,2,2,0.1,0.001,1e-05,8,1.5218814259776963,2.21027768895253,,,results/grid_searches/grid_patchtst_raw_autoLargest_L30_h10_thr10/checkpoints/trial_767_71aeb140eb.pt,results/grid_searches/grid_patchtst_raw_autoLargest_L30_h10_thr10/checkpoints/trial_767_71aeb140eb.pt,results/grid_searches/grid_patchtst_raw_autoLargest_L30_h10_thr10,52.880074221640825,False,cuda:1,
trial_765_99550bebcd,complete,raw,4,5,128,2,2,0.1,0.0005,0.0001,28,1.5089556316418362,2.1272540714228283,,,results/grid_searches/grid_patchtst_raw_autoLargest_L30_h10_thr10/checkpoints/trial_765_99550bebcd.pt,results/grid_searches/grid_patchtst_raw_autoLargest_L30_h10_thr10/checkpoints/trial_765_99550bebcd.pt,results/grid_searches/grid_patchtst_raw_autoLargest_L30_h10_thr10,94.07169845700264,False,cuda:2,
trial_768_5d9b762445,complete,raw,4,5,128,2,2,0.1,0.001,0.0001,4,1.5548181325810242,2.273527966516179,,,results/grid_searches/grid_patchtst_raw_autoLargest_L30_h10_thr10/checkpoints/trial_768_5d9b762445.pt,results/grid_searches/grid_patchtst_raw_autoLargest_L30_h10_thr10/checkpoints/trial_768_5d9b762445.pt,results/grid_searches/grid_patchtst_raw_autoLargest_L30_h10_thr10,42.92368354648352,False,cuda:0,
trial_769_f8a70739fa,complete,raw,4,5,128,2,3,0.0,0.0001,0.0,2,1.5593113101669882,2.1476589932364956,,,results/grid_searches/grid_patchtst_raw_autoLargest_L30_h10_thr10/checkpoints/trial_769_f8a70739fa.pt,results/grid_searches/grid_patchtst_raw_autoLargest_L30_h10_thr10/checkpoints/trial_769_f8a70739fa.pt,results/grid_searches/grid_patchtst_raw_autoLargest_L30_h10_thr10,48.92683592811227,False,cuda:1,
trial_770_771529efc7,complete,raw,4,5,128,2,3,0.0,0.0001,1e-05,2,1.5728813917359596,2.166930624425278,,,results/grid_searches/grid_patchtst_raw_autoLargest_L30_h10_thr10/checkpoints/trial_770_771529efc7.pt,results/grid_searches/grid_patchtst_raw_autoLargest_L30_h10_thr10/checkpoints/trial_770_771529efc7.pt,results/grid_searches/grid_patchtst_raw_autoLargest_L30_h10_thr10,46.746489215642214,False,cuda:2,
trial_771_cba8a87178,complete,raw,4,5,128,2,3,0.0,0.0001,0.0001,2,1.578419650171565,2.1881865752720087,,,results/grid_searches/grid_patchtst_raw_autoLargest_L30_h10_thr10/checkpoints/trial_771_cba8a87178.pt,results/grid_searches/grid_patchtst_raw_autoLargest_L30_h10_thr10/checkpoints/trial_771_cba8a87178.pt,results/grid_searches/grid_patchtst_raw_autoLargest_L30_h10_thr10,49.400639582425356,False,cuda:0,
trial_774_adfe50072c,complete,raw,4,5,128,2,3,0.0,0.0003,0.0001,2,1.702194923165054,2.2968390233295546,,,results/grid_searches/grid_patchtst_raw_autoLargest_L30_h10_thr10/checkpoints/trial_774_adfe50072c.pt,results/grid_searches/grid_patchtst_raw_autoLargest_L30_h10_thr10/checkpoints/trial_774_adfe50072c.pt,results/grid_searches/grid_patchtst_raw_autoLargest_L30_h10_thr10,48.9342290982604,False,cuda:0,
trial_772_01171cebaa,complete,raw,4,5,128,2,3,0.0,0.0003,0.0,10,1.4908503263179638,2.214274730098339,,,results/grid_searches/grid_patchtst_raw_autoLargest_L30_h10_thr10/checkpoints/trial_772_01171cebaa.pt,results/grid_searches/grid_patchtst_raw_autoLargest_L30_h10_thr10/checkpoints/trial_772_01171cebaa.pt,results/grid_searches/grid_patchtst_raw_autoLargest_L30_h10_thr10,71.44261316210032,False,cuda:1,
trial_773_a3ee17e026,complete,raw,4,5,128,2,3,0.0,0.0003,1e-05,17,1.485703212204802,2.0900501351601166,,,results/grid_searches/grid_patchtst_raw_autoLargest_L30_h10_thr10/checkpoints/trial_773_a3ee17e026.pt,results/grid_searches/grid_patchtst_raw_autoLargest_L30_h10_thr10/checkpoints/trial_773_a3ee17e026.pt,results/grid_searches/grid_patchtst_raw_autoLargest_L30_h10_thr10,90.64331613481045,False,cuda:2,
trial_776_71dbcf23ab,complete,raw,4,5,128,2,3,0.0,0.0005,1e-05,10,1.5521988538520624,2.2402636682845527,,,results/grid_searches/grid_patchtst_raw_autoLargest_L30_h10_thr10/checkpoints/trial_776_71dbcf23ab.pt,results/grid_searches/grid_patchtst_raw_autoLargest_L30_h10_thr10/checkpoints/trial_776_71dbcf23ab.pt,results/grid_searches/grid_patchtst_raw_autoLargest_L30_h10_thr10,72.77216606214643,False,cuda:1,
trial_775_09b4ddc406,complete,raw,4,5,128,2,3,0.0,0.0005,0.0,24,1.5047468434113869,2.1806632498823055,,,results/grid_searches/grid_patchtst_raw_autoLargest_L30_h10_thr10/checkpoints/trial_775_09b4ddc406.pt,results/grid_searches/grid_patchtst_raw_autoLargest_L30_h10_thr10/checkpoints/trial_775_09b4ddc406.pt,results/grid_searches/grid_patchtst_raw_autoLargest_L30_h10_thr10,113.50385824590921,False,cuda:0,
trial_777_776adc4dbb,complete,raw,4,5,128,2,3,0.0,0.0005,0.0001,31,1.4535062794566531,2.0919579032293543,,,results/grid_searches/grid_patchtst_raw_autoLargest_L30_h10_thr10/checkpoints/trial_777_776adc4dbb.pt,results/grid_searches/grid_patchtst_raw_autoLargest_L30_h10_thr10/checkpoints/trial_777_776adc4dbb.pt,results/grid_searches/grid_patchtst_raw_autoLargest_L30_h10_thr10,127.65067997574806,False,cuda:2,
trial_778_df28cc8ba5,complete,raw,4,5,128,2,3,0.0,0.001,0.0,15,1.5292503225284664,2.182420651943048,,,results/grid_searches/grid_patchtst_raw_autoLargest_L30_h10_thr10/checkpoints/trial_778_df28cc8ba5.pt,results/grid_searches/grid_patchtst_raw_autoLargest_L30_h10_thr10/checkpoints/trial_778_df28cc8ba5.pt,results/grid_searches/grid_patchtst_raw_autoLargest_L30_h10_thr10,86.54088251292706,False,cuda:1,
trial_779_b95cf53e4e,complete,raw,4,5,128,2,3,0.0,0.001,1e-05,8,1.5579936451710101,2.336795788786554,,,results/grid_searches/grid_patchtst_raw_autoLargest_L30_h10_thr10/checkpoints/trial_779_b95cf53e4e.pt,results/grid_searches/grid_patchtst_raw_autoLargest_L30_h10_thr10/checkpoints/trial_779_b95cf53e4e.pt,results/grid_searches/grid_patchtst_raw_autoLargest_L30_h10_thr10,65.60402970761061,False,cuda:0,
trial_781_bdae316199,complete,raw,4,5,128,2,3,0.1,0.0001,0.0,1,1.6326344028954642,2.220724124977706,,,results/grid_searches/grid_patchtst_raw_autoLargest_L30_h10_thr10/checkpoints/trial_781_bdae316199.pt,results/grid_searches/grid_patchtst_raw_autoLargest_L30_h10_thr10/checkpoints/trial_781_bdae316199.pt,results/grid_searches/grid_patchtst_raw_autoLargest_L30_h10_thr10,49.9912947230041,False,cuda:1,
trial_780_b9711fd242,complete,raw,4,5,128,2,3,0.0,0.001,0.0001,16,1.5035805097700958,2.261253268538135,,,results/grid_searches/grid_patchtst_raw_autoLargest_L30_h10_thr10/checkpoints/trial_780_b9711fd242.pt,results/grid_searches/grid_patchtst_raw_autoLargest_L30_h10_thr10/checkpoints/trial_780_b9711fd242.pt,results/grid_searches/grid_patchtst_raw_autoLargest_L30_h10_thr10,87.55988074094057,False,cuda:2,
trial_782_78a73baa4e,complete,raw,4,5,128,2,3,0.1,0.0001,1e-05,6,1.586219118283708,2.221677397996179,,,results/grid_searches/grid_patchtst_raw_autoLargest_L30_h10_thr10/checkpoints/trial_782_78a73baa4e.pt,results/grid_searches/grid_patchtst_raw_autoLargest_L30_h10_thr10/checkpoints/trial_782_78a73baa4e.pt,results/grid_searches/grid_patchtst_raw_autoLargest_L30_h10_thr10,63.58121620491147,False,cuda:0,
trial_783_0cdc627e39,complete,raw,4,5,128,2,3,0.1,0.0001,0.0001,5,1.5658117619581238,2.215565463727841,,,results/grid_searches/grid_patchtst_raw_autoLargest_L30_h10_thr10/checkpoints/trial_783_0cdc627e39.pt,results/grid_searches/grid_patchtst_raw_autoLargest_L30_h10_thr10/checkpoints/trial_783_0cdc627e39.pt,results/grid_searches/grid_patchtst_raw_autoLargest_L30_h10_thr10,62.395805947482586,False,cuda:1,
trial_784_a208ae347e,complete,raw,4,5,128,2,3,0.1,0.0003,0.0,31,1.4681678962528328,2.1035699523300484,,,results/grid_searches/grid_patchtst_raw_autoLargest_L30_h10_thr10/checkpoints/trial_784_a208ae347e.pt,results/grid_searches/grid_patchtst_raw_autoLargest_L30_h10_thr10/checkpoints/trial_784_a208ae347e.pt,results/grid_searches/grid_patchtst_raw_autoLargest_L30_h10_thr10,133.64119279757142,False,cuda:2,
trial_785_75544a5ce9,complete,raw,4,5,128,2,3,0.1,0.0003,1e-05,31,1.5261287607544962,2.3204981725187963,,,results/grid_searches/grid_patchtst_raw_autoLargest_L30_h10_thr10/checkpoints/trial_785_75544a5ce9.pt,results/grid_searches/grid_patchtst_raw_autoLargest_L30_h10_thr10/checkpoints/trial_785_75544a5ce9.pt,results/grid_searches/grid_patchtst_raw_autoLargest_L30_h10_thr10,141.92226128280163,False,cuda:0,
trial_786_97bc040995,complete,raw,4,5,128,2,3,0.1,0.0003,0.0001,28,1.4881758621306735,2.1746526492462714,,,results/grid_searches/grid_patchtst_raw_autoLargest_L30_h10_thr10/checkpoints/trial_786_97bc040995.pt,results/grid_searches/grid_patchtst_raw_autoLargest_L30_h10_thr10/checkpoints/trial_786_97bc040995.pt,results/grid_searches/grid_patchtst_raw_autoLargest_L30_h10_thr10,131.92158761247993,False,cuda:1,
trial_788_55353c34ea,complete,raw,4,5,128,2,3,0.1,0.0005,1e-05,6,1.5791551666405004,2.4603999424026433,,,results/grid_searches/grid_patchtst_raw_autoLargest_L30_h10_thr10/checkpoints/trial_788_55353c34ea.pt,results/grid_searches/grid_patchtst_raw_autoLargest_L30_h10_thr10/checkpoints/trial_788_55353c34ea.pt,results/grid_searches/grid_patchtst_raw_autoLargest_L30_h10_thr10,65.17363184317946,False,cuda:0,
trial_787_547ad0388a,complete,raw,4,5,128,2,3,0.1,0.0005,0.0,31,1.4581046587087307,2.146316502334633,,,results/grid_searches/grid_patchtst_raw_autoLargest_L30_h10_thr10/checkpoints/trial_787_547ad0388a.pt,results/grid_searches/grid_patchtst_raw_autoLargest_L30_h10_thr10/checkpoints/trial_787_547ad0388a.pt,results/grid_searches/grid_patchtst_raw_autoLargest_L30_h10_thr10,133.66840059682727,False,cuda:2,
trial_789_f69fffcbff,complete,raw,4,5,128,2,3,0.1,0.0005,0.0001,31,1.4635016604814726,2.2378826107486676,,,results/grid_searches/grid_patchtst_raw_autoLargest_L30_h10_thr10/checkpoints/trial_789_f69fffcbff.pt,results/grid_searches/grid_patchtst_raw_autoLargest_L30_h10_thr10/checkpoints/trial_789_f69fffcbff.pt,results/grid_searches/grid_patchtst_raw_autoLargest_L30_h10_thr10,142.8125584088266,False,cuda:1,
trial_791_801bdf5b3d,complete,raw,4,5,128,2,3,0.1,0.001,1e-05,1,1.7316850261173293,2.4020895773095474,,,results/grid_searches/grid_patchtst_raw_autoLargest_L30_h10_thr10/checkpoints/trial_791_801bdf5b3d.pt,results/grid_searches/grid_patchtst_raw_autoLargest_L30_h10_thr10/checkpoints/trial_791_801bdf5b3d.pt,results/grid_searches/grid_patchtst_raw_autoLargest_L30_h10_thr10,46.95860144495964,False,cuda:2,
trial_790_6b262e1a75,complete,raw,4,5,128,2,3,0.1,0.001,0.0,28,1.6122474573618626,2.356214174566976,,,results/grid_searches/grid_patchtst_raw_autoLargest_L30_h10_thr10/checkpoints/trial_790_6b262e1a75.pt,results/grid_searches/grid_patchtst_raw_autoLargest_L30_h10_thr10/checkpoints/trial_790_6b262e1a75.pt,results/grid_searches/grid_patchtst_raw_autoLargest_L30_h10_thr10,132.06483182311058,False,cuda:0,
trial_793_812dc8651c,complete,raw,4,5,128,4,1,0.0,0.0001,0.0,15,1.5035449650195203,2.1943367858530647,,,results/grid_searches/grid_patchtst_raw_autoLargest_L30_h10_thr10/checkpoints/trial_793_812dc8651c.pt,results/grid_searches/grid_patchtst_raw_autoLargest_L30_h10_thr10/checkpoints/trial_793_812dc8651c.pt,results/grid_searches/grid_patchtst_raw_autoLargest_L30_h10_thr10,39.70226942002773,False,cuda:2,
trial_795_3af5d0cc41,complete,raw,4,5,128,4,1,0.0,0.0001,0.0001,5,1.5532832660299691,2.198294277209342,,,results/grid_searches/grid_patchtst_raw_autoLargest_L30_h10_thr10/checkpoints/trial_795_3af5d0cc41.pt,results/grid_searches/grid_patchtst_raw_autoLargest_L30_h10_thr10/checkpoints/trial_795_3af5d0cc41.pt,results/grid_searches/grid_patchtst_raw_autoLargest_L30_h10_thr10,26.32161956652999,False,cuda:2,
trial_794_77d5138aac,complete,raw,4,5,128,4,1,0.0,0.0001,1e-05,19,1.5209020571985954,2.225137099584569,,,results/grid_searches/grid_patchtst_raw_autoLargest_L30_h10_thr10/checkpoints/trial_794_77d5138aac.pt,results/grid_searches/grid_patchtst_raw_autoLargest_L30_h10_thr10/checkpoints/trial_794_77d5138aac.pt,results/grid_searches/grid_patchtst_raw_autoLargest_L30_h10_thr10,48.542948082089424,False,cuda:0,
trial_796_b2337c9184,complete,raw,4,5,128,4,1,0.0,0.0003,0.0,5,1.5185448610935879,2.1858058931322053,,,results/grid_searches/grid_patchtst_raw_autoLargest_L30_h10_thr10/checkpoints/trial_796_b2337c9184.pt,results/grid_searches/grid_patchtst_raw_autoLargest_L30_h10_thr10/checkpoints/trial_796_b2337c9184.pt,results/grid_searches/grid_patchtst_raw_autoLargest_L30_h10_thr10,26.923618085682392,False,cuda:2,
trial_797_b350d83256,complete,raw,4,5,128,4,1,0.0,0.0003,1e-05,1,1.6623587617042321,2.301422950653673,,,results/grid_searches/grid_patchtst_raw_autoLargest_L30_h10_thr10/checkpoints/trial_797_b350d83256.pt,results/grid_searches/grid_patchtst_raw_autoLargest_L30_h10_thr10/checkpoints/trial_797_b350d83256.pt,results/grid_searches/grid_patchtst_raw_autoLargest_L30_h10_thr10,23.543294619768858,False,cuda:0,
trial_798_8b4ba0ebca,complete,raw,4,5,128,4,1,0.0,0.0003,0.0001,8,1.549323521360189,2.2748469343427193,,,results/grid_searches/grid_patchtst_raw_autoLargest_L30_h10_thr10/checkpoints/trial_798_8b4ba0ebca.pt,results/grid_searches/grid_patchtst_raw_autoLargest_L30_h10_thr10/checkpoints/trial_798_8b4ba0ebca.pt,results/grid_searches/grid_patchtst_raw_autoLargest_L30_h10_thr10,30.720816776156425,False,cuda:2,
trial_799_b669a6fc70,complete,raw,4,5,128,4,1,0.0,0.0005,0.0,2,1.715749468129081,2.397095436639679,,,results/grid_searches/grid_patchtst_raw_autoLargest_L30_h10_thr10/checkpoints/trial_799_b669a6fc70.pt,results/grid_searches/grid_patchtst_raw_autoLargest_L30_h10_thr10/checkpoints/trial_799_b669a6fc70.pt,results/grid_searches/grid_patchtst_raw_autoLargest_L30_h10_thr10,23.146712381392717,False,cuda:0,
trial_801_9e794db106,complete,raw,4,5,128,4,1,0.0,0.0005,0.0001,1,1.6000418417070863,2.2199921079942255,,,results/grid_searches/grid_patchtst_raw_autoLargest_L30_h10_thr10/checkpoints/trial_801_9e794db106.pt,results/grid_searches/grid_patchtst_raw_autoLargest_L30_h10_thr10/checkpoints/trial_801_9e794db106.pt,results/grid_searches/grid_patchtst_raw_autoLargest_L30_h10_thr10,22.487898986786604,False,cuda:0,
trial_792_61fa58a52c,complete,raw,4,5,128,2,3,0.1,0.001,0.0001,35,1.456193085098757,2.173698122137169,,,results/grid_searches/grid_patchtst_raw_autoLargest_L30_h10_thr10/checkpoints/trial_792_61fa58a52c.pt,results/grid_searches/grid_patchtst_raw_autoLargest_L30_h10_thr10/checkpoints/trial_792_61fa58a52c.pt,results/grid_searches/grid_patchtst_raw_autoLargest_L30_h10_thr10,153.05595709756017,False,cuda:1,
trial_800_f2603b95c1,complete,raw,4,5,128,4,1,0.0,0.0005,1e-05,15,1.5371295008487718,2.312957096152277,,,results/grid_searches/grid_patchtst_raw_autoLargest_L30_h10_thr10/checkpoints/trial_800_f2603b95c1.pt,results/grid_searches/grid_patchtst_raw_autoLargest_L30_h10_thr10/checkpoints/trial_800_f2603b95c1.pt,results/grid_searches/grid_patchtst_raw_autoLargest_L30_h10_thr10,39.70188966020942,False,cuda:2,
trial_802_e682ca4fd0,complete,raw,4,5,128,4,1,0.0,0.001,0.0,2,1.626172323534383,2.353230764931088,,,results/grid_searches/grid_patchtst_raw_autoLargest_L30_h10_thr10/checkpoints/trial_802_e682ca4fd0.pt,results/grid_searches/grid_patchtst_raw_autoLargest_L30_h10_thr10/checkpoints/trial_802_e682ca4fd0.pt,results/grid_searches/grid_patchtst_raw_autoLargest_L30_h10_thr10,22.919708535075188,False,cuda:0,
trial_803_31715d4ffe,complete,raw,4,5,128,4,1,0.0,0.001,1e-05,5,1.593104246033332,2.2335139404071493,,,results/grid_searches/grid_patchtst_raw_autoLargest_L30_h10_thr10/checkpoints/trial_803_31715d4ffe.pt,results/grid_searches/grid_patchtst_raw_autoLargest_L30_h10_thr10/checkpoints/trial_803_31715d4ffe.pt,results/grid_searches/grid_patchtst_raw_autoLargest_L30_h10_thr10,27.731541492044926,False,cuda:1,
trial_804_401120dad6,complete,raw,4,5,128,4,1,0.0,0.001,0.0001,1,1.7011552361002829,2.459339152107484,,,results/grid_searches/grid_patchtst_raw_autoLargest_L30_h10_thr10/checkpoints/trial_804_401120dad6.pt,results/grid_searches/grid_patchtst_raw_autoLargest_L30_h10_thr10/checkpoints/trial_804_401120dad6.pt,results/grid_searches/grid_patchtst_raw_autoLargest_L30_h10_thr10,21.633730992674828,False,cuda:2,
trial_805_9337256a5b,complete,raw,4,5,128,4,1,0.1,0.0001,0.0,2,1.7007634479873166,2.2539096919512294,,,results/grid_searches/grid_patchtst_raw_autoLargest_L30_h10_thr10/checkpoints/trial_805_9337256a5b.pt,results/grid_searches/grid_patchtst_raw_autoLargest_L30_h10_thr10/checkpoints/trial_805_9337256a5b.pt,results/grid_searches/grid_patchtst_raw_autoLargest_L30_h10_thr10,24.160464342683554,False,cuda:0,
trial_806_c63ec0ba5c,complete,raw,4,5,128,4,1,0.1,0.0001,1e-05,6,1.579456652505677,2.2550769219092146,,,results/grid_searches/grid_patchtst_raw_autoLargest_L30_h10_thr10/checkpoints/trial_806_c63ec0ba5c.pt,results/grid_searches/grid_patchtst_raw_autoLargest_L30_h10_thr10/checkpoints/trial_806_c63ec0ba5c.pt,results/grid_searches/grid_patchtst_raw_autoLargest_L30_h10_thr10,30.149256240576506,False,cuda:1,
trial_807_2224b26b63,complete,raw,4,5,128,4,1,0.1,0.0001,0.0001,4,1.6823716390255508,2.281773021332871,,,results/grid_searches/grid_patchtst_raw_autoLargest_L30_h10_thr10/checkpoints/trial_807_2224b26b63.pt,results/grid_searches/grid_patchtst_raw_autoLargest_L30_h10_thr10/checkpoints/trial_807_2224b26b63.pt,results/grid_searches/grid_patchtst_raw_autoLargest_L30_h10_thr10,26.87586496025324,False,cuda:2,
trial_808_a6cd8065c0,complete,raw,4,5,128,4,1,0.1,0.0003,0.0,2,1.628129587657278,2.2795852941504133,,,results/grid_searches/grid_patchtst_raw_autoLargest_L30_h10_thr10/checkpoints/trial_808_a6cd8065c0.pt,results/grid_searches/grid_patchtst_raw_autoLargest_L30_h10_thr10/checkpoints/trial_808_a6cd8065c0.pt,results/grid_searches/grid_patchtst_raw_autoLargest_L30_h10_thr10,24.109797719866037,False,cuda:0,
trial_809_ac8c35d40a,complete,raw,4,5,128,4,1,0.1,0.0003,1e-05,1,1.6216121175309903,2.2298105987816035,,,results/grid_searches/grid_patchtst_raw_autoLargest_L30_h10_thr10/checkpoints/trial_809_ac8c35d40a.pt,results/grid_searches/grid_patchtst_raw_autoLargest_L30_h10_thr10/checkpoints/trial_809_ac8c35d40a.pt,results/grid_searches/grid_patchtst_raw_autoLargest_L30_h10_thr10,22.017748411744833,False,cuda:1,
trial_810_b7381e89e3,complete,raw,4,5,128,4,1,0.1,0.0003,0.0001,6,1.6660347601667613,2.220895134805178,,,results/grid_searches/grid_patchtst_raw_autoLargest_L30_h10_thr10/checkpoints/trial_810_b7381e89e3.pt,results/grid_searches/grid_patchtst_raw_autoLargest_L30_h10_thr10/checkpoints/trial_810_b7381e89e3.pt,results/grid_searches/grid_patchtst_raw_autoLargest_L30_h10_thr10,28.985318139195442,False,cuda:2,
trial_811_2f4fed37b6,complete,raw,4,5,128,4,1,0.1,0.0005,0.0,10,1.4854246534152498,2.20089164815547,,,results/grid_searches/grid_patchtst_raw_autoLargest_L30_h10_thr10/checkpoints/trial_811_2f4fed37b6.pt,results/grid_searches/grid_patchtst_raw_autoLargest_L30_h10_thr10/checkpoints/trial_811_2f4fed37b6.pt,results/grid_searches/grid_patchtst_raw_autoLargest_L30_h10_thr10,35.13900934904814,False,cuda:0,
trial_813_bad25bca96,complete,raw,4,5,128,4,1,0.1,0.0005,0.0001,2,1.5911141625244782,2.253957318972097,,,results/grid_searches/grid_patchtst_raw_autoLargest_L30_h10_thr10/checkpoints/trial_813_bad25bca96.pt,results/grid_searches/grid_patchtst_raw_autoLargest_L30_h10_thr10/checkpoints/trial_813_bad25bca96.pt,results/grid_searches/grid_patchtst_raw_autoLargest_L30_h10_thr10,23.54138521105051,False,cuda:2,
trial_814_f3bb0ce3e6,complete,raw,4,5,128,4,1,0.1,0.001,0.0,2,1.6123000914471437,2.2567879850153707,,,results/grid_searches/grid_patchtst_raw_autoLargest_L30_h10_thr10/checkpoints/trial_814_f3bb0ce3e6.pt,results/grid_searches/grid_patchtst_raw_autoLargest_L30_h10_thr10/checkpoints/trial_814_f3bb0ce3e6.pt,results/grid_searches/grid_patchtst_raw_autoLargest_L30_h10_thr10,23.810734182596207,False,cuda:0,
trial_812_5066ef10d7,complete,raw,4,5,128,4,1,0.1,0.0005,1e-05,31,1.4908630880571996,2.2069863240735144,,,results/grid_searches/grid_patchtst_raw_autoLargest_L30_h10_thr10/checkpoints/trial_812_5066ef10d7.pt,results/grid_searches/grid_patchtst_raw_autoLargest_L30_h10_thr10/checkpoints/trial_812_5066ef10d7.pt,results/grid_searches/grid_patchtst_raw_autoLargest_L30_h10_thr10,67.15001266077161,False,cuda:1,
trial_815_c6124e1b8d,complete,raw,4,5,128,4,1,0.1,0.001,1e-05,12,1.5433358685021537,2.345739006688145,,,results/grid_searches/grid_patchtst_raw_autoLargest_L30_h10_thr10/checkpoints/trial_815_c6124e1b8d.pt,results/grid_searches/grid_patchtst_raw_autoLargest_L30_h10_thr10/checkpoints/trial_815_c6124e1b8d.pt,results/grid_searches/grid_patchtst_raw_autoLargest_L30_h10_thr10,38.06409390643239,False,cuda:2,
trial_816_74fc6855c2,complete,raw,4,5,128,4,1,0.1,0.001,0.0001,15,1.4907141433420439,2.154643831391501,,,results/grid_searches/grid_patchtst_raw_autoLargest_L30_h10_thr10/checkpoints/trial_816_74fc6855c2.pt,results/grid_searches/grid_patchtst_raw_autoLargest_L30_h10_thr10/checkpoints/trial_816_74fc6855c2.pt,results/grid_searches/grid_patchtst_raw_autoLargest_L30_h10_thr10,42.60052394494414,False,cuda:0,
trial_817_54da419d93,complete,raw,4,5,128,4,2,0.0,0.0001,0.0,6,1.5766892686910645,2.21388714754542,,,results/grid_searches/grid_patchtst_raw_autoLargest_L30_h10_thr10/checkpoints/trial_817_54da419d93.pt,results/grid_searches/grid_patchtst_raw_autoLargest_L30_h10_thr10/checkpoints/trial_817_54da419d93.pt,results/grid_searches/grid_patchtst_raw_autoLargest_L30_h10_thr10,43.762530364096165,False,cuda:1,
trial_818_54d1f81fea,complete,raw,4,5,128,4,2,0.0,0.0001,1e-05,6,1.5327915086484032,2.1857660807363968,,,results/grid_searches/grid_patchtst_raw_autoLargest_L30_h10_thr10/checkpoints/trial_818_54d1f81fea.pt,results/grid_searches/grid_patchtst_raw_autoLargest_L30_h10_thr10/checkpoints/trial_818_54d1f81fea.pt,results/grid_searches/grid_patchtst_raw_autoLargest_L30_h10_thr10,41.58425875008106,False,cuda:2,
trial_819_c2a53572e3,complete,raw,4,5,128,4,2,0.0,0.0001,0.0001,6,1.5557130896903668,2.1869819613668833,,,results/grid_searches/grid_patchtst_raw_autoLargest_L30_h10_thr10/checkpoints/trial_819_c2a53572e3.pt,results/grid_searches/grid_patchtst_raw_autoLargest_L30_h10_thr10/checkpoints/trial_819_c2a53572e3.pt,results/grid_searches/grid_patchtst_raw_autoLargest_L30_h10_thr10,44.89038198441267,False,cuda:0,
trial_820_d21e7ce447,complete,raw,4,5,128,4,2,0.0,0.0003,0.0,1,1.5937109120897477,2.2142148573089138,,,results/grid_searches/grid_patchtst_raw_autoLargest_L30_h10_thr10/checkpoints/trial_820_d21e7ce447.pt,results/grid_searches/grid_patchtst_raw_autoLargest_L30_h10_thr10/checkpoints/trial_820_d21e7ce447.pt,results/grid_searches/grid_patchtst_raw_autoLargest_L30_h10_thr10,34.977223601192236,False,cuda:1,
trial_821_8220589754,complete,raw,4,5,128,4,2,0.0,0.0003,1e-05,5,1.5649334783606892,2.3513597486658604,,,results/grid_searches/grid_patchtst_raw_autoLargest_L30_h10_thr10/checkpoints/trial_821_8220589754.pt,results/grid_searches/grid_patchtst_raw_autoLargest_L30_h10_thr10/checkpoints/trial_821_8220589754.pt,results/grid_searches/grid_patchtst_raw_autoLargest_L30_h10_thr10,41.332629416137934,False,cuda:2,
trial_822_64fde9c0d0,complete,raw,4,5,128,4,2,0.0,0.0003,0.0001,2,1.6217448468459181,2.323600570439228,,,results/grid_searches/grid_patchtst_raw_autoLargest_L30_h10_thr10/checkpoints/trial_822_64fde9c0d0.pt,results/grid_searches/grid_patchtst_raw_autoLargest_L30_h10_thr10/checkpoints/trial_822_64fde9c0d0.pt,results/grid_searches/grid_patchtst_raw_autoLargest_L30_h10_thr10,36.900112707167864,False,cuda:0,
trial_823_edd6494bd6,complete,raw,4,5,128,4,2,0.0,0.0005,0.0,2,1.5396530129420984,2.232041596827728,,,results/grid_searches/grid_patchtst_raw_autoLargest_L30_h10_thr10/checkpoints/trial_823_edd6494bd6.pt,results/grid_searches/grid_patchtst_raw_autoLargest_L30_h10_thr10/checkpoints/trial_823_edd6494bd6.pt,results/grid_searches/grid_patchtst_raw_autoLargest_L30_h10_thr10,36.379006788134575,False,cuda:1,
trial_825_6b69e00bd1,complete,raw,4,5,128,4,2,0.0,0.0005,0.0001,5,1.5993325285302311,2.217175805015201,,,results/grid_searches/grid_patchtst_raw_autoLargest_L30_h10_thr10/checkpoints/trial_825_6b69e00bd1.pt,results/grid_searches/grid_patchtst_raw_autoLargest_L30_h10_thr10/checkpoints/trial_825_6b69e00bd1.pt,results/grid_searches/grid_patchtst_raw_autoLargest_L30_h10_thr10,43.47826249152422,False,cuda:0,
trial_826_ef3ded54ea,complete,raw,4,5,128,4,2,0.0,0.001,0.0,12,1.5308294552581125,2.313668414103918,,,results/grid_searches/grid_patchtst_raw_autoLargest_L30_h10_thr10/checkpoints/trial_826_ef3ded54ea.pt,results/grid_searches/grid_patchtst_raw_autoLargest_L30_h10_thr10/checkpoints/trial_826_ef3ded54ea.pt,results/grid_searches/grid_patchtst_raw_autoLargest_L30_h10_thr10,57.36304920166731,False,cuda:1,
trial_824_0bbcbec40d,complete,raw,4,5,128,4,2,0.0,0.0005,1e-05,26,1.4962155953988057,2.117131472219815,,,results/grid_searches/grid_patchtst_raw_autoLargest_L30_h10_thr10/checkpoints/trial_824_0bbcbec40d.pt,results/grid_searches/grid_patchtst_raw_autoLargest_L30_h10_thr10/checkpoints/trial_824_0bbcbec40d.pt,results/grid_searches/grid_patchtst_raw_autoLargest_L30_h10_thr10,85.2306362055242,False,cuda:2,
trial_828_8574f8bbf3,complete,raw,4,5,128,4,2,0.0,0.001,0.0001,1,1.8144741254865746,2.4407603852711874,,,results/grid_searches/grid_patchtst_raw_autoLargest_L30_h10_thr10/checkpoints/trial_828_8574f8bbf3.pt,results/grid_searches/grid_patchtst_raw_autoLargest_L30_h10_thr10/checkpoints/trial_828_8574f8bbf3.pt,results/grid_searches/grid_patchtst_raw_autoLargest_L30_h10_thr10,34.297011498361826,False,cuda:1,
trial_827_b08fd61cca,complete,raw,4,5,128,4,2,0.0,0.001,1e-05,16,1.5040521188863094,2.196294964454186,,,results/grid_searches/grid_patchtst_raw_autoLargest_L30_h10_thr10/checkpoints/trial_827_b08fd61cca.pt,results/grid_searches/grid_patchtst_raw_autoLargest_L30_h10_thr10/checkpoints/trial_827_b08fd61cca.pt,results/grid_searches/grid_patchtst_raw_autoLargest_L30_h10_thr10,67.72948870435357,False,cuda:0,
trial_829_74dd62e405,complete,raw,4,5,128,4,2,0.1,0.0001,0.0,5,1.584014760833941,2.244765933442948,,,results/grid_searches/grid_patchtst_raw_autoLargest_L30_h10_thr10/checkpoints/trial_829_74dd62e405.pt,results/grid_searches/grid_patchtst_raw_autoLargest_L30_h10_thr10/checkpoints/trial_829_74dd62e405.pt,results/grid_searches/grid_patchtst_raw_autoLargest_L30_h10_thr10,43.00701878964901,False,cuda:2,
trial_830_154d01d849,complete,raw,4,5,128,4,2,0.1,0.0001,1e-05,5,1.582328955562243,2.254638048313504,,,results/grid_searches/grid_patchtst_raw_autoLargest_L30_h10_thr10/checkpoints/trial_830_154d01d849.pt,results/grid_searches/grid_patchtst_raw_autoLargest_L30_h10_thr10/checkpoints/trial_830_154d01d849.pt,results/grid_searches/grid_patchtst_raw_autoLargest_L30_h10_thr10,44.9316017664969,False,cuda:1,
trial_832_c29a357560,complete,raw,4,5,128,4,2,0.1,0.0003,0.0,1,1.5916913605726595,2.215897036482254,,,results/grid_searches/grid_patchtst_raw_autoLargest_L30_h10_thr10/checkpoints/trial_832_c29a357560.pt,results/grid_searches/grid_patchtst_raw_autoLargest_L30_h10_thr10/checkpoints/trial_832_c29a357560.pt,results/grid_searches/grid_patchtst_raw_autoLargest_L30_h10_thr10,33.803188383579254,False,cuda:2,
trial_831_2bde0428fc,complete,raw,4,5,128,4,2,0.1,0.0001,0.0001,1,1.7469843337439661,2.2714976594014904,,,results/grid_searches/grid_patchtst_raw_autoLargest_L30_h10_thr10/checkpoints/trial_831_2bde0428fc.pt,results/grid_searches/grid_patchtst_raw_autoLargest_L30_h10_thr10/checkpoints/trial_831_2bde0428fc.pt,results/grid_searches/grid_patchtst_raw_autoLargest_L30_h10_thr10,35.21037494763732,False,cuda:0,
trial_833_b431cc22f5,complete,raw,4,5,128,4,2,0.1,0.0003,1e-05,1,1.6199216510987358,2.2407768996880577,,,results/grid_searches/grid_patchtst_raw_autoLargest_L30_h10_thr10/checkpoints/trial_833_b431cc22f5.pt,results/grid_searches/grid_patchtst_raw_autoLargest_L30_h10_thr10/checkpoints/trial_833_b431cc22f5.pt,results/grid_searches/grid_patchtst_raw_autoLargest_L30_h10_thr10,35.592341773211956,False,cuda:1,
trial_834_8c6d575aa9,complete,raw,4,5,128,4,2,0.1,0.0003,0.0001,2,1.5802763076560407,2.2341934259925806,,,results/grid_searches/grid_patchtst_raw_autoLargest_L30_h10_thr10/checkpoints/trial_834_8c6d575aa9.pt,results/grid_searches/grid_patchtst_raw_autoLargest_L30_h10_thr10/checkpoints/trial_834_8c6d575aa9.pt,results/grid_searches/grid_patchtst_raw_autoLargest_L30_h10_thr10,37.018760446459055,False,cuda:2,
trial_835_7c092af48e,complete,raw,4,5,128,4,2,0.1,0.0005,0.0,2,1.5693543636676255,2.284059491549374,,,results/grid_searches/grid_patchtst_raw_autoLargest_L30_h10_thr10/checkpoints/trial_835_7c092af48e.pt,results/grid_searches/grid_patchtst_raw_autoLargest_L30_h10_thr10/checkpoints/trial_835_7c092af48e.pt,results/grid_searches/grid_patchtst_raw_autoLargest_L30_h10_thr10,38.11966643854976,False,cuda:0,
trial_838_88d2e5a649,complete,raw,4,5,128,4,2,0.1,0.001,0.0,4,1.4706691636399756,2.1902373375193864,,,results/grid_searches/grid_patchtst_raw_autoLargest_L30_h10_thr10/checkpoints/trial_838_88d2e5a649.pt,results/grid_searches/grid_patchtst_raw_autoLargest_L30_h10_thr10/checkpoints/trial_838_88d2e5a649.pt,results/grid_searches/grid_patchtst_raw_autoLargest_L30_h10_thr10,42.12851383537054,False,cuda:0,
trial_837_37202f1331,complete,raw,4,5,128,4,2,0.1,0.0005,0.0001,5,1.5756102268388377,2.3435031081921283,,,results/grid_searches/grid_patchtst_raw_autoLargest_L30_h10_thr10/checkpoints/trial_837_37202f1331.pt,results/grid_searches/grid_patchtst_raw_autoLargest_L30_h10_thr10/checkpoints/trial_837_37202f1331.pt,results/grid_searches/grid_patchtst_raw_autoLargest_L30_h10_thr10,44.339236699044704,False,cuda:2,
trial_836_24c5184996,complete,raw,4,5,128,4,2,0.1,0.0005,1e-05,5,1.6352327742050343,2.3489500986737184,,,results/grid_searches/grid_patchtst_raw_autoLargest_L30_h10_thr10/checkpoints/trial_836_24c5184996.pt,results/grid_searches/grid_patchtst_raw_autoLargest_L30_h10_thr10/checkpoints/trial_836_24c5184996.pt,results/grid_searches/grid_patchtst_raw_autoLargest_L30_h10_thr10,46.663212299346924,False,cuda:1,
trial_840_a397f7d432,complete,raw,4,5,128,4,2,0.1,0.001,0.0001,1,1.5666419602732493,2.345960598234249,,,results/grid_searches/grid_patchtst_raw_autoLargest_L30_h10_thr10/checkpoints/trial_840_a397f7d432.pt,results/grid_searches/grid_patchtst_raw_autoLargest_L30_h10_thr10/checkpoints/trial_840_a397f7d432.pt,results/grid_searches/grid_patchtst_raw_autoLargest_L30_h10_thr10,34.34831489250064,False,cuda:2,
trial_841_8b51242aac,complete,raw,4,5,128,4,3,0.0,0.0001,0.0,2,1.6191367675430035,2.2046460614993397,,,results/grid_searches/grid_patchtst_raw_autoLargest_L30_h10_thr10/checkpoints/trial_841_8b51242aac.pt,results/grid_searches/grid_patchtst_raw_autoLargest_L30_h10_thr10/checkpoints/trial_841_8b51242aac.pt,results/grid_searches/grid_patchtst_raw_autoLargest_L30_h10_thr10,48.606415186077356,False,cuda:1,
trial_842_8e0fc6cc5c,complete,raw,4,5,128,4,3,0.0,0.0001,1e-05,2,1.6129561071201592,2.205336436338992,,,results/grid_searches/grid_patchtst_raw_autoLargest_L30_h10_thr10/checkpoints/trial_842_8e0fc6cc5c.pt,results/grid_searches/grid_patchtst_raw_autoLargest_L30_h10_thr10/checkpoints/trial_842_8e0fc6cc5c.pt,results/grid_searches/grid_patchtst_raw_autoLargest_L30_h10_thr10,46.27756533399224,False,cuda:2,
trial_843_a0d530be23,complete,raw,4,5,128,4,3,0.0,0.0001,0.0001,2,1.588627730654199,2.192301567130248,,,results/grid_searches/grid_patchtst_raw_autoLargest_L30_h10_thr10/checkpoints/trial_843_a0d530be23.pt,results/grid_searches/grid_patchtst_raw_autoLargest_L30_h10_thr10/checkpoints/trial_843_a0d530be23.pt,results/grid_searches/grid_patchtst_raw_autoLargest_L30_h10_thr10,49.78718111664057,False,cuda:1,
trial_839_d1944ebff7,complete,raw,4,5,128,4,2,0.1,0.001,1e-05,31,1.4829528501148843,2.2129706395611377,,,results/grid_searches/grid_patchtst_raw_autoLargest_L30_h10_thr10/checkpoints/trial_839_d1944ebff7.pt,results/grid_searches/grid_patchtst_raw_autoLargest_L30_h10_thr10/checkpoints/trial_839_d1944ebff7.pt,results/grid_searches/grid_patchtst_raw_autoLargest_L30_h10_thr10,105.22105618193746,False,cuda:0,
trial_844_b37cc33756,complete,raw,4,5,128,4,3,0.0,0.0003,0.0,2,1.6117627212224246,2.280366604998361,,,results/grid_searches/grid_patchtst_raw_autoLargest_L30_h10_thr10/checkpoints/trial_844_b37cc33756.pt,results/grid_searches/grid_patchtst_raw_autoLargest_L30_h10_thr10/checkpoints/trial_844_b37cc33756.pt,results/grid_searches/grid_patchtst_raw_autoLargest_L30_h10_thr10,46.68460125103593,False,cuda:2,
trial_845_60e96a8421,complete,raw,4,5,128,4,3,0.0,0.0003,1e-05,2,1.639414414613496,2.275569428852845,,,results/grid_searches/grid_patchtst_raw_autoLargest_L30_h10_thr10/checkpoints/trial_845_60e96a8421.pt,results/grid_searches/grid_patchtst_raw_autoLargest_L30_h10_thr10/checkpoints/trial_845_60e96a8421.pt,results/grid_searches/grid_patchtst_raw_autoLargest_L30_h10_thr10,49.039632081985474,False,cuda:1,
trial_846_ebbd3036f5,complete,raw,4,5,128,4,3,0.0,0.0003,0.0001,1,1.6368063562702906,2.2793006575037307,,,results/grid_searches/grid_patchtst_raw_autoLargest_L30_h10_thr10/checkpoints/trial_846_ebbd3036f5.pt,results/grid_searches/grid_patchtst_raw_autoLargest_L30_h10_thr10/checkpoints/trial_846_ebbd3036f5.pt,results/grid_searches/grid_patchtst_raw_autoLargest_L30_h10_thr10,47.23657846823335,False,cuda:0,
trial_849_c75510dfa5,complete,raw,4,5,128,4,3,0.0,0.0005,0.0001,4,1.4817632165107923,2.2123672062556516,,,results/grid_searches/grid_patchtst_raw_autoLargest_L30_h10_thr10/checkpoints/trial_849_c75510dfa5.pt,results/grid_searches/grid_patchtst_raw_autoLargest_L30_h10_thr10/checkpoints/trial_849_c75510dfa5.pt,results/grid_searches/grid_patchtst_raw_autoLargest_L30_h10_thr10,55.09048467129469,False,cuda:0,
trial_847_427a7382d6,complete,raw,4,5,128,4,3,0.0,0.0005,0.0,22,1.485895300376453,2.187464349904348,,,results/grid_searches/grid_patchtst_raw_autoLargest_L30_h10_thr10/checkpoints/trial_847_427a7382d6.pt,results/grid_searches/grid_patchtst_raw_autoLargest_L30_h10_thr10/checkpoints/trial_847_427a7382d6.pt,results/grid_searches/grid_patchtst_raw_autoLargest_L30_h10_thr10,100.9262170009315,False,cuda:2,
trial_848_6f59985af3,complete,raw,4,5,128,4,3,0.0,0.0005,1e-05,15,1.499740694083179,2.1533173827976237,,,results/grid_searches/grid_patchtst_raw_autoLargest_L30_h10_thr10/checkpoints/trial_848_6f59985af3.pt,results/grid_searches/grid_patchtst_raw_autoLargest_L30_h10_thr10/checkpoints/trial_848_6f59985af3.pt,results/grid_searches/grid_patchtst_raw_autoLargest_L30_h10_thr10,87.53514637798071,False,cuda:1,
trial_850_2d032b7f3d,complete,raw,4,5,128,4,3,0.0,0.001,0.0,1,1.6103586014171567,2.2015433210909725,,,results/grid_searches/grid_patchtst_raw_autoLargest_L30_h10_thr10/checkpoints/trial_850_2d032b7f3d.pt,results/grid_searches/grid_patchtst_raw_autoLargest_L30_h10_thr10/checkpoints/trial_850_2d032b7f3d.pt,results/grid_searches/grid_patchtst_raw_autoLargest_L30_h10_thr10,46.30542251095176,False,cuda:0,
trial_851_447ae42e27,complete,raw,4,5,128,4,3,0.0,0.001,1e-05,8,1.5723999506395452,2.3050386566181387,,,results/grid_searches/grid_patchtst_raw_autoLargest_L30_h10_thr10/checkpoints/trial_851_447ae42e27.pt,results/grid_searches/grid_patchtst_raw_autoLargest_L30_h10_thr10/checkpoints/trial_851_447ae42e27.pt,results/grid_searches/grid_patchtst_raw_autoLargest_L30_h10_thr10,62.77355223149061,False,cuda:2,
trial_853_24dd2b8b7c,complete,raw,4,5,128,4,3,0.1,0.0001,0.0,1,1.6511954135730673,2.217379335764941,,,results/grid_searches/grid_patchtst_raw_autoLargest_L30_h10_thr10/checkpoints/trial_853_24dd2b8b7c.pt,results/grid_searches/grid_patchtst_raw_autoLargest_L30_h10_thr10/checkpoints/trial_853_24dd2b8b7c.pt,results/grid_searches/grid_patchtst_raw_autoLargest_L30_h10_thr10,49.12557539343834,False,cuda:0,
trial_852_ca2c4ef764,complete,raw,4,5,128,4,3,0.0,0.001,0.0001,17,1.4818453849616307,2.2429243485507353,,,results/grid_searches/grid_patchtst_raw_autoLargest_L30_h10_thr10/checkpoints/trial_852_ca2c4ef764.pt,results/grid_searches/grid_patchtst_raw_autoLargest_L30_h10_thr10/checkpoints/trial_852_ca2c4ef764.pt,results/grid_searches/grid_patchtst_raw_autoLargest_L30_h10_thr10,93.9971386641264,False,cuda:1,
trial_854_9d6fe35aac,complete,raw,4,5,128,4,3,0.1,0.0001,1e-05,1,1.6592844096137376,2.2252221598025756,,,results/grid_searches/grid_patchtst_raw_autoLargest_L30_h10_thr10/checkpoints/trial_854_9d6fe35aac.pt,results/grid_searches/grid_patchtst_raw_autoLargest_L30_h10_thr10/checkpoints/trial_854_9d6fe35aac.pt,results/grid_searches/grid_patchtst_raw_autoLargest_L30_h10_thr10,47.73285558819771,False,cuda:2,
trial_855_7b8ef0c5a5,complete,raw,4,5,128,4,3,0.1,0.0001,0.0001,1,1.652457573863713,2.217475604866062,,,results/grid_searches/grid_patchtst_raw_autoLargest_L30_h10_thr10/checkpoints/trial_855_7b8ef0c5a5.pt,results/grid_searches/grid_patchtst_raw_autoLargest_L30_h10_thr10/checkpoints/trial_855_7b8ef0c5a5.pt,results/grid_searches/grid_patchtst_raw_autoLargest_L30_h10_thr10,48.83620594441891,False,cuda:0,
trial_856_8d203cc811,complete,raw,4,5,128,4,3,0.1,0.0003,0.0,1,1.6525239835820997,2.255971311568511,,,results/grid_searches/grid_patchtst_raw_autoLargest_L30_h10_thr10/checkpoints/trial_856_8d203cc811.pt,results/grid_searches/grid_patchtst_raw_autoLargest_L30_h10_thr10/checkpoints/trial_856_8d203cc811.pt,results/grid_searches/grid_patchtst_raw_autoLargest_L30_h10_thr10,48.49027664586902,False,cuda:1,
trial_857_6f80319776,complete,raw,4,5,128,4,3,0.1,0.0003,1e-05,2,1.6703639209713739,2.4303360472704485,,,results/grid_searches/grid_patchtst_raw_autoLargest_L30_h10_thr10/checkpoints/trial_857_6f80319776.pt,results/grid_searches/grid_patchtst_raw_autoLargest_L30_h10_thr10/checkpoints/trial_857_6f80319776.pt,results/grid_searches/grid_patchtst_raw_autoLargest_L30_h10_thr10,49.41449612751603,False,cuda:2,
trial_860_26088f9a94,complete,raw,4,5,128,4,3,0.1,0.0005,1e-05,1,1.6559645708537176,2.305249582027721,,,results/grid_searches/grid_patchtst_raw_autoLargest_L30_h10_thr10/checkpoints/trial_860_26088f9a94.pt,results/grid_searches/grid_patchtst_raw_autoLargest_L30_h10_thr10/checkpoints/trial_860_26088f9a94.pt,results/grid_searches/grid_patchtst_raw_autoLargest_L30_h10_thr10,47.315997056663036,False,cuda:2,
trial_859_f1312873b9,complete,raw,4,5,128,4,3,0.1,0.0005,0.0,4,1.5909493631850693,2.3238420920798633,,,results/grid_searches/grid_patchtst_raw_autoLargest_L30_h10_thr10/checkpoints/trial_859_f1312873b9.pt,results/grid_searches/grid_patchtst_raw_autoLargest_L30_h10_thr10/checkpoints/trial_859_f1312873b9.pt,results/grid_searches/grid_patchtst_raw_autoLargest_L30_h10_thr10,58.725062128156424,False,cuda:1,
trial_858_1b5aa05b4b,complete,raw,4,5,128,4,3,0.1,0.0003,0.0001,28,1.4882768027550435,2.188002850674811,,,results/grid_searches/grid_patchtst_raw_autoLargest_L30_h10_thr10/checkpoints/trial_858_1b5aa05b4b.pt,results/grid_searches/grid_patchtst_raw_autoLargest_L30_h10_thr10/checkpoints/trial_858_1b5aa05b4b.pt,results/grid_searches/grid_patchtst_raw_autoLargest_L30_h10_thr10,131.5107697919011,False,cuda:0,
trial_863_9dd03bf9b4,complete,raw,4,5,128,4,3,0.1,0.001,1e-05,4,1.646333723725586,2.3676226046131594,,,results/grid_searches/grid_patchtst_raw_autoLargest_L30_h10_thr10/checkpoints/trial_863_9dd03bf9b4.pt,results/grid_searches/grid_patchtst_raw_autoLargest_L30_h10_thr10/checkpoints/trial_863_9dd03bf9b4.pt,results/grid_searches/grid_patchtst_raw_autoLargest_L30_h10_thr10,58.820018734782934,False,cuda:0,
trial_861_4f2d1a9f41,complete,raw,4,5,128,4,3,0.1,0.0005,0.0001,28,1.527309098595494,2.2348109868910764,,,results/grid_searches/grid_patchtst_raw_autoLargest_L30_h10_thr10/checkpoints/trial_861_4f2d1a9f41.pt,results/grid_searches/grid_patchtst_raw_autoLargest_L30_h10_thr10/checkpoints/trial_861_4f2d1a9f41.pt,results/grid_searches/grid_patchtst_raw_autoLargest_L30_h10_thr10,125.64279314875603,False,cuda:2,
trial_864_650c31082b,complete,raw,4,5,128,4,3,0.1,0.001,0.0001,6,1.6020090261941091,2.349879023598074,,,results/grid_searches/grid_patchtst_raw_autoLargest_L30_h10_thr10/checkpoints/trial_864_650c31082b.pt,results/grid_searches/grid_patchtst_raw_autoLargest_L30_h10_thr10/checkpoints/trial_864_650c31082b.pt,results/grid_searches/grid_patchtst_raw_autoLargest_L30_h10_thr10,63.980334646999836,False,cuda:0,
trial_865_dea8ea190a,complete,raw,5,2,32,2,1,0.0,0.0001,0.0,32,1.533576506388527,2.2403473874564006,,,results/grid_searches/grid_patchtst_raw_autoLargest_L30_h10_thr10/checkpoints/trial_865_dea8ea190a.pt,results/grid_searches/grid_patchtst_raw_autoLargest_L30_h10_thr10/checkpoints/trial_865_dea8ea190a.pt,results/grid_searches/grid_patchtst_raw_autoLargest_L30_h10_thr10,57.83617485687137,False,cuda:2,
trial_862_fbc14bcc8a,complete,raw,4,5,128,4,3,0.1,0.001,0.0,47,1.523612222529099,2.2161975595130396,,,results/grid_searches/grid_patchtst_raw_autoLargest_L30_h10_thr10/checkpoints/trial_862_fbc14bcc8a.pt,results/grid_searches/grid_patchtst_raw_autoLargest_L30_h10_thr10/checkpoints/trial_862_fbc14bcc8a.pt,results/grid_searches/grid_patchtst_raw_autoLargest_L30_h10_thr10,187.44638126716018,False,cuda:1,
trial_867_2022c272af,complete,raw,5,2,32,2,1,0.0,0.0001,0.0001,27,1.5291832991878065,2.2282450980077213,,,results/grid_searches/grid_patchtst_raw_autoLargest_L30_h10_thr10/checkpoints/trial_867_2022c272af.pt,results/grid_searches/grid_patchtst_raw_autoLargest_L30_h10_thr10/checkpoints/trial_867_2022c272af.pt,results/grid_searches/grid_patchtst_raw_autoLargest_L30_h10_thr10,47.13310985639691,False,cuda:2,
trial_868_b42d33c2d6,complete,raw,5,2,32,2,1,0.0,0.0003,0.0,28,1.5195358561045385,2.29005194669731,,,results/grid_searches/grid_patchtst_raw_autoLargest_L30_h10_thr10/checkpoints/trial_868_b42d33c2d6.pt,results/grid_searches/grid_patchtst_raw_autoLargest_L30_h10_thr10/checkpoints/trial_868_b42d33c2d6.pt,results/grid_searches/grid_patchtst_raw_autoLargest_L30_h10_thr10,59.75358663499355,False,cuda:1,
trial_869_193918a7d9,complete,raw,5,2,32,2,1,0.0,0.0003,1e-05,2,1.678158506833111,2.3973062954269135,,,results/grid_searches/grid_patchtst_raw_autoLargest_L30_h10_thr10/checkpoints/trial_869_193918a7d9.pt,results/grid_searches/grid_patchtst_raw_autoLargest_L30_h10_thr10/checkpoints/trial_869_193918a7d9.pt,results/grid_searches/grid_patchtst_raw_autoLargest_L30_h10_thr10,19.160657797008753,False,cuda:2,
trial_866_2ffd881524,complete,raw,5,2,32,2,1,0.0,0.0001,1e-05,50,1.512035867006907,2.2125697920996177,,,results/grid_searches/grid_patchtst_raw_autoLargest_L30_h10_thr10/checkpoints/trial_866_2ffd881524.pt,results/grid_searches/grid_patchtst_raw_autoLargest_L30_h10_thr10/checkpoints/trial_866_2ffd881524.pt,results/grid_searches/grid_patchtst_raw_autoLargest_L30_h10_thr10,90.65610308200121,False,cuda:0,
trial_870_13a8dde12d,complete,raw,5,2,32,2,1,0.0,0.0003,0.0001,2,1.6745230674489011,2.3876527116087547,,,results/grid_searches/grid_patchtst_raw_autoLargest_L30_h10_thr10/checkpoints/trial_870_13a8dde12d.pt,results/grid_searches/grid_patchtst_raw_autoLargest_L30_h10_thr10/checkpoints/trial_870_13a8dde12d.pt,results/grid_searches/grid_patchtst_raw_autoLargest_L30_h10_thr10,24.376529574394226,False,cuda:1,
trial_871_c4b4c241b2,complete,raw,5,2,32,2,1,0.0,0.0005,0.0,21,1.548721308786469,2.357043389423248,,,results/grid_searches/grid_patchtst_raw_autoLargest_L30_h10_thr10/checkpoints/trial_871_c4b4c241b2.pt,results/grid_searches/grid_patchtst_raw_autoLargest_L30_h10_thr10/checkpoints/trial_871_c4b4c241b2.pt,results/grid_searches/grid_patchtst_raw_autoLargest_L30_h10_thr10,40.675298895686865,False,cuda:2,
trial_873_64b5e011bf,complete,raw,5,2,32,2,1,0.0,0.0005,0.0001,5,1.6057018178522209,2.4187161620183897,,,results/grid_searches/grid_patchtst_raw_autoLargest_L30_h10_thr10/checkpoints/trial_873_64b5e011bf.pt,results/grid_searches/grid_patchtst_raw_autoLargest_L30_h10_thr10/checkpoints/trial_873_64b5e011bf.pt,results/grid_searches/grid_patchtst_raw_autoLargest_L30_h10_thr10,29.29222561046481,False,cuda:1,
trial_874_d485f6e4b2,complete,raw,5,2,32,2,1,0.0,0.001,0.0,10,1.5748866254591112,2.3715316631759547,,,results/grid_searches/grid_patchtst_raw_autoLargest_L30_h10_thr10/checkpoints/trial_874_d485f6e4b2.pt,results/grid_searches/grid_patchtst_raw_autoLargest_L30_h10_thr10/checkpoints/trial_874_d485f6e4b2.pt,results/grid_searches/grid_patchtst_raw_autoLargest_L30_h10_thr10,27.556009370833635,False,cuda:2,
trial_872_4548631caa,complete,raw,5,2,32,2,1,0.0,0.0005,1e-05,32,1.658442705508463,2.324874024256618,,,results/grid_searches/grid_patchtst_raw_autoLargest_L30_h10_thr10/checkpoints/trial_872_4548631caa.pt,results/grid_searches/grid_patchtst_raw_autoLargest_L30_h10_thr10/checkpoints/trial_872_4548631caa.pt,results/grid_searches/grid_patchtst_raw_autoLargest_L30_h10_thr10,64.7872024513781,False,cuda:0,
trial_875_d7a0d8ad30,complete,raw,5,2,32,2,1,0.0,0.001,1e-05,6,1.797690125817928,2.4268717618815683,,,results/grid_searches/grid_patchtst_raw_autoLargest_L30_h10_thr10/checkpoints/trial_875_d7a0d8ad30.pt,results/grid_searches/grid_patchtst_raw_autoLargest_L30_h10_thr10/checkpoints/trial_875_d7a0d8ad30.pt,results/grid_searches/grid_patchtst_raw_autoLargest_L30_h10_thr10,27.77262483164668,False,cuda:1,
trial_876_5530ffecbe,complete,raw,5,2,32,2,1,0.0,0.001,0.0001,1,1.7376715589437304,2.4620050999692986,,,results/grid_searches/grid_patchtst_raw_autoLargest_L30_h10_thr10/checkpoints/trial_876_5530ffecbe.pt,results/grid_searches/grid_patchtst_raw_autoLargest_L30_h10_thr10/checkpoints/trial_876_5530ffecbe.pt,results/grid_searches/grid_patchtst_raw_autoLargest_L30_h10_thr10,20.516449235379696,False,cuda:2,
trial_877_8c879ee072,complete,raw,5,2,32,2,1,0.1,0.0001,0.0,8,1.6397009041556452,2.37593531996434,,,results/grid_searches/grid_patchtst_raw_autoLargest_L30_h10_thr10/checkpoints/trial_877_8c879ee072.pt,results/grid_searches/grid_patchtst_raw_autoLargest_L30_h10_thr10/checkpoints/trial_877_8c879ee072.pt,results/grid_searches/grid_patchtst_raw_autoLargest_L30_h10_thr10,31.9180477745831,False,cuda:0,
trial_878_415f44b8f3,complete,raw,5,2,32,2,1,0.1,0.0001,1e-05,8,1.638347980081092,2.3742687889725285,,,results/grid_searches/grid_patchtst_raw_autoLargest_L30_h10_thr10/checkpoints/trial_878_415f44b8f3.pt,results/grid_searches/grid_patchtst_raw_autoLargest_L30_h10_thr10/checkpoints/trial_878_415f44b8f3.pt,results/grid_searches/grid_patchtst_raw_autoLargest_L30_h10_thr10,32.91181994229555,False,cuda:1,
trial_879_8fb3ab08f5,complete,raw,5,2,32,2,1,0.1,0.0001,0.0001,8,1.6414544547594423,2.380679446064158,,,results/grid_searches/grid_patchtst_raw_autoLargest_L30_h10_thr10/checkpoints/trial_879_8fb3ab08f5.pt,results/grid_searches/grid_patchtst_raw_autoLargest_L30_h10_thr10/checkpoints/trial_879_8fb3ab08f5.pt,results/grid_searches/grid_patchtst_raw_autoLargest_L30_h10_thr10,31.89068153128028,False,cuda:2,
trial_880_0a6db228ef,complete,raw,5,2,32,2,1,0.1,0.0003,0.0,1,1.6934794755572382,2.384550700495575,,,results/grid_searches/grid_patchtst_raw_autoLargest_L30_h10_thr10/checkpoints/trial_880_0a6db228ef.pt,results/grid_searches/grid_patchtst_raw_autoLargest_L30_h10_thr10/checkpoints/trial_880_0a6db228ef.pt,results/grid_searches/grid_patchtst_raw_autoLargest_L30_h10_thr10,21.772960796952248,False,cuda:0,
trial_881_4d05b02aa2,complete,raw,5,2,32,2,1,0.1,0.0003,1e-05,1,1.6941466732785295,2.3849543230519634,,,results/grid_searches/grid_patchtst_raw_autoLargest_L30_h10_thr10/checkpoints/trial_881_4d05b02aa2.pt,results/grid_searches/grid_patchtst_raw_autoLargest_L30_h10_thr10/checkpoints/trial_881_4d05b02aa2.pt,results/grid_searches/grid_patchtst_raw_autoLargest_L30_h10_thr10,22.39261545613408,False,cuda:1,
trial_882_1c4feb8dd8,complete,raw,5,2,32,2,1,0.1,0.0003,0.0001,1,1.6951791848081954,2.3842396683290605,,,results/grid_searches/grid_patchtst_raw_autoLargest_L30_h10_thr10/checkpoints/trial_882_1c4feb8dd8.pt,results/grid_searches/grid_patchtst_raw_autoLargest_L30_h10_thr10/checkpoints/trial_882_1c4feb8dd8.pt,results/grid_searches/grid_patchtst_raw_autoLargest_L30_h10_thr10,20.990366742014885,False,cuda:2,
trial_883_b17dc5eb84,complete,raw,5,2,32,2,1,0.1,0.0005,0.0,1,1.9325746634272458,2.542671607801786,,,results/grid_searches/grid_patchtst_raw_autoLargest_L30_h10_thr10/checkpoints/trial_883_b17dc5eb84.pt,results/grid_searches/grid_patchtst_raw_autoLargest_L30_h10_thr10/checkpoints/trial_883_b17dc5eb84.pt,results/grid_searches/grid_patchtst_raw_autoLargest_L30_h10_thr10,21.984537944197655,False,cuda:0,
trial_884_3e7d6ab17d,complete,raw,5,2,32,2,1,0.1,0.0005,1e-05,1,1.830706916237368,2.4822696180279378,,,results/grid_searches/grid_patchtst_raw_autoLargest_L30_h10_thr10/checkpoints/trial_884_3e7d6ab17d.pt,results/grid_searches/grid_patchtst_raw_autoLargest_L30_h10_thr10/checkpoints/trial_884_3e7d6ab17d.pt,results/grid_searches/grid_patchtst_raw_autoLargest_L30_h10_thr10,21.95431637018919,False,cuda:1,
trial_885_6d43ec6667,complete,raw,5,2,32,2,1,0.1,0.0005,0.0001,2,1.7319443153024097,2.4548241928435597,,,results/grid_searches/grid_patchtst_raw_autoLargest_L30_h10_thr10/checkpoints/trial_885_6d43ec6667.pt,results/grid_searches/grid_patchtst_raw_autoLargest_L30_h10_thr10/checkpoints/trial_885_6d43ec6667.pt,results/grid_searches/grid_patchtst_raw_autoLargest_L30_h10_thr10,22.55003672093153,False,cuda:2,
trial_886_e719a189a6,complete,raw,5,2,32,2,1,0.1,0.001,0.0,1,1.7377005764056892,2.426448850918003,,,results/grid_searches/grid_patchtst_raw_autoLargest_L30_h10_thr10/checkpoints/trial_886_e719a189a6.pt,results/grid_searches/grid_patchtst_raw_autoLargest_L30_h10_thr10/checkpoints/trial_886_e719a189a6.pt,results/grid_searches/grid_patchtst_raw_autoLargest_L30_h10_thr10,21.762073144316673,False,cuda:0,
trial_887_aa5f4c4d5f,complete,raw,5,2,32,2,1,0.1,0.001,1e-05,1,1.7317087003039313,2.446557386695024,,,results/grid_searches/grid_patchtst_raw_autoLargest_L30_h10_thr10/checkpoints/trial_887_aa5f4c4d5f.pt,results/grid_searches/grid_patchtst_raw_autoLargest_L30_h10_thr10/checkpoints/trial_887_aa5f4c4d5f.pt,results/grid_searches/grid_patchtst_raw_autoLargest_L30_h10_thr10,22.235025696456432,False,cuda:1,
trial_888_ba67dc0985,complete,raw,5,2,32,2,1,0.1,0.001,0.0001,1,1.689371667371332,2.3486280075929837,,,results/grid_searches/grid_patchtst_raw_autoLargest_L30_h10_thr10/checkpoints/trial_888_ba67dc0985.pt,results/grid_searches/grid_patchtst_raw_autoLargest_L30_h10_thr10/checkpoints/trial_888_ba67dc0985.pt,results/grid_searches/grid_patchtst_raw_autoLargest_L30_h10_thr10,21.343738202005625,False,cuda:2,
trial_889_449fd2c4ba,complete,raw,5,2,32,2,2,0.0,0.0001,0.0,29,1.5172170135803238,2.18344775058392,,,results/grid_searches/grid_patchtst_raw_autoLargest_L30_h10_thr10/checkpoints/trial_889_449fd2c4ba.pt,results/grid_searches/grid_patchtst_raw_autoLargest_L30_h10_thr10/checkpoints/trial_889_449fd2c4ba.pt,results/grid_searches/grid_patchtst_raw_autoLargest_L30_h10_thr10,88.94124243408442,False,cuda:0,
trial_890_719b098dcf,complete,raw,5,2,32,2,2,0.0,0.0001,1e-05,29,1.5242611042391272,2.2020405819376925,,,results/grid_searches/grid_patchtst_raw_autoLargest_L30_h10_thr10/checkpoints/trial_890_719b098dcf.pt,results/grid_searches/grid_patchtst_raw_autoLargest_L30_h10_thr10/checkpoints/trial_890_719b098dcf.pt,results/grid_searches/grid_patchtst_raw_autoLargest_L30_h10_thr10,90.50487511232495,False,cuda:1,
trial_891_e4bdf383dc,complete,raw,5,2,32,2,2,0.0,0.0001,0.0001,44,1.4961345517210944,2.191115834150747,,,results/grid_searches/grid_patchtst_raw_autoLargest_L30_h10_thr10/checkpoints/trial_891_e4bdf383dc.pt,results/grid_searches/grid_patchtst_raw_autoLargest_L30_h10_thr10/checkpoints/trial_891_e4bdf383dc.pt,results/grid_searches/grid_patchtst_raw_autoLargest_L30_h10_thr10,118.11849800869823,False,cuda:2,
trial_893_8f73063ae8,complete,raw,5,2,32,2,2,0.0,0.0003,1e-05,19,1.5268408597788856,2.280598497326149,,,results/grid_searches/grid_patchtst_raw_autoLargest_L30_h10_thr10/checkpoints/trial_893_8f73063ae8.pt,results/grid_searches/grid_patchtst_raw_autoLargest_L30_h10_thr10/checkpoints/trial_893_8f73063ae8.pt,results/grid_searches/grid_patchtst_raw_autoLargest_L30_h10_thr10,70.62781271710992,False,cuda:1,
trial_892_afd314f2c5,complete,raw,5,2,32,2,2,0.0,0.0003,0.0,28,1.4969478445726483,2.209086627492204,,,results/grid_searches/grid_patchtst_raw_autoLargest_L30_h10_thr10/checkpoints/trial_892_afd314f2c5.pt,results/grid_searches/grid_patchtst_raw_autoLargest_L30_h10_thr10/checkpoints/trial_892_afd314f2c5.pt,results/grid_searches/grid_patchtst_raw_autoLargest_L30_h10_thr10,87.52953108772635,False,cuda:0,
trial_894_9e1c888e83,complete,raw,5,2,32,2,2,0.0,0.0003,0.0001,22,1.485299402729054,2.2375057759734234,,,results/grid_searches/grid_patchtst_raw_autoLargest_L30_h10_thr10/checkpoints/trial_894_9e1c888e83.pt,results/grid_searches/grid_patchtst_raw_autoLargest_L30_h10_thr10/checkpoints/trial_894_9e1c888e83.pt,results/grid_searches/grid_patchtst_raw_autoLargest_L30_h10_thr10,72.27374072745442,False,cuda:2,
trial_895_39cecd6cd6,complete,raw,5,2,32,2,2,0.0,0.0005,0.0,10,1.4886666453648594,2.2604580900329294,,,results/grid_searches/grid_patchtst_raw_autoLargest_L30_h10_thr10/checkpoints/trial_895_39cecd6cd6.pt,results/grid_searches/grid_patchtst_raw_autoLargest_L30_h10_thr10/checkpoints/trial_895_39cecd6cd6.pt,results/grid_searches/grid_patchtst_raw_autoLargest_L30_h10_thr10,50.776500072330236,False,cuda:1,
trial_897_194f4198f6,complete,raw,5,2,32,2,2,0.0,0.0005,0.0001,1,1.6396981322548434,2.358164931927016,,,results/grid_searches/grid_patchtst_raw_autoLargest_L30_h10_thr10/checkpoints/trial_897_194f4198f6.pt,results/grid_searches/grid_patchtst_raw_autoLargest_L30_h10_thr10/checkpoints/trial_897_194f4198f6.pt,results/grid_searches/grid_patchtst_raw_autoLargest_L30_h10_thr10,30.894971329718828,False,cuda:2,
trial_898_545113c143,complete,raw,5,2,32,2,2,0.0,0.001,0.0,7,1.5314471425672498,2.2060978527380235,,,results/grid_searches/grid_patchtst_raw_autoLargest_L30_h10_thr10/checkpoints/trial_898_545113c143.pt,results/grid_searches/grid_patchtst_raw_autoLargest_L30_h10_thr10/checkpoints/trial_898_545113c143.pt,results/grid_searches/grid_patchtst_raw_autoLargest_L30_h10_thr10,44.006165493279696,False,cuda:1,
trial_896_e11f5eab03,complete,raw,5,2,32,2,2,0.0,0.0005,1e-05,28,1.471211648041123,2.163415492564596,,,results/grid_searches/grid_patchtst_raw_autoLargest_L30_h10_thr10/checkpoints/trial_896_e11f5eab03.pt,results/grid_searches/grid_patchtst_raw_autoLargest_L30_h10_thr10/checkpoints/trial_896_e11f5eab03.pt,results/grid_searches/grid_patchtst_raw_autoLargest_L30_h10_thr10,88.28994001448154,False,cuda:0,
trial_899_bb8f79caa8,complete,raw,5,2,32,2,2,0.0,0.001,1e-05,10,1.5553492353394438,2.2081923258654026,,,results/grid_searches/grid_patchtst_raw_autoLargest_L30_h10_thr10/checkpoints/trial_899_bb8f79caa8.pt,results/grid_searches/grid_patchtst_raw_autoLargest_L30_h10_thr10/checkpoints/trial_899_bb8f79caa8.pt,results/grid_searches/grid_patchtst_raw_autoLargest_L30_h10_thr10,47.594930954277515,False,cuda:2,
trial_901_b64e36af18,complete,raw,5,2,32,2,2,0.1,0.0001,0.0,4,1.6398100927066577,2.2558273276642553,,,results/grid_searches/grid_patchtst_raw_autoLargest_L30_h10_thr10/checkpoints/trial_901_b64e36af18.pt,results/grid_searches/grid_patchtst_raw_autoLargest_L30_h10_thr10/checkpoints/trial_901_b64e36af18.pt,results/grid_searches/grid_patchtst_raw_autoLargest_L30_h10_thr10,40.29583948478103,False,cuda:0,
trial_902_53b328aedb,complete,raw,5,2,32,2,2,0.1,0.0001,1e-05,4,1.6389518221203663,2.256320177559441,,,results/grid_searches/grid_patchtst_raw_autoLargest_L30_h10_thr10/checkpoints/trial_902_53b328aedb.pt,results/grid_searches/grid_patchtst_raw_autoLargest_L30_h10_thr10/checkpoints/trial_902_53b328aedb.pt,results/grid_searches/grid_patchtst_raw_autoLargest_L30_h10_thr10,39.164634592831135,False,cuda:2,
trial_900_e58eac0830,complete,raw,5,2,32,2,2,0.0,0.001,0.0001,17,1.5770163674982665,2.2004402904940474,,,results/grid_searches/grid_patchtst_raw_autoLargest_L30_h10_thr10/checkpoints/trial_900_e58eac0830.pt,results/grid_searches/grid_patchtst_raw_autoLargest_L30_h10_thr10/checkpoints/trial_900_e58eac0830.pt,results/grid_searches/grid_patchtst_raw_autoLargest_L30_h10_thr10,66.17558193579316,False,cuda:1,
trial_903_920e18b66b,complete,raw,5,2,32,2,2,0.1,0.0001,0.0001,4,1.6432968518071913,2.2578390957170016,,,results/grid_searches/grid_patchtst_raw_autoLargest_L30_h10_thr10/checkpoints/trial_903_920e18b66b.pt,results/grid_searches/grid_patchtst_raw_autoLargest_L30_h10_thr10/checkpoints/trial_903_920e18b66b.pt,results/grid_searches/grid_patchtst_raw_autoLargest_L30_h10_thr10,41.09580980241299,False,cuda:0,
trial_904_b4f7e57be2,complete,raw,5,2,32,2,2,0.1,0.0003,0.0,1,1.8115147188239837,2.4208131748003843,,,results/grid_searches/grid_patchtst_raw_autoLargest_L30_h10_thr10/checkpoints/trial_904_b4f7e57be2.pt,results/grid_searches/grid_patchtst_raw_autoLargest_L30_h10_thr10/checkpoints/trial_904_b4f7e57be2.pt,results/grid_searches/grid_patchtst_raw_autoLargest_L30_h10_thr10,32.27679671347141,False,cuda:2,
trial_905_40c9ab2a55,complete,raw,5,2,32,2,2,0.1,0.0003,1e-05,2,1.7389842205155122,2.3190705711787105,,,results/grid_searches/grid_patchtst_raw_autoLargest_L30_h10_thr10/checkpoints/trial_905_40c9ab2a55.pt,results/grid_searches/grid_patchtst_raw_autoLargest_L30_h10_thr10/checkpoints/trial_905_40c9ab2a55.pt,results/grid_searches/grid_patchtst_raw_autoLargest_L30_h10_thr10,36.7025740519166,False,cuda:1,
trial_907_32f7e0f1eb,complete,raw,5,2,32,2,2,0.1,0.0005,0.0,1,1.6739268077504408,2.3366049822389425,,,results/grid_searches/grid_patchtst_raw_autoLargest_L30_h10_thr10/checkpoints/trial_907_32f7e0f1eb.pt,results/grid_searches/grid_patchtst_raw_autoLargest_L30_h10_thr10/checkpoints/trial_907_32f7e0f1eb.pt,results/grid_searches/grid_patchtst_raw_autoLargest_L30_h10_thr10,33.58195190876722,False,cuda:2,
trial_908_ed42b9b6e9,complete,raw,5,2,32,2,2,0.1,0.0005,1e-05,1,1.6707239968914398,2.342970407870645,,,results/grid_searches/grid_patchtst_raw_autoLargest_L30_h10_thr10/checkpoints/trial_908_ed42b9b6e9.pt,results/grid_searches/grid_patchtst_raw_autoLargest_L30_h10_thr10/checkpoints/trial_908_ed42b9b6e9.pt,results/grid_searches/grid_patchtst_raw_autoLargest_L30_h10_thr10,35.31868490949273,False,cuda:1,
trial_906_d826e268e0,complete,raw,5,2,32,2,2,0.1,0.0003,0.0001,30,1.4881855593725473,2.1758599891926806,,,results/grid_searches/grid_patchtst_raw_autoLargest_L30_h10_thr10/checkpoints/trial_906_d826e268e0.pt,results/grid_searches/grid_patchtst_raw_autoLargest_L30_h10_thr10/checkpoints/trial_906_d826e268e0.pt,results/grid_searches/grid_patchtst_raw_autoLargest_L30_h10_thr10,96.12809703499079,False,cuda:0,
trial_910_329e269f09,complete,raw,5,2,32,2,2,0.1,0.001,0.0,9,1.519981004008198,2.283230095413616,,,results/grid_searches/grid_patchtst_raw_autoLargest_L30_h10_thr10/checkpoints/trial_910_329e269f09.pt,results/grid_searches/grid_patchtst_raw_autoLargest_L30_h10_thr10/checkpoints/trial_910_329e269f09.pt,results/grid_searches/grid_patchtst_raw_autoLargest_L30_h10_thr10,51.87177278101444,False,cuda:1,
trial_909_61ca349c29,complete,raw,5,2,32,2,2,0.1,0.0005,0.0001,31,1.5216832473694901,2.183990581936758,,,results/grid_searches/grid_patchtst_raw_autoLargest_L30_h10_thr10/checkpoints/trial_909_61ca349c29.pt,results/grid_searches/grid_patchtst_raw_autoLargest_L30_h10_thr10/checkpoints/trial_909_61ca349c29.pt,results/grid_searches/grid_patchtst_raw_autoLargest_L30_h10_thr10,94.9097153916955,False,cuda:2,
trial_911_c1fd1a52dc,complete,raw,5,2,32,2,2,0.1,0.001,1e-05,18,1.6142893102510443,2.2029446125928884,,,results/grid_searches/grid_patchtst_raw_autoLargest_L30_h10_thr10/checkpoints/trial_911_c1fd1a52dc.pt,results/grid_searches/grid_patchtst_raw_autoLargest_L30_h10_thr10/checkpoints/trial_911_c1fd1a52dc.pt,results/grid_searches/grid_patchtst_raw_autoLargest_L30_h10_thr10,72.30963994935155,False,cuda:0,
trial_912_bd9ed95097,complete,raw,5,2,32,2,2,0.1,0.001,0.0001,15,1.5267875203311065,2.2389361210951284,,,results/grid_searches/grid_patchtst_raw_autoLargest_L30_h10_thr10/checkpoints/trial_912_bd9ed95097.pt,results/grid_searches/grid_patchtst_raw_autoLargest_L30_h10_thr10/checkpoints/trial_912_bd9ed95097.pt,results/grid_searches/grid_patchtst_raw_autoLargest_L30_h10_thr10,63.808270800858736,False,cuda:1,
trial_913_921873825d,complete,raw,5,2,32,2,3,0.0,0.0001,0.0,4,1.6363856436547977,2.3958978569223097,,,results/grid_searches/grid_patchtst_raw_autoLargest_L30_h10_thr10/checkpoints/trial_913_921873825d.pt,results/grid_searches/grid_patchtst_raw_autoLargest_L30_h10_thr10/checkpoints/trial_913_921873825d.pt,results/grid_searches/grid_patchtst_raw_autoLargest_L30_h10_thr10,49.467106841504574,False,cuda:2,
trial_916_aa377645b1,complete,raw,5,2,32,2,3,0.0,0.0003,0.0,1,1.6412522209303666,2.371379838052675,,,results/grid_searches/grid_patchtst_raw_autoLargest_L30_h10_thr10/checkpoints/trial_916_aa377645b1.pt,results/grid_searches/grid_patchtst_raw_autoLargest_L30_h10_thr10/checkpoints/trial_916_aa377645b1.pt,results/grid_searches/grid_patchtst_raw_autoLargest_L30_h10_thr10,41.32928301021457,False,cuda:2,
trial_917_1fd2883eab,complete,raw,5,2,32,2,3,0.0,0.0003,1e-05,2,1.6565449515522659,2.362873135821706,,,results/grid_searches/grid_patchtst_raw_autoLargest_L30_h10_thr10/checkpoints/trial_917_1fd2883eab.pt,results/grid_searches/grid_patchtst_raw_autoLargest_L30_h10_thr10/checkpoints/trial_917_1fd2883eab.pt,results/grid_searches/grid_patchtst_raw_autoLargest_L30_h10_thr10,45.50020897015929,False,cuda:2,
trial_914_96f791cd38,complete,raw,5,2,32,2,3,0.0,0.0001,1e-05,37,1.532707691331736,2.2712310697303657,,,results/grid_searches/grid_patchtst_raw_autoLargest_L30_h10_thr10/checkpoints/trial_914_96f791cd38.pt,results/grid_searches/grid_patchtst_raw_autoLargest_L30_h10_thr10/checkpoints/trial_914_96f791cd38.pt,results/grid_searches/grid_patchtst_raw_autoLargest_L30_h10_thr10,144.97662714868784,False,cuda:0,
trial_918_418a4b229f,complete,raw,5,2,32,2,3,0.0,0.0003,0.0001,2,1.6875699048338435,2.392738705913976,,,results/grid_searches/grid_patchtst_raw_autoLargest_L30_h10_thr10/checkpoints/trial_918_418a4b229f.pt,results/grid_searches/grid_patchtst_raw_autoLargest_L30_h10_thr10/checkpoints/trial_918_418a4b229f.pt,results/grid_searches/grid_patchtst_raw_autoLargest_L30_h10_thr10,45.78268263116479,False,cuda:2,
trial_915_f67389c161,complete,raw,5,2,32,2,3,0.0,0.0001,0.0001,40,1.4819656966763395,2.1961735784470284,,,results/grid_searches/grid_patchtst_raw_autoLargest_L30_h10_thr10/checkpoints/trial_915_f67389c161.pt,results/grid_searches/grid_patchtst_raw_autoLargest_L30_h10_thr10/checkpoints/trial_915_f67389c161.pt,results/grid_searches/grid_patchtst_raw_autoLargest_L30_h10_thr10,151.45129787921906,False,cuda:1,
trial_919_0abca1c115,complete,raw,5,2,32,2,3,0.0,0.0005,0.0,2,1.6670030392885586,2.3048372024156105,,,results/grid_searches/grid_patchtst_raw_autoLargest_L30_h10_thr10/checkpoints/trial_919_0abca1c115.pt,results/grid_searches/grid_patchtst_raw_autoLargest_L30_h10_thr10/checkpoints/trial_919_0abca1c115.pt,results/grid_searches/grid_patchtst_raw_autoLargest_L30_h10_thr10,46.13183327764273,False,cuda:0,
trial_920_10586d67d6,complete,raw,5,2,32,2,3,0.0,0.0005,1e-05,2,1.663370725430454,2.319600020079404,,,results/grid_searches/grid_patchtst_raw_autoLargest_L30_h10_thr10/checkpoints/trial_920_10586d67d6.pt,results/grid_searches/grid_patchtst_raw_autoLargest_L30_h10_thr10/checkpoints/trial_920_10586d67d6.pt,results/grid_searches/grid_patchtst_raw_autoLargest_L30_h10_thr10,46.60933240503073,False,cuda:2,
trial_921_91f6486e5e,complete,raw,5,2,32,2,3,0.0,0.0005,0.0001,10,1.5748307656383589,2.314939270360507,,,results/grid_searches/grid_patchtst_raw_autoLargest_L30_h10_thr10/checkpoints/trial_921_91f6486e5e.pt,results/grid_searches/grid_patchtst_raw_autoLargest_L30_h10_thr10/checkpoints/trial_921_91f6486e5e.pt,results/grid_searches/grid_patchtst_raw_autoLargest_L30_h10_thr10,69.31920147687197,False,cuda:1,
trial_923_d12853cba8,complete,raw,5,2,32,2,3,0.0,0.001,1e-05,10,1.5458416266843111,2.2536399115748846,,,results/grid_searches/grid_patchtst_raw_autoLargest_L30_h10_thr10/checkpoints/trial_923_d12853cba8.pt,results/grid_searches/grid_patchtst_raw_autoLargest_L30_h10_thr10/checkpoints/trial_923_d12853cba8.pt,results/grid_searches/grid_patchtst_raw_autoLargest_L30_h10_thr10,66.1057040579617,False,cuda:2,
trial_922_7e6890caf6,complete,raw,5,2,32,2,3,0.0,0.001,0.0,19,1.4876255957131521,2.212558649431405,,,results/grid_searches/grid_patchtst_raw_autoLargest_L30_h10_thr10/checkpoints/trial_922_7e6890caf6.pt,results/grid_searches/grid_patchtst_raw_autoLargest_L30_h10_thr10/checkpoints/trial_922_7e6890caf6.pt,results/grid_searches/grid_patchtst_raw_autoLargest_L30_h10_thr10,94.88371415063739,False,cuda:0,
trial_924_1999bc424b,complete,raw,5,2,32,2,3,0.0,0.001,0.0001,12,1.54729850649928,2.171834569455878,,,results/grid_searches/grid_patchtst_raw_autoLargest_L30_h10_thr10/checkpoints/trial_924_1999bc424b.pt,results/grid_searches/grid_patchtst_raw_autoLargest_L30_h10_thr10/checkpoints/trial_924_1999bc424b.pt,results/grid_searches/grid_patchtst_raw_autoLargest_L30_h10_thr10,74.58732740208507,False,cuda:1,
trial_925_502de5817c,complete,raw,5,2,32,2,3,0.1,0.0001,0.0,4,1.621864650635214,2.360443227416844,,,results/grid_searches/grid_patchtst_raw_autoLargest_L30_h10_thr10/checkpoints/trial_925_502de5817c.pt,results/grid_searches/grid_patchtst_raw_autoLargest_L30_h10_thr10/checkpoints/trial_925_502de5817c.pt,results/grid_searches/grid_patchtst_raw_autoLargest_L30_h10_thr10,54.305078603327274,False,cuda:2,
trial_926_cbf4d2b654,complete,raw,5,2,32,2,3,0.1,0.0001,1e-05,4,1.6208300389905896,2.3598299209432794,,,results/grid_searches/grid_patchtst_raw_autoLargest_L30_h10_thr10/checkpoints/trial_926_cbf4d2b654.pt,results/grid_searches/grid_patchtst_raw_autoLargest_L30_h10_thr10/checkpoints/trial_926_cbf4d2b654.pt,results/grid_searches/grid_patchtst_raw_autoLargest_L30_h10_thr10,55.86971182003617,False,cuda:0,
trial_927_a72d6f1f6d,complete,raw,5,2,32,2,3,0.1,0.0001,0.0001,4,1.6203577316646711,2.3562243410873887,,,results/grid_searches/grid_patchtst_raw_autoLargest_L30_h10_thr10/checkpoints/trial_927_a72d6f1f6d.pt,results/grid_searches/grid_patchtst_raw_autoLargest_L30_h10_thr10/checkpoints/trial_927_a72d6f1f6d.pt,results/grid_searches/grid_patchtst_raw_autoLargest_L30_h10_thr10,56.338872000575066,False,cuda:1,
trial_928_868f6b5e4c,complete,raw,5,2,32,2,3,0.1,0.0003,0.0,2,1.683329291352177,2.357302747109162,,,results/grid_searches/grid_patchtst_raw_autoLargest_L30_h10_thr10/checkpoints/trial_928_868f6b5e4c.pt,results/grid_searches/grid_patchtst_raw_autoLargest_L30_h10_thr10/checkpoints/trial_928_868f6b5e4c.pt,results/grid_searches/grid_patchtst_raw_autoLargest_L30_h10_thr10,46.650929003953934,False,cuda:2,
trial_929_5501f3d8e2,complete,raw,5,2,32,2,3,0.1,0.0003,1e-05,2,1.8528417274478493,2.4664129296588397,,,results/grid_searches/grid_patchtst_raw_autoLargest_L30_h10_thr10/checkpoints/trial_929_5501f3d8e2.pt,results/grid_searches/grid_patchtst_raw_autoLargest_L30_h10_thr10/checkpoints/trial_929_5501f3d8e2.pt,results/grid_searches/grid_patchtst_raw_autoLargest_L30_h10_thr10,50.00053238496184,False,cuda:0,
trial_930_0593a4e7ea,complete,raw,5,2,32,2,3,0.1,0.0003,0.0001,2,1.7525287252145856,2.369758543187197,,,results/grid_searches/grid_patchtst_raw_autoLargest_L30_h10_thr10/checkpoints/trial_930_0593a4e7ea.pt,results/grid_searches/grid_patchtst_raw_autoLargest_L30_h10_thr10/checkpoints/trial_930_0593a4e7ea.pt,results/grid_searches/grid_patchtst_raw_autoLargest_L30_h10_thr10,50.86399906128645,False,cuda:1,
trial_931_44cfdc66a5,complete,raw,5,2,32,2,3,0.1,0.0005,0.0,10,1.4885587435555232,2.3648980997553384,,,results/grid_searches/grid_patchtst_raw_autoLargest_L30_h10_thr10/checkpoints/trial_931_44cfdc66a5.pt,results/grid_searches/grid_patchtst_raw_autoLargest_L30_h10_thr10/checkpoints/trial_931_44cfdc66a5.pt,results/grid_searches/grid_patchtst_raw_autoLargest_L30_h10_thr10,68.19181785732508,False,cuda:2,
trial_932_66c1cb24c5,complete,raw,5,2,32,2,3,0.1,0.0005,1e-05,1,1.7489225666630495,2.3530878120576304,,,results/grid_searches/grid_patchtst_raw_autoLargest_L30_h10_thr10/checkpoints/trial_932_66c1cb24c5.pt,results/grid_searches/grid_patchtst_raw_autoLargest_L30_h10_thr10/checkpoints/trial_932_66c1cb24c5.pt,results/grid_searches/grid_patchtst_raw_autoLargest_L30_h10_thr10,45.95243636518717,False,cuda:0,
trial_933_02d353cbb3,complete,raw,5,2,32,2,3,0.1,0.0005,0.0001,1,1.6515052739276161,2.322507273827487,,,results/grid_searches/grid_patchtst_raw_autoLargest_L30_h10_thr10/checkpoints/trial_933_02d353cbb3.pt,results/grid_searches/grid_patchtst_raw_autoLargest_L30_h10_thr10/checkpoints/trial_933_02d353cbb3.pt,results/grid_searches/grid_patchtst_raw_autoLargest_L30_h10_thr10,47.39632746204734,False,cuda:1,
trial_934_9cc95bf6a6,complete,raw,5,2,32,2,3,0.1,0.001,0.0,8,1.4881015058606863,2.2234231765240353,,,results/grid_searches/grid_patchtst_raw_autoLargest_L30_h10_thr10/checkpoints/trial_934_9cc95bf6a6.pt,results/grid_searches/grid_patchtst_raw_autoLargest_L30_h10_thr10/checkpoints/trial_934_9cc95bf6a6.pt,results/grid_searches/grid_patchtst_raw_autoLargest_L30_h10_thr10,63.12516386434436,False,cuda:2,
trial_935_9f132f1a53,complete,raw,5,2,32,2,3,0.1,0.001,1e-05,9,1.6768723945310222,2.3148767903125305,,,results/grid_searches/grid_patchtst_raw_autoLargest_L30_h10_thr10/checkpoints/trial_935_9f132f1a53.pt,results/grid_searches/grid_patchtst_raw_autoLargest_L30_h10_thr10/checkpoints/trial_935_9f132f1a53.pt,results/grid_searches/grid_patchtst_raw_autoLargest_L30_h10_thr10,70.6569199077785,False,cuda:0,
trial_937_a114ae1949,complete,raw,5,2,32,4,1,0.0,0.0001,0.0,15,1.6364431485015003,2.3952109168789812,,,results/grid_searches/grid_patchtst_raw_autoLargest_L30_h10_thr10/checkpoints/trial_937_a114ae1949.pt,results/grid_searches/grid_patchtst_raw_autoLargest_L30_h10_thr10/checkpoints/trial_937_a114ae1949.pt,results/grid_searches/grid_patchtst_raw_autoLargest_L30_h10_thr10,37.71293892338872,False,cuda:2,
trial_938_615328be68,complete,raw,5,2,32,4,1,0.0,0.0001,1e-05,15,1.6367893511028606,2.396116679897923,,,results/grid_searches/grid_patchtst_raw_autoLargest_L30_h10_thr10/checkpoints/trial_938_615328be68.pt,results/grid_searches/grid_patchtst_raw_autoLargest_L30_h10_thr10/checkpoints/trial_938_615328be68.pt,results/grid_searches/grid_patchtst_raw_autoLargest_L30_h10_thr10,41.00872986391187,False,cuda:0,
trial_936_983255430a,complete,raw,5,2,32,2,3,0.1,0.001,0.0001,24,1.5611712224357113,2.1634838969016528,,,results/grid_searches/grid_patchtst_raw_autoLargest_L30_h10_thr10/checkpoints/trial_936_983255430a.pt,results/grid_searches/grid_patchtst_raw_autoLargest_L30_h10_thr10/checkpoints/trial_936_983255430a.pt,results/grid_searches/grid_patchtst_raw_autoLargest_L30_h10_thr10,116.57150284945965,False,cuda:1,
trial_939_3650de13d2,complete,raw,5,2,32,4,1,0.0,0.0001,0.0001,15,1.6363716761418914,2.395508776363839,,,results/grid_searches/grid_patchtst_raw_autoLargest_L30_h10_thr10/checkpoints/trial_939_3650de13d2.pt,results/grid_searches/grid_patchtst_raw_autoLargest_L30_h10_thr10/checkpoints/trial_939_3650de13d2.pt,results/grid_searches/grid_patchtst_raw_autoLargest_L30_h10_thr10,39.05944028496742,False,cuda:2,
trial_940_b896e2507c,complete,raw,5,2,32,4,1,0.0,0.0003,0.0,5,1.6318296132783723,2.442789758670856,,,results/grid_searches/grid_patchtst_raw_autoLargest_L30_h10_thr10/checkpoints/trial_940_b896e2507c.pt,results/grid_searches/grid_patchtst_raw_autoLargest_L30_h10_thr10/checkpoints/trial_940_b896e2507c.pt,results/grid_searches/grid_patchtst_raw_autoLargest_L30_h10_thr10,27.747895631939173,False,cuda:0,
trial_941_cca3ce926a,complete,raw,5,2,32,4,1,0.0,0.0003,1e-05,5,1.6421334879883105,2.455333362907357,,,results/grid_searches/grid_patchtst_raw_autoLargest_L30_h10_thr10/checkpoints/trial_941_cca3ce926a.pt,results/grid_searches/grid_patchtst_raw_autoLargest_L30_h10_thr10/checkpoints/trial_941_cca3ce926a.pt,results/grid_searches/grid_patchtst_raw_autoLargest_L30_h10_thr10,27.447092834860086,False,cuda:1,
trial_942_558963153d,complete,raw,5,2,32,4,1,0.0,0.0003,0.0001,5,1.6402409905298978,2.461081723907513,,,results/grid_searches/grid_patchtst_raw_autoLargest_L30_h10_thr10/checkpoints/trial_942_558963153d.pt,results/grid_searches/grid_patchtst_raw_autoLargest_L30_h10_thr10/checkpoints/trial_942_558963153d.pt,results/grid_searches/grid_patchtst_raw_autoLargest_L30_h10_thr10,25.995206829160452,False,cuda:2,
trial_945_9c1549cccf,complete,raw,5,2,32,4,1,0.0,0.0005,0.0001,1,1.7935420592593714,2.5544727007372274,,,results/grid_searches/grid_patchtst_raw_autoLargest_L30_h10_thr10/checkpoints/trial_945_9c1549cccf.pt,results/grid_searches/grid_patchtst_raw_autoLargest_L30_h10_thr10/checkpoints/trial_945_9c1549cccf.pt,results/grid_searches/grid_patchtst_raw_autoLargest_L30_h10_thr10,20.704022757709026,False,cuda:2,
trial_944_1278977dc2,complete,raw,5,2,32,4,1,0.0,0.0005,1e-05,5,1.6146594711732638,2.459274616151303,,,results/grid_searches/grid_patchtst_raw_autoLargest_L30_h10_thr10/checkpoints/trial_944_1278977dc2.pt,results/grid_searches/grid_patchtst_raw_autoLargest_L30_h10_thr10/checkpoints/trial_944_1278977dc2.pt,results/grid_searches/grid_patchtst_raw_autoLargest_L30_h10_thr10,28.088527522981167,False,cuda:1,
trial_943_182aeb926c,complete,raw,5,2,32,4,1,0.0,0.0005,0.0,25,1.5980354328283781,2.3927590997966237,,,results/grid_searches/grid_patchtst_raw_autoLargest_L30_h10_thr10/checkpoints/trial_943_182aeb926c.pt,results/grid_searches/grid_patchtst_raw_autoLargest_L30_h10_thr10/checkpoints/trial_943_182aeb926c.pt,results/grid_searches/grid_patchtst_raw_autoLargest_L30_h10_thr10,54.27074155583978,False,cuda:0,
trial_946_a30b8e56f5,complete,raw,5,2,32,4,1,0.0,0.001,0.0,17,1.524788701108928,2.3229983818209163,,,results/grid_searches/grid_patchtst_raw_autoLargest_L30_h10_thr10/checkpoints/trial_946_a30b8e56f5.pt,results/grid_searches/grid_patchtst_raw_autoLargest_L30_h10_thr10/checkpoints/trial_946_a30b8e56f5.pt,results/grid_searches/grid_patchtst_raw_autoLargest_L30_h10_thr10,42.12839440628886,False,cuda:2,
trial_947_3ad1bf1050,complete,raw,5,2,32,4,1,0.0,0.001,1e-05,21,1.5312059156889024,2.2919316653955932,,,results/grid_searches/grid_patchtst_raw_autoLargest_L30_h10_thr10/checkpoints/trial_947_3ad1bf1050.pt,results/grid_searches/grid_patchtst_raw_autoLargest_L30_h10_thr10/checkpoints/trial_947_3ad1bf1050.pt,results/grid_searches/grid_patchtst_raw_autoLargest_L30_h10_thr10,49.884738963097334,False,cuda:1,
trial_949_064f462d30,complete,raw,5,2,32,4,1,0.1,0.0001,0.0,3,1.8276176890181495,2.526313963611253,,,results/grid_searches/grid_patchtst_raw_autoLargest_L30_h10_thr10/checkpoints/trial_949_064f462d30.pt,results/grid_searches/grid_patchtst_raw_autoLargest_L30_h10_thr10/checkpoints/trial_949_064f462d30.pt,results/grid_searches/grid_patchtst_raw_autoLargest_L30_h10_thr10,23.467172730714083,False,cuda:2,
trial_948_f8e82a730c,complete,raw,5,2,32,4,1,0.0,0.001,0.0001,28,1.6181231593944227,2.262298601246907,,,results/grid_searches/grid_patchtst_raw_autoLargest_L30_h10_thr10/checkpoints/trial_948_f8e82a730c.pt,results/grid_searches/grid_patchtst_raw_autoLargest_L30_h10_thr10/checkpoints/trial_948_f8e82a730c.pt,results/grid_searches/grid_patchtst_raw_autoLargest_L30_h10_thr10,59.14173733070493,False,cuda:0,
trial_950_a36aaa3758,complete,raw,5,2,32,4,1,0.1,0.0001,1e-05,3,1.8276538050643911,2.526205119593909,,,results/grid_searches/grid_patchtst_raw_autoLargest_L30_h10_thr10/checkpoints/trial_950_a36aaa3758.pt,results/grid_searches/grid_patchtst_raw_autoLargest_L30_h10_thr10/checkpoints/trial_950_a36aaa3758.pt,results/grid_searches/grid_patchtst_raw_autoLargest_L30_h10_thr10,25.996054500341415,False,cuda:1,
trial_951_fefb78f681,complete,raw,5,2,32,4,1,0.1,0.0001,0.0001,3,1.8254669770480523,2.523957876553246,,,results/grid_searches/grid_patchtst_raw_autoLargest_L30_h10_thr10/checkpoints/trial_951_fefb78f681.pt,results/grid_searches/grid_patchtst_raw_autoLargest_L30_h10_thr10/checkpoints/trial_951_fefb78f681.pt,results/grid_searches/grid_patchtst_raw_autoLargest_L30_h10_thr10,23.716144908219576,False,cuda:2,
trial_952_a92072c392,complete,raw,5,2,32,4,1,0.1,0.0003,0.0,1,1.7092361126755236,2.422775398203111,,,results/grid_searches/grid_patchtst_raw_autoLargest_L30_h10_thr10/checkpoints/trial_952_a92072c392.pt,results/grid_searches/grid_patchtst_raw_autoLargest_L30_h10_thr10/checkpoints/trial_952_a92072c392.pt,results/grid_searches/grid_patchtst_raw_autoLargest_L30_h10_thr10,23.17158930748701,False,cuda:0,
trial_953_ce07e040c2,complete,raw,5,2,32,4,1,0.1,0.0003,1e-05,1,1.709929676275653,2.4217870547799554,,,results/grid_searches/grid_patchtst_raw_autoLargest_L30_h10_thr10/checkpoints/trial_953_ce07e040c2.pt,results/grid_searches/grid_patchtst_raw_autoLargest_L30_h10_thr10/checkpoints/trial_953_ce07e040c2.pt,results/grid_searches/grid_patchtst_raw_autoLargest_L30_h10_thr10,22.74070966243744,False,cuda:1,
trial_954_41130c99ba,complete,raw,5,2,32,4,1,0.1,0.0003,0.0001,1,1.7079790444889023,2.4204138659287184,,,results/grid_searches/grid_patchtst_raw_autoLargest_L30_h10_thr10/checkpoints/trial_954_41130c99ba.pt,results/grid_searches/grid_patchtst_raw_autoLargest_L30_h10_thr10/checkpoints/trial_954_41130c99ba.pt,results/grid_searches/grid_patchtst_raw_autoLargest_L30_h10_thr10,20.5462579280138,False,cuda:2,
trial_955_bf31e7336d,complete,raw,5,2,32,4,1,0.1,0.0005,0.0,1,1.9692896561324595,2.6414004628695595,,,results/grid_searches/grid_patchtst_raw_autoLargest_L30_h10_thr10/checkpoints/trial_955_bf31e7336d.pt,results/grid_searches/grid_patchtst_raw_autoLargest_L30_h10_thr10/checkpoints/trial_955_bf31e7336d.pt,results/grid_searches/grid_patchtst_raw_autoLargest_L30_h10_thr10,23.229945722967386,False,cuda:0,
trial_956_68fc8b1679,complete,raw,5,2,32,4,1,0.1,0.0005,1e-05,1,1.951931176059231,2.6314545528644606,,,results/grid_searches/grid_patchtst_raw_autoLargest_L30_h10_thr10/checkpoints/trial_956_68fc8b1679.pt,results/grid_searches/grid_patchtst_raw_autoLargest_L30_h10_thr10/checkpoints/trial_956_68fc8b1679.pt,results/grid_searches/grid_patchtst_raw_autoLargest_L30_h10_thr10,23.58312264457345,False,cuda:1,
trial_957_ebd49cee6f,complete,raw,5,2,32,4,1,0.1,0.0005,0.0001,1,1.9703560121628585,2.633118796717539,,,results/grid_searches/grid_patchtst_raw_autoLargest_L30_h10_thr10/checkpoints/trial_957_ebd49cee6f.pt,results/grid_searches/grid_patchtst_raw_autoLargest_L30_h10_thr10/checkpoints/trial_957_ebd49cee6f.pt,results/grid_searches/grid_patchtst_raw_autoLargest_L30_h10_thr10,20.951910685747862,False,cuda:2,
trial_960_cbc7808044,complete,raw,5,2,32,4,1,0.1,0.001,0.0001,1,1.7556578465110233,2.5367676931940077,,,results/grid_searches/grid_patchtst_raw_autoLargest_L30_h10_thr10/checkpoints/trial_960_cbc7808044.pt,results/grid_searches/grid_patchtst_raw_autoLargest_L30_h10_thr10/checkpoints/trial_960_cbc7808044.pt,results/grid_searches/grid_patchtst_raw_autoLargest_L30_h10_thr10,21.005691148340702,False,cuda:2,
trial_958_ac834dd533,complete,raw,5,2,32,4,1,0.1,0.001,0.0,17,1.5564737540172249,2.443210188390916,,,results/grid_searches/grid_patchtst_raw_autoLargest_L30_h10_thr10/checkpoints/trial_958_ac834dd533.pt,results/grid_searches/grid_patchtst_raw_autoLargest_L30_h10_thr10/checkpoints/trial_958_ac834dd533.pt,results/grid_searches/grid_patchtst_raw_autoLargest_L30_h10_thr10,44.41952798143029,False,cuda:0,
trial_961_4c247c3f02,complete,raw,5,2,32,4,2,0.0,0.0001,0.0,4,1.6368646931563375,2.3867733196434444,,,results/grid_searches/grid_patchtst_raw_autoLargest_L30_h10_thr10/checkpoints/trial_961_4c247c3f02.pt,results/grid_searches/grid_patchtst_raw_autoLargest_L30_h10_thr10/checkpoints/trial_961_4c247c3f02.pt,results/grid_searches/grid_patchtst_raw_autoLargest_L30_h10_thr10,35.22098056972027,False,cuda:2,
trial_959_9e0f40b1b6,complete,raw,5,2,32,4,1,0.1,0.001,1e-05,28,1.5358388373793304,2.354149093543755,,,results/grid_searches/grid_patchtst_raw_autoLargest_L30_h10_thr10/checkpoints/trial_959_9e0f40b1b6.pt,results/grid_searches/grid_patchtst_raw_autoLargest_L30_h10_thr10/checkpoints/trial_959_9e0f40b1b6.pt,results/grid_searches/grid_patchtst_raw_autoLargest_L30_h10_thr10,61.912183448672295,False,cuda:1,
trial_962_05ecc5c24f,complete,raw,5,2,32,4,2,0.0,0.0001,1e-05,4,1.6368341856959123,2.387008766677435,,,results/grid_searches/grid_patchtst_raw_autoLargest_L30_h10_thr10/checkpoints/trial_962_05ecc5c24f.pt,results/grid_searches/grid_patchtst_raw_autoLargest_L30_h10_thr10/checkpoints/trial_962_05ecc5c24f.pt,results/grid_searches/grid_patchtst_raw_autoLargest_L30_h10_thr10,39.969262819737196,False,cuda:0,
trial_963_1a68d8e95d,complete,raw,5,2,32,4,2,0.0,0.0001,0.0001,4,1.6374393546647286,2.3868605840902837,,,results/grid_searches/grid_patchtst_raw_autoLargest_L30_h10_thr10/checkpoints/trial_963_1a68d8e95d.pt,results/grid_searches/grid_patchtst_raw_autoLargest_L30_h10_thr10/checkpoints/trial_963_1a68d8e95d.pt,results/grid_searches/grid_patchtst_raw_autoLargest_L30_h10_thr10,37.138307739049196,False,cuda:2,
trial_965_ee76f5de1c,complete,raw,5,2,32,4,2,0.0,0.0003,1e-05,2,1.7145505142296793,2.384656671643124,,,results/grid_searches/grid_patchtst_raw_autoLargest_L30_h10_thr10/checkpoints/trial_965_ee76f5de1c.pt,results/grid_searches/grid_patchtst_raw_autoLargest_L30_h10_thr10/checkpoints/trial_965_ee76f5de1c.pt,results/grid_searches/grid_patchtst_raw_autoLargest_L30_h10_thr10,35.531943421810865,False,cuda:0,
trial_964_27cd1596d9,complete,raw,5,2,32,4,2,0.0,0.0003,0.0,22,1.4733896854416102,2.2703649305939595,,,results/grid_searches/grid_patchtst_raw_autoLargest_L30_h10_thr10/checkpoints/trial_964_27cd1596d9.pt,results/grid_searches/grid_patchtst_raw_autoLargest_L30_h10_thr10/checkpoints/trial_964_27cd1596d9.pt,results/grid_searches/grid_patchtst_raw_autoLargest_L30_h10_thr10,77.38574616611004,False,cuda:1,
trial_966_fe30414917,complete,raw,5,2,32,4,2,0.0,0.0003,0.0001,22,1.4775004153547784,2.162249481848049,,,results/grid_searches/grid_patchtst_raw_autoLargest_L30_h10_thr10/checkpoints/trial_966_fe30414917.pt,results/grid_searches/grid_patchtst_raw_autoLargest_L30_h10_thr10/checkpoints/trial_966_fe30414917.pt,results/grid_searches/grid_patchtst_raw_autoLargest_L30_h10_thr10,71.5173695795238,False,cuda:2,
trial_967_7afebd6d52,complete,raw,5,2,32,4,2,0.0,0.0005,0.0,24,1.562538578937514,2.3086059172942215,,,results/grid_searches/grid_patchtst_raw_autoLargest_L30_h10_thr10/checkpoints/trial_967_7afebd6d52.pt,results/grid_searches/grid_patchtst_raw_autoLargest_L30_h10_thr10/checkpoints/trial_967_7afebd6d52.pt,results/grid_searches/grid_patchtst_raw_autoLargest_L30_h10_thr10,78.5338584817946,False,cuda:0,
trial_968_92b0f8dda9,complete,raw,5,2,32,4,2,0.0,0.0005,1e-05,28,1.550783270666305,2.2609919552205437,,,results/grid_searches/grid_patchtst_raw_autoLargest_L30_h10_thr10/checkpoints/trial_968_92b0f8dda9.pt,results/grid_searches/grid_patchtst_raw_autoLargest_L30_h10_thr10/checkpoints/trial_968_92b0f8dda9.pt,results/grid_searches/grid_patchtst_raw_autoLargest_L30_h10_thr10,88.5486546382308,False,cuda:1,
trial_969_4edc010de0,complete,raw,5,2,32,4,2,0.0,0.0005,0.0001,18,1.5416711498598887,2.2641741714658483,,,results/grid_searches/grid_patchtst_raw_autoLargest_L30_h10_thr10/checkpoints/trial_969_4edc010de0.pt,results/grid_searches/grid_patchtst_raw_autoLargest_L30_h10_thr10/checkpoints/trial_969_4edc010de0.pt,results/grid_searches/grid_patchtst_raw_autoLargest_L30_h10_thr10,64.87614516541362,False,cuda:2,
trial_970_0bccb006a2,complete,raw,5,2,32,4,2,0.0,0.001,0.0,10,1.543480893193355,2.1939641965490675,,,results/grid_searches/grid_patchtst_raw_autoLargest_L30_h10_thr10/checkpoints/trial_970_0bccb006a2.pt,results/grid_searches/grid_patchtst_raw_autoLargest_L30_h10_thr10/checkpoints/trial_970_0bccb006a2.pt,results/grid_searches/grid_patchtst_raw_autoLargest_L30_h10_thr10,50.674096807837486,False,cuda:0,
trial_972_cc89071f04,complete,raw,5,2,32,4,2,0.0,0.001,0.0001,5,1.569897841970566,2.2660998073842458,,,results/grid_searches/grid_patchtst_raw_autoLargest_L30_h10_thr10/checkpoints/trial_972_cc89071f04.pt,results/grid_searches/grid_patchtst_raw_autoLargest_L30_h10_thr10/checkpoints/trial_972_cc89071f04.pt,results/grid_searches/grid_patchtst_raw_autoLargest_L30_h10_thr10,42.10425213351846,False,cuda:2,
trial_971_873600f2e5,complete,raw,5,2,32,4,2,0.0,0.001,1e-05,10,1.5232331700424981,2.171170522565584,,,results/grid_searches/grid_patchtst_raw_autoLargest_L30_h10_thr10/checkpoints/trial_971_873600f2e5.pt,results/grid_searches/grid_patchtst_raw_autoLargest_L30_h10_thr10/checkpoints/trial_971_873600f2e5.pt,results/grid_searches/grid_patchtst_raw_autoLargest_L30_h10_thr10,50.74066889286041,False,cuda:1,
trial_973_d6d13a266c,complete,raw,5,2,32,4,2,0.1,0.0001,0.0,4,1.6815362936909064,2.3568384485979768,,,results/grid_searches/grid_patchtst_raw_autoLargest_L30_h10_thr10/checkpoints/trial_973_d6d13a266c.pt,results/grid_searches/grid_patchtst_raw_autoLargest_L30_h10_thr10/checkpoints/trial_973_d6d13a266c.pt,results/grid_searches/grid_patchtst_raw_autoLargest_L30_h10_thr10,41.974900748580694,False,cuda:0,
trial_974_a2fea99b05,complete,raw,5,2,32,4,2,0.1,0.0001,1e-05,4,1.6824177746314415,2.3581667979980643,,,results/grid_searches/grid_patchtst_raw_autoLargest_L30_h10_thr10/checkpoints/trial_974_a2fea99b05.pt,results/grid_searches/grid_patchtst_raw_autoLargest_L30_h10_thr10/checkpoints/trial_974_a2fea99b05.pt,results/grid_searches/grid_patchtst_raw_autoLargest_L30_h10_thr10,40.365609895437956,False,cuda:2,
trial_976_c406a4246c,complete,raw,5,2,32,4,2,0.1,0.0003,0.0,1,1.831006183085751,2.423276701500151,,,results/grid_searches/grid_patchtst_raw_autoLargest_L30_h10_thr10/checkpoints/trial_976_c406a4246c.pt,results/grid_searches/grid_patchtst_raw_autoLargest_L30_h10_thr10/checkpoints/trial_976_c406a4246c.pt,results/grid_searches/grid_patchtst_raw_autoLargest_L30_h10_thr10,34.84186070039868,False,cuda:0,
trial_975_d8c0bc98d8,complete,raw,5,2,32,4,2,0.1,0.0001,0.0001,4,1.69151888927044,2.367780631452067,,,results/grid_searches/grid_patchtst_raw_autoLargest_L30_h10_thr10/checkpoints/trial_975_d8c0bc98d8.pt,results/grid_searches/grid_patchtst_raw_autoLargest_L30_h10_thr10/checkpoints/trial_975_d8c0bc98d8.pt,results/grid_searches/grid_patchtst_raw_autoLargest_L30_h10_thr10,41.702166959643364,False,cuda:1,
trial_978_c0fa8c149a,complete,raw,5,2,32,4,2,0.1,0.0003,0.0001,1,1.8636622686184283,2.4383291057675636,,,results/grid_searches/grid_patchtst_raw_autoLargest_L30_h10_thr10/checkpoints/trial_978_c0fa8c149a.pt,results/grid_searches/grid_patchtst_raw_autoLargest_L30_h10_thr10/checkpoints/trial_978_c0fa8c149a.pt,results/grid_searches/grid_patchtst_raw_autoLargest_L30_h10_thr10,35.52540451288223,False,cuda:0,
trial_979_7cb0f93942,complete,raw,5,2,32,4,2,0.1,0.0005,0.0,1,1.6503950077116112,2.3559157229607552,,,results/grid_searches/grid_patchtst_raw_autoLargest_L30_h10_thr10/checkpoints/trial_979_7cb0f93942.pt,results/grid_searches/grid_patchtst_raw_autoLargest_L30_h10_thr10/checkpoints/trial_979_7cb0f93942.pt,results/grid_searches/grid_patchtst_raw_autoLargest_L30_h10_thr10,36.13274606689811,False,cuda:1,
trial_980_8d9475cf2e,complete,raw,5,2,32,4,2,0.1,0.0005,1e-05,1,1.6410018729852347,2.3456577878911204,,,results/grid_searches/grid_patchtst_raw_autoLargest_L30_h10_thr10/checkpoints/trial_980_8d9475cf2e.pt,results/grid_searches/grid_patchtst_raw_autoLargest_L30_h10_thr10/checkpoints/trial_980_8d9475cf2e.pt,results/grid_searches/grid_patchtst_raw_autoLargest_L30_h10_thr10,35.50757667794824,False,cuda:0,
trial_981_f88571a5f2,complete,raw,5,2,32,4,2,0.1,0.0005,0.0001,1,1.6496411452866808,2.338163049083557,,,results/grid_searches/grid_patchtst_raw_autoLargest_L30_h10_thr10/checkpoints/trial_981_f88571a5f2.pt,results/grid_searches/grid_patchtst_raw_autoLargest_L30_h10_thr10/checkpoints/trial_981_f88571a5f2.pt,results/grid_searches/grid_patchtst_raw_autoLargest_L30_h10_thr10,35.562723092734814,False,cuda:1,
trial_977_05527cd999,complete,raw,5,2,32,4,2,0.1,0.0003,1e-05,42,1.5402679977924387,2.2815754638866816,,,results/grid_searches/grid_patchtst_raw_autoLargest_L30_h10_thr10/checkpoints/trial_977_05527cd999.pt,results/grid_searches/grid_patchtst_raw_autoLargest_L30_h10_thr10/checkpoints/trial_977_05527cd999.pt,results/grid_searches/grid_patchtst_raw_autoLargest_L30_h10_thr10,119.1826381161809,False,cuda:2,
trial_982_72f7d00ff9,complete,raw,5,2,32,4,2,0.1,0.001,0.0,10,1.5792823283666675,2.2165192052346527,,,results/grid_searches/grid_patchtst_raw_autoLargest_L30_h10_thr10/checkpoints/trial_982_72f7d00ff9.pt,results/grid_searches/grid_patchtst_raw_autoLargest_L30_h10_thr10/checkpoints/trial_982_72f7d00ff9.pt,results/grid_searches/grid_patchtst_raw_autoLargest_L30_h10_thr10,53.73599775508046,False,cuda:0,
trial_983_601d34762c,complete,raw,5,2,32,4,2,0.1,0.001,1e-05,22,1.5315517772837908,2.280705059008042,,,results/grid_searches/grid_patchtst_raw_autoLargest_L30_h10_thr10/checkpoints/trial_983_601d34762c.pt,results/grid_searches/grid_patchtst_raw_autoLargest_L30_h10_thr10/checkpoints/trial_983_601d34762c.pt,results/grid_searches/grid_patchtst_raw_autoLargest_L30_h10_thr10,82.83478568121791,False,cuda:1,
trial_985_6572e777b1,complete,raw,5,2,32,4,3,0.0,0.0001,0.0,4,1.735564461566885,2.5079795163490313,,,results/grid_searches/grid_patchtst_raw_autoLargest_L30_h10_thr10/checkpoints/trial_985_6572e777b1.pt,results/grid_searches/grid_patchtst_raw_autoLargest_L30_h10_thr10/checkpoints/trial_985_6572e777b1.pt,results/grid_searches/grid_patchtst_raw_autoLargest_L30_h10_thr10,53.77416809275746,False,cuda:0,
trial_984_d7a650c53b,complete,raw,5,2,32,4,2,0.1,0.001,0.0001,22,1.6217588651793289,2.286798495590954,,,results/grid_searches/grid_patchtst_raw_autoLargest_L30_h10_thr10/checkpoints/trial_984_d7a650c53b.pt,results/grid_searches/grid_patchtst_raw_autoLargest_L30_h10_thr10/checkpoints/trial_984_d7a650c53b.pt,results/grid_searches/grid_patchtst_raw_autoLargest_L30_h10_thr10,74.55363960191607,False,cuda:2,
trial_986_76a81a1ceb,complete,raw,5,2,32,4,3,0.0,0.0001,1e-05,4,1.7343038503502648,2.506683595818841,,,results/grid_searches/grid_patchtst_raw_autoLargest_L30_h10_thr10/checkpoints/trial_986_76a81a1ceb.pt,results/grid_searches/grid_patchtst_raw_autoLargest_L30_h10_thr10/checkpoints/trial_986_76a81a1ceb.pt,results/grid_searches/grid_patchtst_raw_autoLargest_L30_h10_thr10,53.75975785404444,False,cuda:1,
trial_988_87b8bc98b6,complete,raw,5,2,32,4,3,0.0,0.0003,0.0,1,1.6231276790124565,2.472361691010974,,,results/grid_searches/grid_patchtst_raw_autoLargest_L30_h10_thr10/checkpoints/trial_988_87b8bc98b6.pt,results/grid_searches/grid_patchtst_raw_autoLargest_L30_h10_thr10/checkpoints/trial_988_87b8bc98b6.pt,results/grid_searches/grid_patchtst_raw_autoLargest_L30_h10_thr10,42.131943475455046,False,cuda:2,
trial_987_60ff640091,complete,raw,5,2,32,4,3,0.0,0.0001,0.0001,4,1.7543438075992126,2.531566223813875,,,results/grid_searches/grid_patchtst_raw_autoLargest_L30_h10_thr10/checkpoints/trial_987_60ff640091.pt,results/grid_searches/grid_patchtst_raw_autoLargest_L30_h10_thr10/checkpoints/trial_987_60ff640091.pt,results/grid_searches/grid_patchtst_raw_autoLargest_L30_h10_thr10,55.42649643495679,False,cuda:0,
trial_989_a897a41dda,complete,raw,5,2,32,4,3,0.0,0.0003,1e-05,2,1.698182859832916,2.3996453569976364,,,results/grid_searches/grid_patchtst_raw_autoLargest_L30_h10_thr10/checkpoints/trial_989_a897a41dda.pt,results/grid_searches/grid_patchtst_raw_autoLargest_L30_h10_thr10/checkpoints/trial_989_a897a41dda.pt,results/grid_searches/grid_patchtst_raw_autoLargest_L30_h10_thr10,47.98715279251337,False,cuda:1,
trial_991_09c7dedfcf,complete,raw,5,2,32,4,3,0.0,0.0005,0.0,10,1.4935728780840394,2.2650656501853756,,,results/grid_searches/grid_patchtst_raw_autoLargest_L30_h10_thr10/checkpoints/trial_991_09c7dedfcf.pt,results/grid_searches/grid_patchtst_raw_autoLargest_L30_h10_thr10/checkpoints/trial_991_09c7dedfcf.pt,results/grid_searches/grid_patchtst_raw_autoLargest_L30_h10_thr10,70.15950833633542,False,cuda:0,
trial_990_6d6f6d62bc,complete,raw,5,2,32,4,3,0.0,0.0003,0.0001,14,1.543805267426975,2.3887365452251945,,,results/grid_searches/grid_patchtst_raw_autoLargest_L30_h10_thr10/checkpoints/trial_990_6d6f6d62bc.pt,results/grid_searches/grid_patchtst_raw_autoLargest_L30_h10_thr10/checkpoints/trial_990_6d6f6d62bc.pt,results/grid_searches/grid_patchtst_raw_autoLargest_L30_h10_thr10,75.85497545078397,False,cuda:2,
trial_992_d1413770a1,complete,raw,5,2,32,4,3,0.0,0.0005,1e-05,10,1.4641473105370622,2.211519692829699,,,results/grid_searches/grid_patchtst_raw_autoLargest_L30_h10_thr10/checkpoints/trial_992_d1413770a1.pt,results/grid_searches/grid_patchtst_raw_autoLargest_L30_h10_thr10/checkpoints/trial_992_d1413770a1.pt,results/grid_searches/grid_patchtst_raw_autoLargest_L30_h10_thr10,72.21846045553684,False,cuda:1,
trial_993_bbf3513c80,complete,raw,5,2,32,4,3,0.0,0.0005,0.0001,10,1.4613024000361372,2.169023192749135,,,results/grid_searches/grid_patchtst_raw_autoLargest_L30_h10_thr10/checkpoints/trial_993_bbf3513c80.pt,results/grid_searches/grid_patchtst_raw_autoLargest_L30_h10_thr10/checkpoints/trial_993_bbf3513c80.pt,results/grid_searches/grid_patchtst_raw_autoLargest_L30_h10_thr10,68.69456719979644,False,cuda:0,
trial_994_6e1075a7a5,complete,raw,5,2,32,4,3,0.0,0.001,0.0,14,1.5110909150163585,2.205128001986948,,,results/grid_searches/grid_patchtst_raw_autoLargest_L30_h10_thr10/checkpoints/trial_994_6e1075a7a5.pt,results/grid_searches/grid_patchtst_raw_autoLargest_L30_h10_thr10/checkpoints/trial_994_6e1075a7a5.pt,results/grid_searches/grid_patchtst_raw_autoLargest_L30_h10_thr10,74.00701997801661,False,cuda:2,
trial_995_7ca74f4f8a,complete,raw,5,2,32,4,3,0.0,0.001,1e-05,10,1.4874291452284478,2.158064511555501,,,results/grid_searches/grid_patchtst_raw_autoLargest_L30_h10_thr10/checkpoints/trial_995_7ca74f4f8a.pt,results/grid_searches/grid_patchtst_raw_autoLargest_L30_h10_thr10/checkpoints/trial_995_7ca74f4f8a.pt,results/grid_searches/grid_patchtst_raw_autoLargest_L30_h10_thr10,69.14174614101648,False,cuda:1,
trial_997_3aface121d,complete,raw,5,2,32,4,3,0.1,0.0001,0.0,2,1.6944274268813337,2.5063035427294165,,,results/grid_searches/grid_patchtst_raw_autoLargest_L30_h10_thr10/checkpoints/trial_997_3aface121d.pt,results/grid_searches/grid_patchtst_raw_autoLargest_L30_h10_thr10/checkpoints/trial_997_3aface121d.pt,results/grid_searches/grid_patchtst_raw_autoLargest_L30_h10_thr10,48.01530261337757,False,cuda:2,
trial_998_189797c905,complete,raw,5,2,32,4,3,0.1,0.0001,1e-05,2,1.6944195564293976,2.506466747157972,,,results/grid_searches/grid_patchtst_raw_autoLargest_L30_h10_thr10/checkpoints/trial_998_189797c905.pt,results/grid_searches/grid_patchtst_raw_autoLargest_L30_h10_thr10/checkpoints/trial_998_189797c905.pt,results/grid_searches/grid_patchtst_raw_autoLargest_L30_h10_thr10,51.6541646681726,False,cuda:1,
trial_996_59db80d7d9,complete,raw,5,2,32,4,3,0.0,0.001,0.0001,14,1.5387026253880203,2.251276718420985,,,results/grid_searches/grid_patchtst_raw_autoLargest_L30_h10_thr10/checkpoints/trial_996_59db80d7d9.pt,results/grid_searches/grid_patchtst_raw_autoLargest_L30_h10_thr10/checkpoints/trial_996_59db80d7d9.pt,results/grid_searches/grid_patchtst_raw_autoLargest_L30_h10_thr10,81.13964186236262,False,cuda:0,
trial_999_62e15d2821,complete,raw,5,2,32,4,3,0.1,0.0001,0.0001,2,1.6945670915280668,2.508981842333759,,,results/grid_searches/grid_patchtst_raw_autoLargest_L30_h10_thr10/checkpoints/trial_999_62e15d2821.pt,results/grid_searches/grid_patchtst_raw_autoLargest_L30_h10_thr10/checkpoints/trial_999_62e15d2821.pt,results/grid_searches/grid_patchtst_raw_autoLargest_L30_h10_thr10,49.86084442213178,False,cuda:2,
trial_1000_edd23f26fa,complete,raw,5,2,32,4,3,0.1,0.0003,0.0,2,1.7478798601116183,2.4485288858379004,,,results/grid_searches/grid_patchtst_raw_autoLargest_L30_h10_thr10/checkpoints/trial_1000_edd23f26fa.pt,results/grid_searches/grid_patchtst_raw_autoLargest_L30_h10_thr10/checkpoints/trial_1000_edd23f26fa.pt,results/grid_searches/grid_patchtst_raw_autoLargest_L30_h10_thr10,49.29636659473181,False,cuda:1,
trial_1001_6fcc52d451,complete,raw,5,2,32,4,3,0.1,0.0003,1e-05,2,1.823004385188599,2.4933397773898824,,,results/grid_searches/grid_patchtst_raw_autoLargest_L30_h10_thr10/checkpoints/trial_1001_6fcc52d451.pt,results/grid_searches/grid_patchtst_raw_autoLargest_L30_h10_thr10/checkpoints/trial_1001_6fcc52d451.pt,results/grid_searches/grid_patchtst_raw_autoLargest_L30_h10_thr10,48.529001496732235,False,cuda:0,
trial_1002_1f903b872c,complete,raw,5,2,32,4,3,0.1,0.0003,0.0001,2,1.735352075885557,2.4526514410278044,,,results/grid_searches/grid_patchtst_raw_autoLargest_L30_h10_thr10/checkpoints/trial_1002_1f903b872c.pt,results/grid_searches/grid_patchtst_raw_autoLargest_L30_h10_thr10/checkpoints/trial_1002_1f903b872c.pt,results/grid_searches/grid_patchtst_raw_autoLargest_L30_h10_thr10,46.72230489179492,False,cuda:2,
trial_1003_ed8dd5dbec,complete,raw,5,2,32,4,3,0.1,0.0005,0.0,2,1.7238938933620347,2.3695187243337164,,,results/grid_searches/grid_patchtst_raw_autoLargest_L30_h10_thr10/checkpoints/trial_1003_ed8dd5dbec.pt,results/grid_searches/grid_patchtst_raw_autoLargest_L30_h10_thr10/checkpoints/trial_1003_ed8dd5dbec.pt,results/grid_searches/grid_patchtst_raw_autoLargest_L30_h10_thr10,48.21285520866513,False,cuda:1,
trial_1004_570a5c7838,complete,raw,5,2,32,4,3,0.1,0.0005,1e-05,10,1.5575925631924898,2.225770021118067,,,results/grid_searches/grid_patchtst_raw_autoLargest_L30_h10_thr10/checkpoints/trial_1004_570a5c7838.pt,results/grid_searches/grid_patchtst_raw_autoLargest_L30_h10_thr10/checkpoints/trial_1004_570a5c7838.pt,results/grid_searches/grid_patchtst_raw_autoLargest_L30_h10_thr10,69.99777881801128,False,cuda:0,
trial_1006_2fcd147ebf,complete,raw,5,2,32,4,3,0.1,0.001,0.0,17,1.5552612463026485,2.2451104932521857,,,results/grid_searches/grid_patchtst_raw_autoLargest_L30_h10_thr10/checkpoints/trial_1006_2fcd147ebf.pt,results/grid_searches/grid_patchtst_raw_autoLargest_L30_h10_thr10/checkpoints/trial_1006_2fcd147ebf.pt,results/grid_searches/grid_patchtst_raw_autoLargest_L30_h10_thr10,86.77583339065313,False,cuda:1,
trial_1005_2bc2dcbd72,complete,raw,5,2,32,4,3,0.1,0.0005,0.0001,28,1.5138626155832524,2.2278414843719303,,,results/grid_searches/grid_patchtst_raw_autoLargest_L30_h10_thr10/checkpoints/trial_1005_2bc2dcbd72.pt,results/grid_searches/grid_patchtst_raw_autoLargest_L30_h10_thr10/checkpoints/trial_1005_2bc2dcbd72.pt,results/grid_searches/grid_patchtst_raw_autoLargest_L30_h10_thr10,118.1609729938209,False,cuda:2,
trial_1007_b81e3d942e,complete,raw,5,2,32,4,3,0.1,0.001,1e-05,14,1.5543468160578344,2.2217762900573277,,,results/grid_searches/grid_patchtst_raw_autoLargest_L30_h10_thr10/checkpoints/trial_1007_b81e3d942e.pt,results/grid_searches/grid_patchtst_raw_autoLargest_L30_h10_thr10/checkpoints/trial_1007_b81e3d942e.pt,results/grid_searches/grid_patchtst_raw_autoLargest_L30_h10_thr10,78.33027924597263,False,cuda:0,
trial_1009_fb18245482,complete,raw,5,2,64,2,1,0.0,0.0001,0.0,5,1.519386721820205,2.2116507115985558,,,results/grid_searches/grid_patchtst_raw_autoLargest_L30_h10_thr10/checkpoints/trial_1009_fb18245482.pt,results/grid_searches/grid_patchtst_raw_autoLargest_L30_h10_thr10/checkpoints/trial_1009_fb18245482.pt,results/grid_searches/grid_patchtst_raw_autoLargest_L30_h10_thr10,24.5341634452343,False,cuda:2,
trial_1010_8b17f85709,complete,raw,5,2,64,2,1,0.0,0.0001,1e-05,13,1.4724430209747221,2.193763909803804,,,results/grid_searches/grid_patchtst_raw_autoLargest_L30_h10_thr10/checkpoints/trial_1010_8b17f85709.pt,results/grid_searches/grid_patchtst_raw_autoLargest_L30_h10_thr10/checkpoints/trial_1010_8b17f85709.pt,results/grid_searches/grid_patchtst_raw_autoLargest_L30_h10_thr10,35.99950614199042,False,cuda:0,
trial_1011_d8aac00273,complete,raw,5,2,64,2,1,0.0,0.0001,0.0001,5,1.5386450932533304,2.2256149596580843,,,results/grid_searches/grid_patchtst_raw_autoLargest_L30_h10_thr10/checkpoints/trial_1011_d8aac00273.pt,results/grid_searches/grid_patchtst_raw_autoLargest_L30_h10_thr10/checkpoints/trial_1011_d8aac00273.pt,results/grid_searches/grid_patchtst_raw_autoLargest_L30_h10_thr10,23.45016909018159,False,cuda:2,
trial_1012_09c188c6ea,complete,raw,5,2,64,2,1,0.0,0.0003,0.0,2,1.6560375118076425,2.3808520613945654,,,results/grid_searches/grid_patchtst_raw_autoLargest_L30_h10_thr10/checkpoints/trial_1012_09c188c6ea.pt,results/grid_searches/grid_patchtst_raw_autoLargest_L30_h10_thr10/checkpoints/trial_1012_09c188c6ea.pt,results/grid_searches/grid_patchtst_raw_autoLargest_L30_h10_thr10,22.528424952179193,False,cuda:0,
trial_1013_eb43f036b0,complete,raw,5,2,64,2,1,0.0,0.0003,1e-05,2,1.6137851822989273,2.346047909522662,,,results/grid_searches/grid_patchtst_raw_autoLargest_L30_h10_thr10/checkpoints/trial_1013_eb43f036b0.pt,results/grid_searches/grid_patchtst_raw_autoLargest_L30_h10_thr10/checkpoints/trial_1013_eb43f036b0.pt,results/grid_searches/grid_patchtst_raw_autoLargest_L30_h10_thr10,20.470560625195503,False,cuda:2,
trial_1014_8c8f3df1b3,complete,raw,5,2,64,2,1,0.0,0.0003,0.0001,2,1.5995447639092992,2.3666122148929545,,,results/grid_searches/grid_patchtst_raw_autoLargest_L30_h10_thr10/checkpoints/trial_1014_8c8f3df1b3.pt,results/grid_searches/grid_patchtst_raw_autoLargest_L30_h10_thr10/checkpoints/trial_1014_8c8f3df1b3.pt,results/grid_searches/grid_patchtst_raw_autoLargest_L30_h10_thr10,21.882877703756094,False,cuda:0,
trial_1015_389b0ae25d,complete,raw,5,2,64,2,1,0.0,0.0005,0.0,1,1.7774592927619344,2.5073733372532283,,,results/grid_searches/grid_patchtst_raw_autoLargest_L30_h10_thr10/checkpoints/trial_1015_389b0ae25d.pt,results/grid_searches/grid_patchtst_raw_autoLargest_L30_h10_thr10/checkpoints/trial_1015_389b0ae25d.pt,results/grid_searches/grid_patchtst_raw_autoLargest_L30_h10_thr10,18.102304946631193,False,cuda:2,
trial_1008_ab58c1b307,complete,raw,5,2,32,4,3,0.1,0.001,0.0001,28,1.5394876581062622,2.163343892832561,,,results/grid_searches/grid_patchtst_raw_autoLargest_L30_h10_thr10/checkpoints/trial_1008_ab58c1b307.pt,results/grid_searches/grid_patchtst_raw_autoLargest_L30_h10_thr10/checkpoints/trial_1008_ab58c1b307.pt,results/grid_searches/grid_patchtst_raw_autoLargest_L30_h10_thr10,120.09471487626433,False,cuda:1,
trial_1016_bffbc1f170,complete,raw,5,2,64,2,1,0.0,0.0005,1e-05,14,1.5955439365112896,2.280645377721808,,,results/grid_searches/grid_patchtst_raw_autoLargest_L30_h10_thr10/checkpoints/trial_1016_bffbc1f170.pt,results/grid_searches/grid_patchtst_raw_autoLargest_L30_h10_thr10/checkpoints/trial_1016_bffbc1f170.pt,results/grid_searches/grid_patchtst_raw_autoLargest_L30_h10_thr10,35.66939399763942,False,cuda:0,
trial_1018_e1a8bf0f19,complete,raw,5,2,64,2,1,0.0,0.001,0.0,6,1.6171658631980041,2.5299355960608847,,,results/grid_searches/grid_patchtst_raw_autoLargest_L30_h10_thr10/checkpoints/trial_1018_e1a8bf0f19.pt,results/grid_searches/grid_patchtst_raw_autoLargest_L30_h10_thr10/checkpoints/trial_1018_e1a8bf0f19.pt,results/grid_searches/grid_patchtst_raw_autoLargest_L30_h10_thr10,24.98889548704028,False,cuda:1,
trial_1017_17844e2e1c,complete,raw,5,2,64,2,1,0.0,0.0005,0.0001,27,1.5491438870403114,2.258572926475409,,,results/grid_searches/grid_patchtst_raw_autoLargest_L30_h10_thr10/checkpoints/trial_1017_17844e2e1c.pt,results/grid_searches/grid_patchtst_raw_autoLargest_L30_h10_thr10/checkpoints/trial_1017_17844e2e1c.pt,results/grid_searches/grid_patchtst_raw_autoLargest_L30_h10_thr10,48.56430181115866,False,cuda:2,
trial_1019_512caa2180,complete,raw,5,2,64,2,1,0.0,0.001,1e-05,13,1.6487063197411973,2.568529313394882,,,results/grid_searches/grid_patchtst_raw_autoLargest_L30_h10_thr10/checkpoints/trial_1019_512caa2180.pt,results/grid_searches/grid_patchtst_raw_autoLargest_L30_h10_thr10/checkpoints/trial_1019_512caa2180.pt,results/grid_searches/grid_patchtst_raw_autoLargest_L30_h10_thr10,33.8723272792995,False,cuda:0,
trial_1021_0f547cc869,complete,raw,5,2,64,2,1,0.1,0.0001,0.0,2,1.6181207880198578,2.254710506791048,,,results/grid_searches/grid_patchtst_raw_autoLargest_L30_h10_thr10/checkpoints/trial_1021_0f547cc869.pt,results/grid_searches/grid_patchtst_raw_autoLargest_L30_h10_thr10/checkpoints/trial_1021_0f547cc869.pt,results/grid_searches/grid_patchtst_raw_autoLargest_L30_h10_thr10,19.510050512850285,False,cuda:2,
trial_1023_5324804db5,complete,raw,5,2,64,2,1,0.1,0.0001,0.0001,2,1.6109250691353898,2.2514459865529477,,,results/grid_searches/grid_patchtst_raw_autoLargest_L30_h10_thr10/checkpoints/trial_1023_5324804db5.pt,results/grid_searches/grid_patchtst_raw_autoLargest_L30_h10_thr10/checkpoints/trial_1023_5324804db5.pt,results/grid_searches/grid_patchtst_raw_autoLargest_L30_h10_thr10,20.16200052946806,False,cuda:2,
trial_1022_8173add114,complete,raw,5,2,64,2,1,0.1,0.0001,1e-05,2,1.6042401598856042,2.246593976773349,,,results/grid_searches/grid_patchtst_raw_autoLargest_L30_h10_thr10/checkpoints/trial_1022_8173add114.pt,results/grid_searches/grid_patchtst_raw_autoLargest_L30_h10_thr10/checkpoints/trial_1022_8173add114.pt,results/grid_searches/grid_patchtst_raw_autoLargest_L30_h10_thr10,21.03788186982274,False,cuda:0,
trial_1024_438cc8c15e,complete,raw,5,2,64,2,1,0.1,0.0003,0.0,1,1.5949324220411856,2.3187513669432365,,,results/grid_searches/grid_patchtst_raw_autoLargest_L30_h10_thr10/checkpoints/trial_1024_438cc8c15e.pt,results/grid_searches/grid_patchtst_raw_autoLargest_L30_h10_thr10/checkpoints/trial_1024_438cc8c15e.pt,results/grid_searches/grid_patchtst_raw_autoLargest_L30_h10_thr10,18.535990048199892,False,cuda:2,
trial_1025_a4dd643a90,complete,raw,5,2,64,2,1,0.1,0.0003,1e-05,1,1.7060802768932397,2.5276988691312496,,,results/grid_searches/grid_patchtst_raw_autoLargest_L30_h10_thr10/checkpoints/trial_1025_a4dd643a90.pt,results/grid_searches/grid_patchtst_raw_autoLargest_L30_h10_thr10/checkpoints/trial_1025_a4dd643a90.pt,results/grid_searches/grid_patchtst_raw_autoLargest_L30_h10_thr10,20.968894217163324,False,cuda:0,
trial_1020_9ebb05c521,complete,raw,5,2,64,2,1,0.0,0.001,0.0001,45,1.5491192667629523,2.185518913559673,,,results/grid_searches/grid_patchtst_raw_autoLargest_L30_h10_thr10/checkpoints/trial_1020_9ebb05c521.pt,results/grid_searches/grid_patchtst_raw_autoLargest_L30_h10_thr10/checkpoints/trial_1020_9ebb05c521.pt,results/grid_searches/grid_patchtst_raw_autoLargest_L30_h10_thr10,74.48964196071029,False,cuda:1,
trial_1026_75fecfec07,complete,raw,5,2,64,2,1,0.1,0.0003,0.0001,43,1.5397161660060474,2.2675859305557178,,,results/grid_searches/grid_patchtst_raw_autoLargest_L30_h10_thr10/checkpoints/trial_1026_75fecfec07.pt,results/grid_searches/grid_patchtst_raw_autoLargest_L30_h10_thr10/checkpoints/trial_1026_75fecfec07.pt,results/grid_searches/grid_patchtst_raw_autoLargest_L30_h10_thr10,69.21064754575491,False,cuda:2,
trial_1028_c979d2a87b,complete,raw,5,2,64,2,1,0.1,0.0005,1e-05,29,1.6009598977703459,2.343361413825428,,,results/grid_searches/grid_patchtst_raw_autoLargest_L30_h10_thr10/checkpoints/trial_1028_c979d2a87b.pt,results/grid_searches/grid_patchtst_raw_autoLargest_L30_h10_thr10/checkpoints/trial_1028_c979d2a87b.pt,results/grid_searches/grid_patchtst_raw_autoLargest_L30_h10_thr10,57.056021980941296,False,cuda:1,
trial_1029_ffdbd91cc3,complete,raw,5,2,64,2,1,0.1,0.0005,0.0001,1,1.8021946964021536,2.695904579941256,,,results/grid_searches/grid_patchtst_raw_autoLargest_L30_h10_thr10/checkpoints/trial_1029_ffdbd91cc3.pt,results/grid_searches/grid_patchtst_raw_autoLargest_L30_h10_thr10/checkpoints/trial_1029_ffdbd91cc3.pt,results/grid_searches/grid_patchtst_raw_autoLargest_L30_h10_thr10,18.405226711183786,False,cuda:2,
trial_1027_9a644f32c3,complete,raw,5,2,64,2,1,0.1,0.0005,0.0,71,1.4919323135775666,2.188793021537867,,,results/grid_searches/grid_patchtst_raw_autoLargest_L30_h10_thr10/checkpoints/trial_1027_9a644f32c3.pt,results/grid_searches/grid_patchtst_raw_autoLargest_L30_h10_thr10/checkpoints/trial_1027_9a644f32c3.pt,results/grid_searches/grid_patchtst_raw_autoLargest_L30_h10_thr10,110.85682512819767,False,cuda:0,
trial_1031_d7129dcb90,complete,raw,5,2,64,2,1,0.1,0.001,1e-05,26,1.524753324198006,2.2547958921220417,,,results/grid_searches/grid_patchtst_raw_autoLargest_L30_h10_thr10/checkpoints/trial_1031_d7129dcb90.pt,results/grid_searches/grid_patchtst_raw_autoLargest_L30_h10_thr10/checkpoints/trial_1031_d7129dcb90.pt,results/grid_searches/grid_patchtst_raw_autoLargest_L30_h10_thr10,47.69119802862406,False,cuda:2,
trial_1032_535d251157,complete,raw,5,2,64,2,1,0.1,0.001,0.0001,5,1.8808605206022158,2.6281640397826203,,,results/grid_searches/grid_patchtst_raw_autoLargest_L30_h10_thr10/checkpoints/trial_1032_535d251157.pt,results/grid_searches/grid_patchtst_raw_autoLargest_L30_h10_thr10/checkpoints/trial_1032_535d251157.pt,results/grid_searches/grid_patchtst_raw_autoLargest_L30_h10_thr10,26.60053762421012,False,cuda:0,
trial_1030_a0c578081a,complete,raw,5,2,64,2,1,0.1,0.001,0.0,37,1.497022469765212,2.2222722207712087,,,results/grid_searches/grid_patchtst_raw_autoLargest_L30_h10_thr10/checkpoints/trial_1030_a0c578081a.pt,results/grid_searches/grid_patchtst_raw_autoLargest_L30_h10_thr10/checkpoints/trial_1030_a0c578081a.pt,results/grid_searches/grid_patchtst_raw_autoLargest_L30_h10_thr10,67.56482525542378,False,cuda:1,
trial_1033_ad609377f1,complete,raw,5,2,64,2,2,0.0,0.0001,0.0,2,1.5943739870049154,2.221347146624099,,,results/grid_searches/grid_patchtst_raw_autoLargest_L30_h10_thr10/checkpoints/trial_1033_ad609377f1.pt,results/grid_searches/grid_patchtst_raw_autoLargest_L30_h10_thr10/checkpoints/trial_1033_ad609377f1.pt,results/grid_searches/grid_patchtst_raw_autoLargest_L30_h10_thr10,29.477915056049824,False,cuda:2,
trial_1034_db5b3e3b13,complete,raw,5,2,64,2,2,0.0,0.0001,1e-05,2,1.5911621839873775,2.219281330988577,,,results/grid_searches/grid_patchtst_raw_autoLargest_L30_h10_thr10/checkpoints/trial_1034_db5b3e3b13.pt,results/grid_searches/grid_patchtst_raw_autoLargest_L30_h10_thr10/checkpoints/trial_1034_db5b3e3b13.pt,results/grid_searches/grid_patchtst_raw_autoLargest_L30_h10_thr10,32.01739838346839,False,cuda:0,
trial_1035_e041659e0e,complete,raw,5,2,64,2,2,0.0,0.0001,0.0001,2,1.6344360711350094,2.246792763646863,,,results/grid_searches/grid_patchtst_raw_autoLargest_L30_h10_thr10/checkpoints/trial_1035_e041659e0e.pt,results/grid_searches/grid_patchtst_raw_autoLargest_L30_h10_thr10/checkpoints/trial_1035_e041659e0e.pt,results/grid_searches/grid_patchtst_raw_autoLargest_L30_h10_thr10,33.490528248250484,False,cuda:1,
trial_1036_511cf27b41,complete,raw,5,2,64,2,2,0.0,0.0003,0.0,1,1.5724629147926086,2.3262094533215296,,,results/grid_searches/grid_patchtst_raw_autoLargest_L30_h10_thr10/checkpoints/trial_1036_511cf27b41.pt,results/grid_searches/grid_patchtst_raw_autoLargest_L30_h10_thr10/checkpoints/trial_1036_511cf27b41.pt,results/grid_searches/grid_patchtst_raw_autoLargest_L30_h10_thr10,26.88767073303461,False,cuda:2,
trial_1037_68ac879418,complete,raw,5,2,64,2,2,0.0,0.0003,1e-05,1,1.638667832372498,2.362150648628088,,,results/grid_searches/grid_patchtst_raw_autoLargest_L30_h10_thr10/checkpoints/trial_1037_68ac879418.pt,results/grid_searches/grid_patchtst_raw_autoLargest_L30_h10_thr10/checkpoints/trial_1037_68ac879418.pt,results/grid_searches/grid_patchtst_raw_autoLargest_L30_h10_thr10,30.64085478708148,False,cuda:0,
trial_1038_60d607b6a8,complete,raw,5,2,64,2,2,0.0,0.0003,0.0001,1,1.622835675946708,2.3879951174682312,,,results/grid_searches/grid_patchtst_raw_autoLargest_L30_h10_thr10/checkpoints/trial_1038_60d607b6a8.pt,results/grid_searches/grid_patchtst_raw_autoLargest_L30_h10_thr10/checkpoints/trial_1038_60d607b6a8.pt,results/grid_searches/grid_patchtst_raw_autoLargest_L30_h10_thr10,31.44754634797573,False,cuda:1,
trial_1039_e6d4e31d0d,complete,raw,5,2,64,2,2,0.0,0.0005,0.0,13,1.542264778105707,2.300888367151617,,,results/grid_searches/grid_patchtst_raw_autoLargest_L30_h10_thr10/checkpoints/trial_1039_e6d4e31d0d.pt,results/grid_searches/grid_patchtst_raw_autoLargest_L30_h10_thr10/checkpoints/trial_1039_e6d4e31d0d.pt,results/grid_searches/grid_patchtst_raw_autoLargest_L30_h10_thr10,47.21118714660406,False,cuda:2,
trial_1040_0232342ab3,complete,raw,5,2,64,2,2,0.0,0.0005,1e-05,5,1.5652017680234924,2.30533914706304,,,results/grid_searches/grid_patchtst_raw_autoLargest_L30_h10_thr10/checkpoints/trial_1040_0232342ab3.pt,results/grid_searches/grid_patchtst_raw_autoLargest_L30_h10_thr10/checkpoints/trial_1040_0232342ab3.pt,results/grid_searches/grid_patchtst_raw_autoLargest_L30_h10_thr10,37.9593901373446,False,cuda:0,
trial_1041_c64874fad3,complete,raw,5,2,64,2,2,0.0,0.0005,0.0001,9,1.5563281305464385,2.3202589544161234,,,results/grid_searches/grid_patchtst_raw_autoLargest_L30_h10_thr10/checkpoints/trial_1041_c64874fad3.pt,results/grid_searches/grid_patchtst_raw_autoLargest_L30_h10_thr10/checkpoints/trial_1041_c64874fad3.pt,results/grid_searches/grid_patchtst_raw_autoLargest_L30_h10_thr10,47.399358719587326,False,cuda:1,
trial_1042_9bd1ec81ad,complete,raw,5,2,64,2,2,0.0,0.001,0.0,5,1.5881731541483086,2.370392324773554,,,results/grid_searches/grid_patchtst_raw_autoLargest_L30_h10_thr10/checkpoints/trial_1042_9bd1ec81ad.pt,results/grid_searches/grid_patchtst_raw_autoLargest_L30_h10_thr10/checkpoints/trial_1042_9bd1ec81ad.pt,results/grid_searches/grid_patchtst_raw_autoLargest_L30_h10_thr10,35.85007118433714,False,cuda:2,
trial_1043_25e7bf5a98,complete,raw,5,2,64,2,2,0.0,0.001,1e-05,5,1.5597655937952708,2.304440032207864,,,results/grid_searches/grid_patchtst_raw_autoLargest_L30_h10_thr10/checkpoints/trial_1043_25e7bf5a98.pt,results/grid_searches/grid_patchtst_raw_autoLargest_L30_h10_thr10/checkpoints/trial_1043_25e7bf5a98.pt,results/grid_searches/grid_patchtst_raw_autoLargest_L30_h10_thr10,38.47116778790951,False,cuda:0,
trial_1045_2ac163e627,complete,raw,5,2,64,2,2,0.1,0.0001,0.0,2,1.6163888905668937,2.1562350910252834,,,results/grid_searches/grid_patchtst_raw_autoLargest_L30_h10_thr10/checkpoints/trial_1045_2ac163e627.pt,results/grid_searches/grid_patchtst_raw_autoLargest_L30_h10_thr10/checkpoints/trial_1045_2ac163e627.pt,results/grid_searches/grid_patchtst_raw_autoLargest_L30_h10_thr10,30.3025257922709,False,cuda:2,
trial_1046_18ea597eb0,complete,raw,5,2,64,2,2,0.1,0.0001,1e-05,2,1.6022486449165056,2.153266686684216,,,results/grid_searches/grid_patchtst_raw_autoLargest_L30_h10_thr10/checkpoints/trial_1046_18ea597eb0.pt,results/grid_searches/grid_patchtst_raw_autoLargest_L30_h10_thr10/checkpoints/trial_1046_18ea597eb0.pt,results/grid_searches/grid_patchtst_raw_autoLargest_L30_h10_thr10,35.41457745805383,False,cuda:0,
trial_1044_93a952597d,complete,raw,5,2,64,2,2,0.0,0.001,0.0001,23,1.5188713691996623,2.292472498412538,,,results/grid_searches/grid_patchtst_raw_autoLargest_L30_h10_thr10/checkpoints/trial_1044_93a952597d.pt,results/grid_searches/grid_patchtst_raw_autoLargest_L30_h10_thr10/checkpoints/trial_1044_93a952597d.pt,results/grid_searches/grid_patchtst_raw_autoLargest_L30_h10_thr10,75.88554174825549,False,cuda:1,
trial_1047_965ec7cfcc,complete,raw,5,2,64,2,2,0.1,0.0001,0.0001,2,1.6294194172766012,2.2161014577500504,,,results/grid_searches/grid_patchtst_raw_autoLargest_L30_h10_thr10/checkpoints/trial_1047_965ec7cfcc.pt,results/grid_searches/grid_patchtst_raw_autoLargest_L30_h10_thr10/checkpoints/trial_1047_965ec7cfcc.pt,results/grid_searches/grid_patchtst_raw_autoLargest_L30_h10_thr10,30.538189686834812,False,cuda:2,
trial_1048_ba238f8417,complete,raw,5,2,64,2,2,0.1,0.0003,0.0,1,1.7446909603372782,2.413836242503874,,,results/grid_searches/grid_patchtst_raw_autoLargest_L30_h10_thr10/checkpoints/trial_1048_ba238f8417.pt,results/grid_searches/grid_patchtst_raw_autoLargest_L30_h10_thr10/checkpoints/trial_1048_ba238f8417.pt,results/grid_searches/grid_patchtst_raw_autoLargest_L30_h10_thr10,33.00011037662625,False,cuda:0,
trial_1049_e9531bd446,complete,raw,5,2,64,2,2,0.1,0.0003,1e-05,1,1.5936711646078885,2.353670566855666,,,results/grid_searches/grid_patchtst_raw_autoLargest_L30_h10_thr10/checkpoints/trial_1049_e9531bd446.pt,results/grid_searches/grid_patchtst_raw_autoLargest_L30_h10_thr10/checkpoints/trial_1049_e9531bd446.pt,results/grid_searches/grid_patchtst_raw_autoLargest_L30_h10_thr10,32.17793391272426,False,cuda:1,
trial_1050_e5ff512da4,complete,raw,5,2,64,2,2,0.1,0.0003,0.0001,1,1.5777491286689345,2.393382830685129,,,results/grid_searches/grid_patchtst_raw_autoLargest_L30_h10_thr10/checkpoints/trial_1050_e5ff512da4.pt,results/grid_searches/grid_patchtst_raw_autoLargest_L30_h10_thr10/checkpoints/trial_1050_e5ff512da4.pt,results/grid_searches/grid_patchtst_raw_autoLargest_L30_h10_thr10,28.406689766794443,False,cuda:2,
trial_1053_aaf9d1f10b,complete,raw,5,2,64,2,2,0.1,0.0005,0.0001,5,1.537823186034832,2.327399806652489,,,results/grid_searches/grid_patchtst_raw_autoLargest_L30_h10_thr10/checkpoints/trial_1053_aaf9d1f10b.pt,results/grid_searches/grid_patchtst_raw_autoLargest_L30_h10_thr10/checkpoints/trial_1053_aaf9d1f10b.pt,results/grid_searches/grid_patchtst_raw_autoLargest_L30_h10_thr10,35.80431566014886,False,cuda:2,
trial_1052_e3c43b3f4d,complete,raw,5,2,64,2,2,0.1,0.0005,1e-05,14,1.502202682224444,2.2330405972062293,,,results/grid_searches/grid_patchtst_raw_autoLargest_L30_h10_thr10/checkpoints/trial_1052_e3c43b3f4d.pt,results/grid_searches/grid_patchtst_raw_autoLargest_L30_h10_thr10/checkpoints/trial_1052_e3c43b3f4d.pt,results/grid_searches/grid_patchtst_raw_autoLargest_L30_h10_thr10,59.98370694369078,False,cuda:1,
trial_1051_6aa9c2aa0a,complete,raw,5,2,64,2,2,0.1,0.0005,0.0,24,1.5533541569915377,2.198368247547432,,,results/grid_searches/grid_patchtst_raw_autoLargest_L30_h10_thr10/checkpoints/trial_1051_6aa9c2aa0a.pt,results/grid_searches/grid_patchtst_raw_autoLargest_L30_h10_thr10/checkpoints/trial_1051_6aa9c2aa0a.pt,results/grid_searches/grid_patchtst_raw_autoLargest_L30_h10_thr10,78.28458638116717,False,cuda:0,
trial_1056_b8562fedd0,complete,raw,5,2,64,2,2,0.1,0.001,0.0001,5,1.6285489771043575,2.4455097331822935,,,results/grid_searches/grid_patchtst_raw_autoLargest_L30_h10_thr10/checkpoints/trial_1056_b8562fedd0.pt,results/grid_searches/grid_patchtst_raw_autoLargest_L30_h10_thr10/checkpoints/trial_1056_b8562fedd0.pt,results/grid_searches/grid_patchtst_raw_autoLargest_L30_h10_thr10,41.05096134915948,False,cuda:0,
trial_1054_f7b08bf0ed,complete,raw,5,2,64,2,2,0.1,0.001,0.0,31,1.537999757883858,2.314584540356138,,,results/grid_searches/grid_patchtst_raw_autoLargest_L30_h10_thr10/checkpoints/trial_1054_f7b08bf0ed.pt,results/grid_searches/grid_patchtst_raw_autoLargest_L30_h10_thr10/checkpoints/trial_1054_f7b08bf0ed.pt,results/grid_searches/grid_patchtst_raw_autoLargest_L30_h10_thr10,86.39626763388515,False,cuda:2,
trial_1055_4e831a2782,complete,raw,5,2,64,2,2,0.1,0.001,1e-05,28,1.5464713942995176,2.3619136023981273,,,results/grid_searches/grid_patchtst_raw_autoLargest_L30_h10_thr10/checkpoints/trial_1055_4e831a2782.pt,results/grid_searches/grid_patchtst_raw_autoLargest_L30_h10_thr10/checkpoints/trial_1055_4e831a2782.pt,results/grid_searches/grid_patchtst_raw_autoLargest_L30_h10_thr10,88.33227288350463,False,cuda:1,
trial_1057_344c108383,complete,raw,5,2,64,2,3,0.0,0.0001,0.0,2,1.6945724673484321,2.271364859176142,,,results/grid_searches/grid_patchtst_raw_autoLargest_L30_h10_thr10/checkpoints/trial_1057_344c108383.pt,results/grid_searches/grid_patchtst_raw_autoLargest_L30_h10_thr10/checkpoints/trial_1057_344c108383.pt,results/grid_searches/grid_patchtst_raw_autoLargest_L30_h10_thr10,43.40966909006238,False,cuda:0,
trial_1058_5e3eaa1884,complete,raw,5,2,64,2,3,0.0,0.0001,1e-05,2,1.6915689287202644,2.2703654139188933,,,results/grid_searches/grid_patchtst_raw_autoLargest_L30_h10_thr10/checkpoints/trial_1058_5e3eaa1884.pt,results/grid_searches/grid_patchtst_raw_autoLargest_L30_h10_thr10/checkpoints/trial_1058_5e3eaa1884.pt,results/grid_searches/grid_patchtst_raw_autoLargest_L30_h10_thr10,40.53633080795407,False,cuda:2,
trial_1060_145f526ea3,complete,raw,5,2,64,2,3,0.0,0.0003,0.0,1,1.5660475429090894,2.3799656975067807,,,results/grid_searches/grid_patchtst_raw_autoLargest_L30_h10_thr10/checkpoints/trial_1060_145f526ea3.pt,results/grid_searches/grid_patchtst_raw_autoLargest_L30_h10_thr10/checkpoints/trial_1060_145f526ea3.pt,results/grid_searches/grid_patchtst_raw_autoLargest_L30_h10_thr10,40.40836190804839,False,cuda:0,
trial_1059_7eee1d1cb4,complete,raw,5,2,64,2,3,0.0,0.0001,0.0001,2,1.693694511754792,2.274792496158027,,,results/grid_searches/grid_patchtst_raw_autoLargest_L30_h10_thr10/checkpoints/trial_1059_7eee1d1cb4.pt,results/grid_searches/grid_patchtst_raw_autoLargest_L30_h10_thr10/checkpoints/trial_1059_7eee1d1cb4.pt,results/grid_searches/grid_patchtst_raw_autoLargest_L30_h10_thr10,44.58617175370455,False,cuda:1,
trial_1061_7357fb3f9a,complete,raw,5,2,64,2,3,0.0,0.0003,1e-05,1,1.6304194993355983,2.4232571529385356,,,results/grid_searches/grid_patchtst_raw_autoLargest_L30_h10_thr10/checkpoints/trial_1061_7357fb3f9a.pt,results/grid_searches/grid_patchtst_raw_autoLargest_L30_h10_thr10/checkpoints/trial_1061_7357fb3f9a.pt,results/grid_searches/grid_patchtst_raw_autoLargest_L30_h10_thr10,37.605869963765144,False,cuda:2,
